Tipe,Nama,Kuantitas/Panjang,Satuan,Latitude,Longitude
POP / Server OLT,Stasiun Surabaya Kota,1,pcs,-7.2430624121582685,112.7416259444075
ODC,ODC 01,1,pcs,-7.242034600349642,112.74237464267878
Join Closure,JOIN CLOSURE ODC 01,1,pcs,-7.242034600349642,112.74237464267878
ODP,01/01,1,pcs,-7.2419689,112.7434936
Kabel Distribusi,ODC 01 -> 01/01,148.37,m,,
Homepass (Titik Rumah),01/01-01,1,pcs,-7.241901598596158,112.74399241618401
Kabel Drop,01/01 -> 01/01-01,66.64,m,,
Homepass (Titik Rumah),01/01-02,1,pcs,-7.242388141408204,112.74405966838563
Kabel Drop,01/01 -> 01/01-02,93.51,m,,
Homepass (Titik Rumah),01/01-03,1,pcs,-7.24184190330425,112.74325512251569
Kabel Drop,01/01 -> 01/01-03,35.83,m,,
Homepass (Titik Rumah),01/01-04,1,pcs,-7.242088249999999,112.74325675
Kabel Drop,01/01 -> 01/01-04,35.16,m,,
Homepass (Titik Rumah),01/01-05,1,pcs,-7.24161679448679,112.74320077700392
Kabel Drop,01/01 -> 01/01-05,60.91,m,,
Homepass (Titik Rumah),01/01-06,1,pcs,-7.242866966917572,112.74394268360237
Kabel Drop,01/01 -> 01/01-06,133.77,m,,
Homepass (Titik Rumah),01/01-07,1,pcs,-7.242340074225243,112.74313040939963
Kabel Drop,01/01 -> 01/01-07,69.02,m,,
Homepass (Titik Rumah),01/01-08,1,pcs,-7.242859549999999,112.74379085000001
Kabel Drop,01/01 -> 01/01-08,125.19,m,,
ODP,01/02,1,pcs,-7.242604071250568,112.74310995631123
Kabel Distribusi,ODC 01 -> 01/02,123.48,m,,
Homepass (Titik Rumah),01/02-01,1,pcs,-7.24284835,112.74330085
Kabel Drop,01/02 -> 01/02-01,41.24,m,,
Homepass (Titik Rumah),01/02-02,1,pcs,-7.242852250000001,112.74314805
Kabel Drop,01/02 -> 01/02-02,33.5,m,,
Homepass (Titik Rumah),01/02-03,1,pcs,-7.242779025261564,112.74300413401149
Kabel Drop,01/02 -> 01/02-03,27.22,m,,
Homepass (Titik Rumah),01/02-04,1,pcs,-7.242858150000001,112.7426722
Kabel Drop,01/02 -> 01/02-04,67.13,m,,
Homepass (Titik Rumah),01/02-05,1,pcs,-7.242058274051142,112.74287479289553
Kabel Drop,01/02 -> 01/02-05,79.2,m,,
Homepass (Titik Rumah),01/02-06,1,pcs,-7.242766024532779,112.74232653640787
Kabel Drop,01/02 -> 01/02-06,105.93,m,,
Homepass (Titik Rumah),01/02-07,1,pcs,-7.241764754744628,112.74291516950143
Kabel Drop,01/02 -> 01/02-07,114.92,m,,
Homepass (Titik Rumah),01/02-08,1,pcs,-7.242880604632231,112.74449310794975
Kabel Drop,01/02 -> 01/02-08,186.77,m,,
ODP,01/03,1,pcs,-7.241994077812673,112.74142558365327
Kabel Distribusi,ODC 01 -> 01/03,125.74,m,,
Homepass (Titik Rumah),01/03-01,1,pcs,-7.242230611377973,112.7409034418202
Kabel Drop,01/03 -> 01/03-01,75.98,m,,
Homepass (Titik Rumah),01/03-02,1,pcs,-7.2422439,112.7408632
Kabel Drop,01/03 -> 01/03-02,81.57,m,,
Homepass (Titik Rumah),01/03-03,1,pcs,-7.2421719,112.740713
Kabel Drop,01/03 -> 01/03-03,97.26,m,,
Homepass (Titik Rumah),01/03-04,1,pcs,-7.242051750000001,112.7407629
Kabel Drop,01/03 -> 01/03-04,88.06,m,,
Homepass (Titik Rumah),01/03-05,1,pcs,-7.241653426053374,112.74051951187784
Kabel Drop,01/03 -> 01/03-05,128.26,m,,
Homepass (Titik Rumah),01/03-06,1,pcs,-7.241568923141697,112.74052954697119
Kabel Drop,01/03 -> 01/03-06,131.48,m,,
Homepass (Titik Rumah),01/03-07,1,pcs,-7.241815495614888,112.7417642453913
Kabel Drop,01/03 -> 01/03-07,50.77,m,,
Homepass (Titik Rumah),01/03-08,1,pcs,-7.242155950000001,112.7419789
Kabel Drop,01/03 -> 01/03-08,76.36,m,,
ODP,01/04,1,pcs,-7.242029639933727,112.74142494345388
Kabel Distribusi,ODC 01 -> 01/04,125.71,m,,
Homepass (Titik Rumah),01/04-01,1,pcs,-7.241818050000003,112.74128610000002
Kabel Drop,01/04 -> 01/04-01,33.69,m,,
Homepass (Titik Rumah),01/04-02,1,pcs,-7.241902700000002,112.74129160000003
Kabel Drop,01/04 -> 01/04-02,24.46,m,,
Homepass (Titik Rumah),01/04-03,1,pcs,-7.24194395,112.7412839
Kabel Drop,01/04 -> 01/04-03,21.89,m,,
Homepass (Titik Rumah),01/04-04,1,pcs,-7.242060203950736,112.74113913636933
Kabel Drop,01/04 -> 01/04-04,38.05,m,,
Homepass (Titik Rumah),01/04-05,1,pcs,-7.2421218804978436,112.74129972512189
Kabel Drop,01/04 -> 01/04-05,20.65,m,,
Homepass (Titik Rumah),01/04-06,1,pcs,-7.242123049999999,112.74124715
Kabel Drop,01/04 -> 01/04-06,26.63,m,,
Homepass (Titik Rumah),01/04-07,1,pcs,-7.242133875358176,112.74110346517966
Kabel Drop,01/04 -> 01/04-07,44.77,m,,
Homepass (Titik Rumah),01/04-08,1,pcs,-7.2421015146718295,112.74097675180155
Kabel Drop,01/04 -> 01/04-08,60.1,m,,
ODC,ODC 02,1,pcs,-7.241223407620493,112.74143945747684
Join Closure,JOIN CLOSURE ODC 02,1,pcs,-7.241223407620493,112.74143945747684
ODP,02/01,1,pcs,-7.240967613262,112.74148079751852
Kabel Distribusi,ODC 02 -> 02/01,34.57,m,,
Homepass (Titik Rumah),02/01-01,1,pcs,-7.2408827826671,112.74163379408378
Kabel Drop,02/01 -> 02/01-01,23.2,m,,
Homepass (Titik Rumah),02/01-02,1,pcs,-7.2409992,112.74160825
Kabel Drop,02/01 -> 02/01-02,17.39,m,,
Homepass (Titik Rumah),02/01-03,1,pcs,-7.241092650000001,112.7415928
Kabel Drop,02/01 -> 02/01-03,22.32,m,,
Homepass (Titik Rumah),02/01-04,1,pcs,-7.24118085,112.74158595
Kabel Drop,02/01 -> 02/01-04,31.68,m,,
Homepass (Titik Rumah),02/01-05,1,pcs,-7.241042300000001,112.74193614999999
Kabel Drop,02/01 -> 02/01-05,61.09,m,,
Homepass (Titik Rumah),02/01-06,1,pcs,-7.240899428586961,112.74127286711109
Kabel Drop,02/01 -> 02/01-06,28.99,m,,
Homepass (Titik Rumah),02/01-07,1,pcs,-7.240621100000001,112.74137660000001
Kabel Drop,02/01 -> 02/01-07,48.25,m,,
Homepass (Titik Rumah),02/01-08,1,pcs,-7.241045780428972,112.74126077652349
Kabel Drop,02/01 -> 02/01-08,30.94,m,,
ODP,02/02,1,pcs,-7.241086123388131,112.74147426786688
Kabel Distribusi,ODC 02 -> 02/02,18.89,m,,
Homepass (Titik Rumah),02/02-01,1,pcs,-7.241378299999999,112.74171760000003
Kabel Drop,02/02 -> 02/02-01,50.57,m,,
Homepass (Titik Rumah),02/02-02,1,pcs,-7.241379624917144,112.7420538334964
Kabel Drop,02/02 -> 02/02-02,86.13,m,,
Homepass (Titik Rumah),02/02-03,1,pcs,-7.241366078894001,112.74216864549575
Kabel Drop,02/02 -> 02/02-03,99.22,m,,
Homepass (Titik Rumah),02/02-04,1,pcs,-7.241218999999998,112.74222715
Kabel Drop,02/02 -> 02/02-04,101.22,m,,
Homepass (Titik Rumah),02/02-05,1,pcs,-7.241803211684355,112.74211786995222
Kabel Drop,02/02 -> 02/02-05,128.11,m,,
Homepass (Titik Rumah),02/02-06,1,pcs,-7.240747443492928,112.74116157076902
Kabel Drop,02/02 -> 02/02-06,61.28,m,,
Homepass (Titik Rumah),02/02-07,1,pcs,-7.240421199999999,112.74129459999999
Kabel Drop,02/02 -> 02/02-07,91.86,m,,
Homepass (Titik Rumah),02/02-08,1,pcs,-7.240490329462424,112.74116187334744
Kabel Drop,02/02 -> 02/02-08,89.61,m,,
ODP,02/03,1,pcs,-7.241290041311053,112.74143825791823
Kabel Distribusi,ODC 02 -> 02/03,8.89,m,,
Homepass (Titik Rumah),02/03-01,1,pcs,-7.241185550000001,112.74133915
Kabel Drop,02/03 -> 02/03-01,19.14,m,,
Homepass (Titik Rumah),02/03-02,1,pcs,-7.241326799999999,112.74130920000002
Kabel Drop,02/03 -> 02/03-02,17.77,m,,
Homepass (Titik Rumah),02/03-03,1,pcs,-7.241221451438728,112.74116147005489
Kabel Drop,02/03 -> 02/03-03,37.76,m,,
Homepass (Titik Rumah),02/03-04,1,pcs,-7.2413378,112.74122320000001
Kabel Drop,02/03 -> 02/03-04,29.17,m,,
Homepass (Titik Rumah),02/03-05,1,pcs,-7.2411702,112.74110555
Kabel Drop,02/03 -> 02/03-05,46.85,m,,
Homepass (Titik Rumah),02/03-06,1,pcs,-7.241402903968594,112.74124602417977
Kabel Drop,02/03 -> 02/03-06,29.57,m,,
Homepass (Titik Rumah),02/03-07,1,pcs,-7.241368777550966,112.74114475201736
Kabel Drop,02/03 -> 02/03-07,40.25,m,,
Homepass (Titik Rumah),02/03-08,1,pcs,-7.241271199999996,112.74099654999999
Kabel Drop,02/03 -> 02/03-08,58.52,m,,
ODP,02/04,1,pcs,-7.241546113984497,112.74115683649285
Kabel Distribusi,ODC 02 -> 02/04,57.04,m,,
Homepass (Titik Rumah),02/04-01,1,pcs,-7.241780950000001,112.74108710000002
Kabel Drop,02/04 -> 02/04-01,32.67,m,,
Homepass (Titik Rumah),02/04-02,1,pcs,-7.241874397796894,112.74112797420077
Kabel Drop,02/04 -> 02/04-02,43.97,m,,
Homepass (Titik Rumah),02/04-03,1,pcs,-7.241662079448951,112.74110469658348
Kabel Drop,02/04 -> 02/04-03,16.94,m,,
Homepass (Titik Rumah),02/04-04,1,pcs,-7.241916325887893,112.74110681507952
Kabel Drop,02/04 -> 02/04-04,49.84,m,,
Homepass (Titik Rumah),02/04-05,1,pcs,-7.241809225512682,112.74123659597645
Kabel Drop,02/04 -> 02/04-05,36.66,m,,
Homepass (Titik Rumah),02/04-06,1,pcs,-7.2416677000000025,112.74121835000001
Kabel Drop,02/04 -> 02/04-06,18.15,m,,
Homepass (Titik Rumah),02/04-07,1,pcs,-7.241604999999999,112.7411031
Kabel Drop,02/04 -> 02/04-07,10.6,m,,
Homepass (Titik Rumah),02/04-08,1,pcs,-7.241962674277912,112.74112627750353
Kabel Drop,02/04 -> 02/04-08,55.73,m,,
ODC,ODC 03,1,pcs,-7.239811530001867,112.7408472162163
Join Closure,JOIN CLOSURE ODC 03,1,pcs,-7.239811530001867,112.7408472162163
ODP,03/01,1,pcs,-7.239816925435358,112.74116411440366
Kabel Distribusi,ODC 03 -> 03/01,41.95,m,,
Homepass (Titik Rumah),03/01-01,1,pcs,-7.240347600547608,112.74130431806637
Kabel Drop,03/01 -> 03/01-01,73.2,m,,
Homepass (Titik Rumah),03/01-02,1,pcs,-7.240147399999999,112.74146660000001
Kabel Drop,03/01 -> 03/01-02,59.56,m,,
Homepass (Titik Rumah),03/01-03,1,pcs,-7.240337121640023,112.74097148359688
Kabel Drop,03/01 -> 03/01-03,73.95,m,,
Homepass (Titik Rumah),03/01-04,1,pcs,-7.240196249999999,112.74099690000001
Kabel Drop,03/01 -> 03/01-04,55.24,m,,
Homepass (Titik Rumah),03/01-05,1,pcs,-7.240130099999998,112.74101415000001
Kabel Drop,03/01 -> 03/01-05,46.26,m,,
Homepass (Titik Rumah),03/01-06,1,pcs,-7.2400402999999995,112.74103209999998
Kabel Drop,03/01 -> 03/01-06,34.55,m,,
Homepass (Titik Rumah),03/01-07,1,pcs,-7.2399748,112.74111915
Kabel Drop,03/01 -> 03/01-07,21.89,m,,
Homepass (Titik Rumah),03/01-08,1,pcs,-7.2399352,112.74136439999998
Kabel Drop,03/01 -> 03/01-08,30.85,m,,
ODP,03/02,1,pcs,-7.239478835883685,112.74080284090408
Kabel Distribusi,ODC 03 -> 03/02,44.78,m,,
Homepass (Titik Rumah),03/02-01,1,pcs,-7.2396306,112.74089959999999
Kabel Drop,03/02 -> 03/02-01,23.96,m,,
Homepass (Titik Rumah),03/02-02,1,pcs,-7.239544546209401,112.74091492848343
Kabel Drop,03/02 -> 03/02-02,17.23,m,,
Homepass (Titik Rumah),03/02-03,1,pcs,-7.239445146104484,112.74095062768463
Kabel Drop,03/02 -> 03/02-03,20.07,m,,
Homepass (Titik Rumah),03/02-04,1,pcs,-7.239666649999998,112.74111270000002
Kabel Drop,03/02 -> 03/02-04,48.07,m,,
Homepass (Titik Rumah),03/02-05,1,pcs,-7.2395595544186,112.74067602337166
Kabel Drop,03/02 -> 03/02-05,19.95,m,,
Homepass (Titik Rumah),03/02-06,1,pcs,-7.239378579974289,112.7410425356239
Kabel Drop,03/02 -> 03/02-06,34.43,m,,
Homepass (Titik Rumah),03/02-07,1,pcs,-7.239432020234688,112.74062694916603
Kabel Drop,03/02 -> 03/02-07,24.11,m,,
Homepass (Titik Rumah),03/02-08,1,pcs,-7.239306749004482,112.74105458047579
Kabel Drop,03/02 -> 03/02-08,40.47,m,,
ODP,03/03,1,pcs,-7.240094970010984,112.74071417113333
Kabel Distribusi,ODC 03 -> 03/03,41.72,m,,
Homepass (Titik Rumah),03/03-01,1,pcs,-7.240107500000001,112.7408953
Kabel Drop,03/03 -> 03/03-01,24.03,m,,
Homepass (Titik Rumah),03/03-02,1,pcs,-7.240182642283026,112.74086647778252
Kabel Drop,03/03 -> 03/03-02,23.31,m,,
Homepass (Titik Rumah),03/03-03,1,pcs,-7.240008044339414,112.74084802789226
Kabel Drop,03/03 -> 03/03-03,21.18,m,,
Homepass (Titik Rumah),03/03-04,1,pcs,-7.240172650000001,112.74079960000002
Kabel Drop,03/03 -> 03/03-04,15.34,m,,
Homepass (Titik Rumah),03/03-05,1,pcs,-7.239934350000001,112.74088264999999
Kabel Drop,03/03 -> 03/03-05,30.93,m,,
Homepass (Titik Rumah),03/03-06,1,pcs,-7.240320699999999,112.74081249999999
Kabel Drop,03/03 -> 03/03-06,32.81,m,,
Homepass (Titik Rumah),03/03-07,1,pcs,-7.2397659582734075,112.74086397209378
Kabel Drop,03/03 -> 03/03-07,48.17,m,,
Homepass (Titik Rumah),03/03-08,1,pcs,-7.2404561,112.74086475000001
Kabel Drop,03/03 -> 03/03-08,52.15,m,,
ODP,03/04,1,pcs,-7.240118394184642,112.74070326055458
Kabel Distribusi,ODC 03 -> 03/04,45.16,m,,
Homepass (Titik Rumah),03/04-01,1,pcs,-7.2407394499999995,112.74079735
Kabel Drop,03/04 -> 03/04-01,83.8,m,,
Homepass (Titik Rumah),03/04-02,1,pcs,-7.240636152015643,112.7409562202022
Kabel Drop,03/04 -> 03/04-02,76.77,m,,
Homepass (Titik Rumah),03/04-03,1,pcs,-7.240551838909864,112.74084647435377
Kabel Drop,03/04 -> 03/04-03,60.86,m,,
Homepass (Titik Rumah),03/04-04,1,pcs,-7.240085515252107,112.74037696742967
Kabel Drop,03/04 -> 03/04-04,43.41,m,,
Homepass (Titik Rumah),03/04-05,1,pcs,-7.239817808376814,112.74063962358753
Kabel Drop,03/04 -> 03/04-05,40.98,m,,
Homepass (Titik Rumah),03/04-06,1,pcs,-7.239699573508161,112.74066899454978
Kabel Drop,03/04 -> 03/04-06,56.07,m,,
Homepass (Titik Rumah),03/04-07,1,pcs,-7.239690320485238,112.74087942766236
Kabel Drop,03/04 -> 03/04-07,61.7,m,,
Homepass (Titik Rumah),03/04-08,1,pcs,-7.239727280625655,112.74046607281396
Kabel Drop,03/04 -> 03/04-08,60.9,m,,
ODC,ODC 04,1,pcs,-7.239093887301012,112.74002739638229
Join Closure,JOIN CLOSURE ODC 04,1,pcs,-7.239093887301012,112.74002739638229
ODP,04/01,1,pcs,-7.239796025591109,112.73993657211817
Kabel Distribusi,ODC 04 -> 04/01,94.46,m,,
Homepass (Titik Rumah),04/01-01,1,pcs,-7.239721527064116,112.73963727743966
Kabel Drop,04/01 -> 04/01-01,40.85,m,,
Homepass (Titik Rumah),04/01-02,1,pcs,-7.239555485110319,112.73977482491028
Kabel Drop,04/01 -> 04/01-02,38.58,m,,
Homepass (Titik Rumah),04/01-03,1,pcs,-7.239590693272866,112.73992797552943
Kabel Drop,04/01 -> 04/01-03,27.42,m,,
Homepass (Titik Rumah),04/01-04,1,pcs,-7.2394232999999995,112.73983110000002
Kabel Drop,04/01 -> 04/01-04,51.66,m,,
Homepass (Titik Rumah),04/01-05,1,pcs,-7.239827821409017,112.73999877409378
Kabel Drop,04/01 -> 04/01-05,9.26,m,,
Homepass (Titik Rumah),04/01-06,1,pcs,-7.239765872645705,112.74007707472097
Kabel Drop,04/01 -> 04/01-06,19.03,m,,
Homepass (Titik Rumah),04/01-07,1,pcs,-7.239586999999999,112.74008595000001
Kabel Drop,04/01 -> 04/01-07,34.19,m,,
Homepass (Titik Rumah),04/01-08,1,pcs,-7.239526579823045,112.7401829242767
Kabel Drop,04/01 -> 04/01-08,48.54,m,,
ODP,04/02,1,pcs,-7.239108558550528,112.74018676125291
Kabel Distribusi,ODC 04 -> 04/02,21.19,m,,
Homepass (Titik Rumah),04/02-01,1,pcs,-7.238670467848793,112.74015854968594
Kabel Drop,04/02 -> 04/02-01,58.58,m,,
Homepass (Titik Rumah),04/02-02,1,pcs,-7.238880700000004,112.74023274999999
Kabel Drop,04/02 -> 04/02-02,31.01,m,,
Homepass (Titik Rumah),04/02-03,1,pcs,-7.238592000000001,112.74036960000001
Kabel Drop,04/02 -> 04/02-03,73.05,m,,
Homepass (Titik Rumah),04/02-04,1,pcs,-7.238900961530254,112.74030972932215
Kabel Drop,04/02 -> 04/02-04,32.13,m,,
Homepass (Titik Rumah),04/02-05,1,pcs,-7.23896215,112.74012855000002
Kabel Drop,04/02 -> 04/02-05,21.0,m,,
Homepass (Titik Rumah),04/02-06,1,pcs,-7.238947500000002,112.74041755000002
Kabel Drop,04/02 -> 04/02-06,37.35,m,,
Homepass (Titik Rumah),04/02-07,1,pcs,-7.2382692,112.74013359999998
Kabel Drop,04/02 -> 04/02-07,112.22,m,,
Homepass (Titik Rumah),04/02-08,1,pcs,-7.238281840555034,112.74005342101628
Kabel Drop,04/02 -> 04/02-08,111.72,m,,
ODP,04/03,1,pcs,-7.23911720759991,112.740280710622
Kabel Distribusi,ODC 04 -> 04/03,33.68,m,,
Homepass (Titik Rumah),04/03-01,1,pcs,-7.23976277554821,112.74026392394799
Kabel Drop,04/03 -> 04/03-01,86.17,m,,
Homepass (Titik Rumah),04/03-02,1,pcs,-7.239539250000002,112.7405084
Kabel Drop,04/03 -> 04/03-02,63.87,m,,
Homepass (Titik Rumah),04/03-03,1,pcs,-7.23926935,112.74033975000002
Kabel Drop,04/03 -> 04/03-03,21.75,m,,
Homepass (Titik Rumah),04/03-04,1,pcs,-7.239260673404679,112.74025749742248
Kabel Drop,04/03 -> 04/03-04,19.39,m,,
Homepass (Titik Rumah),04/03-05,1,pcs,-7.239236978031335,112.74008245180161
Kabel Drop,04/03 -> 04/03-05,30.73,m,,
Homepass (Titik Rumah),04/03-06,1,pcs,-7.239230800000003,112.74045225000002
Kabel Drop,04/03 -> 04/03-06,27.3,m,,
Homepass (Titik Rumah),04/03-07,1,pcs,-7.239231571225874,112.74002679870158
Kabel Drop,04/03 -> 04/03-07,36.91,m,,
Homepass (Titik Rumah),04/03-08,1,pcs,-7.239178027049632,112.7401515031372
Kabel Drop,04/03 -> 04/03-08,18.93,m,,
ODP,04/04,1,pcs,-7.239058286094306,112.7396406821018
Kabel Distribusi,ODC 04 -> 04/04,51.41,m,,
Homepass (Titik Rumah),04/04-01,1,pcs,-7.238873699999999,112.73947340000001
Kabel Drop,04/04 -> 04/04-01,33.12,m,,
Homepass (Titik Rumah),04/04-02,1,pcs,-7.238866399999999,112.73967055
Kabel Drop,04/04 -> 04/04-02,25.91,m,,
Homepass (Titik Rumah),04/04-03,1,pcs,-7.238655492421886,112.7394915269063
Kabel Drop,04/04 -> 04/04-03,57.26,m,,
Homepass (Titik Rumah),04/04-04,1,pcs,-7.238736,112.7398643
Kabel Drop,04/04 -> 04/04-04,52.21,m,,
Homepass (Titik Rumah),04/04-05,1,pcs,-7.2384666,112.73926890000001
Kabel Drop,04/04 -> 04/04-05,93.03,m,,
Homepass (Titik Rumah),04/04-06,1,pcs,-7.2383773755949194,112.73962359441684
Kabel Drop,04/04 -> 04/04-06,90.88,m,,
Homepass (Titik Rumah),04/04-07,1,pcs,-7.238738050000001,112.74002880000002
Kabel Drop,04/04 -> 04/04-07,66.82,m,,
Homepass (Titik Rumah),04/04-08,1,pcs,-7.239227550000001,112.73993685
Kabel Drop,04/04 -> 04/04-08,45.24,m,,
ODC,ODC 05,1,pcs,-7.240496709072994,112.73949180323255
Join Closure,JOIN CLOSURE ODC 05,1,pcs,-7.240496709072994,112.73949180323255
ODP,05/01,1,pcs,-7.240429842952853,112.7397890772479
Kabel Distribusi,ODC 05 -> 05/01,40.35,m,,
Homepass (Titik Rumah),05/01-01,1,pcs,-7.240228199999999,112.73991085
Kabel Drop,05/01 -> 05/01-01,31.36,m,,
Homepass (Titik Rumah),05/01-02,1,pcs,-7.2403477999999994,112.73961990000002
Kabel Drop,05/01 -> 05/01-02,24.93,m,,
Homepass (Titik Rumah),05/01-03,1,pcs,-7.240153899999999,112.73959275
Kabel Drop,05/01 -> 05/01-03,45.07,m,,
Homepass (Titik Rumah),05/01-04,1,pcs,-7.24055459517266,112.73997517123392
Kabel Drop,05/01 -> 05/01-04,29.73,m,,
Homepass (Titik Rumah),05/01-05,1,pcs,-7.240568750000001,112.73989785
Kabel Drop,05/01 -> 05/01-05,23.47,m,,
Homepass (Titik Rumah),05/01-06,1,pcs,-7.239905326682127,112.73978354453772
Kabel Drop,05/01 -> 05/01-06,69.99,m,,
Homepass (Titik Rumah),05/01-07,1,pcs,-7.240583750000001,112.73982035000002
Kabel Drop,05/01 -> 05/01-07,20.95,m,,
Homepass (Titik Rumah),05/01-08,1,pcs,-7.24036276416452,112.73954717992589
Kabel Drop,05/01 -> 05/01-08,33.25,m,,
ODP,05/02,1,pcs,-7.240085974036352,112.73942051315196
Kabel Distribusi,ODC 05 -> 05/02,55.61,m,,
Homepass (Titik Rumah),05/02-01,1,pcs,-7.2402134,112.73951165
Kabel Drop,05/02 -> 05/02-01,20.85,m,,
Homepass (Titik Rumah),05/02-02,1,pcs,-7.240300066482738,112.73944858448984
Kabel Drop,05/02 -> 05/02-02,28.81,m,,
Homepass (Titik Rumah),05/02-03,1,pcs,-7.240319198567062,112.73935438394108
Kabel Drop,05/02 -> 05/02-03,32.33,m,,
Homepass (Titik Rumah),05/02-04,1,pcs,-7.240341800000005,112.7392719
Kabel Drop,05/02 -> 05/02-04,39.4,m,,
Homepass (Titik Rumah),05/02-05,1,pcs,-7.239905009700005,112.73957597657697
Kabel Drop,05/02 -> 05/02-05,31.73,m,,
Homepass (Titik Rumah),05/02-06,1,pcs,-7.24034595,112.73918800000001
Kabel Drop,05/02 -> 05/02-06,46.37,m,,
Homepass (Titik Rumah),05/02-07,1,pcs,-7.239896699999999,112.73968765000001
Kabel Drop,05/02 -> 05/02-07,43.45,m,,
Homepass (Titik Rumah),05/02-08,1,pcs,-7.240622341359443,112.73947942180307
Kabel Drop,05/02 -> 05/02-08,71.99,m,,
ODP,05/03,1,pcs,-7.240970480408346,112.73957846080502
Kabel Distribusi,ODC 05 -> 05/03,64.25,m,,
Homepass (Titik Rumah),05/03-01,1,pcs,-7.240807628397466,112.73951123847024
Kabel Drop,05/03 -> 05/03-01,23.48,m,,
Homepass (Titik Rumah),05/03-02,1,pcs,-7.2407141500000005,112.73961355
Kabel Drop,05/03 -> 05/03-02,34.52,m,,
Homepass (Titik Rumah),05/03-03,1,pcs,-7.240711601276678,112.73972087775135
Kabel Drop,05/03 -> 05/03-03,39.35,m,,
Homepass (Titik Rumah),05/03-04,1,pcs,-7.2409513,112.7393215
Kabel Drop,05/03 -> 05/03-04,34.11,m,,
Homepass (Titik Rumah),05/03-05,1,pcs,-7.240943578258795,112.73979964229963
Kabel Drop,05/03 -> 05/03-05,29.5,m,,
Homepass (Titik Rumah),05/03-06,1,pcs,-7.241133128217428,112.73938754128812
Kabel Drop,05/03 -> 05/03-06,33.31,m,,
Homepass (Titik Rumah),05/03-07,1,pcs,-7.240777328623868,112.73988379575255
Kabel Drop,05/03 -> 05/03-07,47.94,m,,
Homepass (Titik Rumah),05/03-08,1,pcs,-7.241172100000001,112.73927225
Kabel Drop,05/03 -> 05/03-08,48.65,m,,
ODP,05/04,1,pcs,-7.24059238375323,112.73919982047464
Kabel Distribusi,ODC 05 -> 05/04,40.7,m,,
Homepass (Titik Rumah),05/04-01,1,pcs,-7.24037425,112.73910645000001
Kabel Drop,05/04 -> 05/04-01,31.62,m,,
Homepass (Titik Rumah),05/04-02,1,pcs,-7.240331550000001,112.73895560000001
Kabel Drop,05/04 -> 05/04-02,47.5,m,,
Homepass (Titik Rumah),05/04-03,1,pcs,-7.24065885,112.7393034
Kabel Drop,05/04 -> 05/04-03,16.33,m,,
Homepass (Titik Rumah),05/04-04,1,pcs,-7.240060372256365,112.73894787186806
Kabel Drop,05/04 -> 05/04-04,78.43,m,,
Homepass (Titik Rumah),05/04-05,1,pcs,-7.240771267823757,112.7392900386142
Kabel Drop,05/04 -> 05/04-05,26.69,m,,
Homepass (Titik Rumah),05/04-06,1,pcs,-7.2399814000000005,112.73885474999997
Kabel Drop,05/04 -> 05/04-06,93.45,m,,
Homepass (Titik Rumah),05/04-07,1,pcs,-7.2408571,112.73931615
Kabel Drop,05/04 -> 05/04-07,38.53,m,,
Homepass (Titik Rumah),05/04-08,1,pcs,-7.240738418011973,112.73949504134373
Kabel Drop,05/04 -> 05/04-08,43.67,m,,
ODC,ODC 06,1,pcs,-7.2407363,112.7400537
Join Closure,JOIN CLOSURE ODC 06,1,pcs,-7.2407363,112.7400537
ODP,06/01,1,pcs,-7.240850698078412,112.74058923955359
Kabel Distribusi,ODC 06 -> 06/01,72.51,m,,
Homepass (Titik Rumah),06/01-01,1,pcs,-7.240813835157256,112.73998944554408
Kabel Drop,06/01 -> 06/01-01,79.55,m,,
Homepass (Titik Rumah),06/01-02,1,pcs,-7.2407729,112.74018445
Kabel Drop,06/01 -> 06/01-02,54.58,m,,
Homepass (Titik Rumah),06/01-03,1,pcs,-7.240908055312194,112.74018412450101
Kabel Drop,06/01 -> 06/01-03,54.17,m,,
Homepass (Titik Rumah),06/01-04,1,pcs,-7.2408779753451515,112.74030789434659
Kabel Drop,06/01 -> 06/01-04,37.42,m,,
Homepass (Titik Rumah),06/01-05,1,pcs,-7.240933353346153,112.74044362469846
Kabel Drop,06/01 -> 06/01-05,22.21,m,,
Homepass (Titik Rumah),06/01-06,1,pcs,-7.240812802758206,112.74048217657464
Kabel Drop,06/01 -> 06/01-06,15.05,m,,
Homepass (Titik Rumah),06/01-07,1,pcs,-7.240755424146056,112.74050516718079
Kabel Drop,06/01 -> 06/01-07,16.9,m,,
Homepass (Titik Rumah),06/01-08,1,pcs,-7.240635400000002,112.740717
Kabel Drop,06/01 -> 06/01-08,33.34,m,,
ODP,06/02,1,pcs,-7.240304664521546,112.74044485839006
Kabel Distribusi,ODC 06 -> 06/02,77.45,m,,
Homepass (Titik Rumah),06/02-01,1,pcs,-7.2403395416140865,112.7405794726989
Kabel Drop,06/02 -> 06/02-01,18.42,m,,
Homepass (Titik Rumah),06/02-02,1,pcs,-7.240398274923725,112.7405500306754
Kabel Drop,06/02 -> 06/02-02,18.7,m,,
Homepass (Titik Rumah),06/02-03,1,pcs,-7.240445354115652,112.74054822448043
Kabel Drop,06/02 -> 06/02-03,23.23,m,,
Homepass (Titik Rumah),06/02-04,1,pcs,-7.240212426872583,112.74039134226764
Kabel Drop,06/02 -> 06/02-04,14.2,m,,
Homepass (Titik Rumah),06/02-05,1,pcs,-7.24012445,112.74049765000001
Kabel Drop,06/02 -> 06/02-05,25.04,m,,
Homepass (Titik Rumah),06/02-06,1,pcs,-7.240360140616101,112.74032754558358
Kabel Drop,06/02 -> 06/02-06,17.2,m,,
Homepass (Titik Rumah),06/02-07,1,pcs,-7.2405362,112.74040779999999
Kabel Drop,06/02 -> 06/02-07,31.28,m,,
Homepass (Titik Rumah),06/02-08,1,pcs,-7.240233350000002,112.74029180000001
Kabel Drop,06/02 -> 06/02-08,22.38,m,,
ODP,06/03,1,pcs,-7.240351182415065,112.74016252061968
Kabel Distribusi,ODC 06 -> 06/03,53.37,m,,
Homepass (Titik Rumah),06/03-01,1,pcs,-7.240398308479077,112.74025327551902
Kabel Drop,06/03 -> 06/03-01,13.56,m,,
Homepass (Titik Rumah),06/03-02,1,pcs,-7.240431096712983,112.74019157316481
Kabel Drop,06/03 -> 06/03-02,11.34,m,,
Homepass (Titik Rumah),06/03-03,1,pcs,-7.240430099999999,112.74009265
Kabel Drop,06/03 -> 06/03-03,14.02,m,,
Homepass (Titik Rumah),06/03-04,1,pcs,-7.240529217002865,112.74014696652159
Kabel Drop,06/03 -> 06/03-04,23.84,m,,
Homepass (Titik Rumah),06/03-05,1,pcs,-7.240540199999999,112.74006849999998
Kabel Drop,06/03 -> 06/03-05,28.12,m,,
Homepass (Titik Rumah),06/03-06,1,pcs,-7.240201022037981,112.74008670264378
Kabel Drop,06/03 -> 06/03-06,22.41,m,,
Homepass (Titik Rumah),06/03-07,1,pcs,-7.240106499999999,112.74027685
Kabel Drop,06/03 -> 06/03-07,35.99,m,,
Homepass (Titik Rumah),06/03-08,1,pcs,-7.2401089999999995,112.74017309999999
Kabel Drop,06/03 -> 06/03-08,32.35,m,,
ODP,06/04,1,pcs,-7.2413093593484055,112.74010838260098
Kabel Distribusi,ODC 06 -> 06/04,76.81,m,,
Homepass (Titik Rumah),06/04-01,1,pcs,-7.24130840271613,112.74022777707849
Kabel Drop,06/04 -> 06/04-01,15.8,m,,
Homepass (Titik Rumah),06/04-02,1,pcs,-7.2413665499999995,112.74022275
Kabel Drop,06/04 -> 06/04-02,16.95,m,,
Homepass (Titik Rumah),06/04-03,1,pcs,-7.241424102202893,112.74022827863794
Kabel Drop,06/04 -> 06/04-03,22.05,m,,
Homepass (Titik Rumah),06/04-04,1,pcs,-7.241155071530912,112.74001562621605
Kabel Drop,06/04 -> 06/04-04,23.97,m,,
Homepass (Titik Rumah),06/04-05,1,pcs,-7.24100842562283,112.74018859037051
Kabel Drop,06/04 -> 06/04-05,41.53,m,,
Homepass (Titik Rumah),06/04-06,1,pcs,-7.241504519616986,112.73996426552718
Kabel Drop,06/04 -> 06/04-06,32.28,m,,
Homepass (Titik Rumah),06/04-07,1,pcs,-7.241418450000001,112.73991495
Kabel Drop,06/04 -> 06/04-07,29.45,m,,
Homepass (Titik Rumah),06/04-08,1,pcs,-7.241325774511684,112.73988135599566
Kabel Drop,06/04 -> 06/04-08,30.13,m,,
ODC,ODC 07,1,pcs,-7.241326491593982,112.74052965034211
Join Closure,JOIN CLOSURE ODC 07,1,pcs,-7.241326491593982,112.74052965034211
ODP,07/01,1,pcs,-7.241526140246652,112.74089158412421
Kabel Distribusi,ODC 07 -> 07/01,54.82,m,,
Homepass (Titik Rumah),07/01-01,1,pcs,-7.241767859964663,112.74076030902519
Kabel Drop,07/01 -> 07/01-01,36.64,m,,
Homepass (Titik Rumah),07/01-02,1,pcs,-7.241827950000003,112.74091935
Kabel Drop,07/01 -> 07/01-02,40.44,m,,
Homepass (Titik Rumah),07/01-03,1,pcs,-7.241598804496777,112.7407109405424
Kabel Drop,07/01 -> 07/01-03,25.8,m,,
Homepass (Titik Rumah),07/01-04,1,pcs,-7.241932325164241,112.74083125815717
Kabel Drop,07/01 -> 07/01-04,54.78,m,,
Homepass (Titik Rumah),07/01-05,1,pcs,-7.24166655,112.74092580000001
Kabel Drop,07/01 -> 07/01-05,19.28,m,,
Homepass (Titik Rumah),07/01-06,1,pcs,-7.241597551966748,112.74089682291168
Kabel Drop,07/01 -> 07/01-06,9.55,m,,
Homepass (Titik Rumah),07/01-07,1,pcs,-7.2418268,112.74098045000001
Kabel Drop,07/01 -> 07/01-07,41.81,m,,
Homepass (Titik Rumah),07/01-08,1,pcs,-7.241925744773688,112.74096207547836
Kabel Drop,07/01 -> 07/01-08,54.13,m,,
ODP,07/02,1,pcs,-7.241504898620136,112.74060949412228
Kabel Distribusi,ODC 07 -> 07/02,26.05,m,,
Homepass (Titik Rumah),07/02-01,1,pcs,-7.2419260460161725,112.74050807372849
Kabel Drop,07/02 -> 07/02-01,57.78,m,,
Homepass (Titik Rumah),07/02-02,1,pcs,-7.241839924867487,112.74049083195857
Kabel Drop,07/02 -> 07/02-02,47.38,m,,
Homepass (Titik Rumah),07/02-03,1,pcs,-7.241807474944214,112.74049801158857
Kabel Drop,07/02 -> 07/02-03,42.99,m,,
Homepass (Titik Rumah),07/02-04,1,pcs,-7.241910000000001,112.7406347
Kabel Drop,07/02 -> 07/02-04,54.16,m,,
Homepass (Titik Rumah),07/02-05,1,pcs,-7.241759512407148,112.74049097543455
Kabel Drop,07/02 -> 07/02-05,37.42,m,,
Homepass (Titik Rumah),07/02-06,1,pcs,-7.2419492000000005,112.74071335
Kabel Drop,07/02 -> 07/02-06,60.86,m,,
Homepass (Titik Rumah),07/02-07,1,pcs,-7.24205238750821,112.74068842053438
Kabel Drop,07/02 -> 07/02-07,73.8,m,,
Homepass (Titik Rumah),07/02-08,1,pcs,-7.241735494390784,112.74063014104068
Kabel Drop,07/02 -> 07/02-08,30.89,m,,
ODP,07/03,1,pcs,-7.241232745673229,112.74052975407281
Kabel Distribusi,ODC 07 -> 07/03,12.51,m,,
Homepass (Titik Rumah),07/03-01,1,pcs,-7.241173403161363,112.74042517280289
Kabel Drop,07/03 -> 07/03-01,15.95,m,,
Homepass (Titik Rumah),07/03-02,1,pcs,-7.241115700000001,112.74040059999999
Kabel Drop,07/03 -> 07/03-02,23.16,m,,
Homepass (Titik Rumah),07/03-03,1,pcs,-7.241282899999998,112.74039704999998
Kabel Drop,07/03 -> 07/03-03,18.8,m,,
Homepass (Titik Rumah),07/03-04,1,pcs,-7.241022246293855,112.74037092563965
Kabel Drop,07/03 -> 07/03-04,35.08,m,,
Homepass (Titik Rumah),07/03-05,1,pcs,-7.2411654567499735,112.74022522572861
Kabel Drop,07/03 -> 07/03-05,41.3,m,,
Homepass (Titik Rumah),07/03-06,1,pcs,-7.241373596008454,112.74038732354194
Kabel Drop,07/03 -> 07/03-06,26.62,m,,
Homepass (Titik Rumah),07/03-07,1,pcs,-7.241217300000001,112.74022475
Kabel Drop,07/03 -> 07/03-07,40.43,m,,
Homepass (Titik Rumah),07/03-08,1,pcs,-7.241264528159351,112.74022167830812
Kabel Drop,07/03 -> 07/03-08,41.0,m,,
ODP,07/04,1,pcs,-7.241111736400976,112.7405612012268
Kabel Distribusi,ODC 07 -> 07/04,28.96,m,,
Homepass (Titik Rumah),07/04-01,1,pcs,-7.241170650000002,112.74096240000002
Kabel Drop,07/04 -> 07/04-01,53.69,m,,
Homepass (Titik Rumah),07/04-02,1,pcs,-7.241155897268489,112.74080779805945
Kabel Drop,07/04 -> 07/04-02,33.17,m,,
Homepass (Titik Rumah),07/04-03,1,pcs,-7.2413303743502695,112.74090939150898
Kabel Drop,07/04 -> 07/04-03,54.55,m,,
Homepass (Titik Rumah),07/04-04,1,pcs,-7.240971596433754,112.74089567872592
Kabel Drop,07/04 -> 07/04-04,48.06,m,,
Homepass (Titik Rumah),07/04-05,1,pcs,-7.2414082,112.74093955
Kabel Drop,07/04 -> 07/04-05,63.82,m,,
Homepass (Titik Rumah),07/04-06,1,pcs,-7.2413777,112.7407106
Kabel Drop,07/04 -> 07/04-06,40.63,m,,
Homepass (Titik Rumah),07/04-07,1,pcs,-7.240956872942294,112.74068554247036
Kabel Drop,07/04 -> 07/04-07,26.42,m,,
Homepass (Titik Rumah),07/04-08,1,pcs,-7.240842270446756,112.74075452599985
Kabel Drop,07/04 -> 07/04-08,44.13,m,,
ODC,ODC 08,1,pcs,-7.2416935,112.7394562
Join Closure,JOIN CLOSURE ODC 08,1,pcs,-7.2416935,112.7394562
ODP,08/01,1,pcs,-7.2412082644974705,112.73971583135693
Kabel Distribusi,ODC 08 -> 08/01,73.3,m,,
Homepass (Titik Rumah),08/01-01,1,pcs,-7.241313493639108,112.73978587963954
Kabel Drop,08/01 -> 08/01-01,16.83,m,,
Homepass (Titik Rumah),08/01-02,1,pcs,-7.241323137855086,112.73973103109424
Kabel Drop,08/01 -> 08/01-02,15.46,m,,
Homepass (Titik Rumah),08/01-03,1,pcs,-7.241337649999999,112.73964420000001
Kabel Drop,08/01 -> 08/01-03,19.7,m,,
Homepass (Titik Rumah),08/01-04,1,pcs,-7.241095759413169,112.73980427675983
Kabel Drop,08/01 -> 08/01-04,19.04,m,,
Homepass (Titik Rumah),08/01-05,1,pcs,-7.24154760827964,112.73988973234904
Kabel Drop,08/01 -> 08/01-05,50.8,m,,
Homepass (Titik Rumah),08/01-06,1,pcs,-7.241566990497906,112.73982666748113
Kabel Drop,08/01 -> 08/01-06,50.06,m,,
Homepass (Titik Rumah),08/01-07,1,pcs,-7.241569750000001,112.73975505
Kabel Drop,08/01 -> 08/01-07,48.51,m,,
Homepass (Titik Rumah),08/01-08,1,pcs,-7.241387199999997,112.73944790000002
Kabel Drop,08/01 -> 08/01-08,42.75,m,,
ODP,08/02,1,pcs,-7.241593637373568,112.7394254528934
Kabel Distribusi,ODC 08 -> 08/02,13.93,m,,
Homepass (Titik Rumah),08/02-01,1,pcs,-7.2414886777531775,112.73947643793589
Kabel Drop,08/02 -> 08/02-01,15.55,m,,
Homepass (Titik Rumah),08/02-02,1,pcs,-7.241508299999998,112.73940944999998
Kabel Drop,08/02 -> 08/02-02,11.58,m,,
Homepass (Titik Rumah),08/02-03,1,pcs,-7.2414092000000005,112.73938825
Kabel Drop,08/02 -> 08/02-03,25.1,m,,
Homepass (Titik Rumah),08/02-04,1,pcs,-7.241631173807467,112.73950625751452
Kabel Drop,08/02 -> 08/02-04,11.81,m,,
Homepass (Titik Rumah),08/02-05,1,pcs,-7.24153495,112.739317
Kabel Drop,08/02 -> 08/02-05,16.35,m,,
Homepass (Titik Rumah),08/02-06,1,pcs,-7.241652705182631,112.73934032631259
Kabel Drop,08/02 -> 08/02-06,13.75,m,,
Homepass (Titik Rumah),08/02-07,1,pcs,-7.241673722366175,112.73960642945606
Kabel Drop,08/02 -> 08/02-07,26.23,m,,
Homepass (Titik Rumah),08/02-08,1,pcs,-7.241390910946802,112.73926587844201
Kabel Drop,08/02 -> 08/02-08,34.32,m,,
ODP,08/03,1,pcs,-7.2416935,112.7394562
Kabel Distribusi,ODC 08 -> 08/03,0.0,m,,
Homepass (Titik Rumah),08/03-01,1,pcs,-7.2417253000000015,112.73952364999998
Kabel Drop,08/03 -> 08/03-01,9.89,m,,
Homepass (Titik Rumah),08/03-02,1,pcs,-7.2418107,112.73962610000001
Kabel Drop,08/03 -> 08/03-02,27.39,m,,
Homepass (Titik Rumah),08/03-03,1,pcs,-7.241761523716831,112.73938486249833
Kabel Drop,08/03 -> 08/03-03,13.1,m,,
Homepass (Titik Rumah),08/03-04,1,pcs,-7.241695582812709,112.73967639884009
Kabel Drop,08/03 -> 08/03-04,29.15,m,,
Homepass (Titik Rumah),08/03-05,1,pcs,-7.2418496033627635,112.73971382367971
Kabel Drop,08/03 -> 08/03-05,39.96,m,,
Homepass (Titik Rumah),08/03-06,1,pcs,-7.24171688103351,112.73976016321491
Kabel Drop,08/03 -> 08/03-06,40.36,m,,
Homepass (Titik Rumah),08/03-07,1,pcs,-7.241941750000001,112.73970390000001
Kabel Drop,08/03 -> 08/03-07,46.61,m,,
Homepass (Titik Rumah),08/03-08,1,pcs,-7.242013006906441,112.73960408278785
Kabel Drop,08/03 -> 08/03-08,46.91,m,,
ODP,08/04,1,pcs,-7.242135548029069,112.73984612963795
Kabel Distribusi,ODC 08 -> 08/04,78.38,m,,
Homepass (Titik Rumah),08/04-01,1,pcs,-7.24199805,112.73971989999997
Kabel Drop,08/04 -> 08/04-01,24.82,m,,
Homepass (Titik Rumah),08/04-02,1,pcs,-7.242049879622671,112.73971118674281
Kabel Drop,08/04 -> 08/04-02,21.21,m,,
Homepass (Titik Rumah),08/04-03,1,pcs,-7.242081450000001,112.73969165
Kabel Drop,08/04 -> 08/04-03,21.69,m,,
Homepass (Titik Rumah),08/04-04,1,pcs,-7.242064949922353,112.73953847873481
Kabel Drop,08/04 -> 08/04-04,41.8,m,,
Homepass (Titik Rumah),08/04-05,1,pcs,-7.242202004864923,112.73967447348045
Kabel Drop,08/04 -> 08/04-05,24.39,m,,
Homepass (Titik Rumah),08/04-06,1,pcs,-7.242026981414177,112.7394579764667
Kabel Drop,08/04 -> 08/04-06,53.38,m,,
Homepass (Titik Rumah),08/04-07,1,pcs,-7.242252524633276,112.73953850792847
Kabel Drop,08/04 -> 08/04-07,43.61,m,,
Homepass (Titik Rumah),08/04-08,1,pcs,-7.242485207602187,112.73966392319018
Kabel Drop,08/04 -> 08/04-08,52.52,m,,
ODC,ODC 09,1,pcs,-7.2424030504600845,112.7385896078302
Join Closure,JOIN CLOSURE ODC 09,1,pcs,-7.2424030504600845,112.7385896078302
ODP,09/01,1,pcs,-7.242484646855396,112.73893123965819
Kabel Distribusi,ODC 09 -> 09/01,46.51,m,,
Homepass (Titik Rumah),09/01-01,1,pcs,-7.242292228266551,112.73886394064976
Kabel Drop,09/01 -> 09/01-01,27.18,m,,
Homepass (Titik Rumah),09/01-02,1,pcs,-7.2423510834423315,112.73887793329146
Kabel Drop,09/01 -> 09/01-02,19.17,m,,
Homepass (Titik Rumah),09/01-03,1,pcs,-7.242409078195571,112.7388981901193
Kabel Drop,09/01 -> 09/01-03,10.99,m,,
Homepass (Titik Rumah),09/01-04,1,pcs,-7.242471400000001,112.73890299999998
Kabel Drop,09/01 -> 09/01-04,4.13,m,,
Homepass (Titik Rumah),09/01-05,1,pcs,-7.242478787587029,112.73876384196743
Kabel Drop,09/01 -> 09/01-05,22.17,m,,
Homepass (Titik Rumah),09/01-06,1,pcs,-7.242538125635186,112.73879935834337
Kabel Drop,09/01 -> 09/01-06,18.86,m,,
Homepass (Titik Rumah),09/01-07,1,pcs,-7.242534600000001,112.73874839999999
Kabel Drop,09/01 -> 09/01-07,25.1,m,,
Homepass (Titik Rumah),09/01-08,1,pcs,-7.242567749999999,112.73888455000001
Kabel Drop,09/01 -> 09/01-08,12.69,m,,
ODP,09/02,1,pcs,-7.242392248117753,112.73865045006278
Kabel Distribusi,ODC 09 -> 09/02,8.18,m,,
Homepass (Titik Rumah),09/02-01,1,pcs,-7.242154839181235,112.73847540720513
Kabel Drop,09/02 -> 09/02-01,39.25,m,,
Homepass (Titik Rumah),09/02-02,1,pcs,-7.242231048783097,112.73816194973216
Kabel Drop,09/02 -> 09/02-02,68.15,m,,
Homepass (Titik Rumah),09/02-03,1,pcs,-7.2424940670699876,112.73842804002652
Kabel Drop,09/02 -> 09/02-03,32.42,m,,
Homepass (Titik Rumah),09/02-04,1,pcs,-7.242093656372266,112.7388182777636
Kabel Drop,09/02 -> 09/02-04,45.62,m,,
Homepass (Titik Rumah),09/02-05,1,pcs,-7.242143941471368,112.73882982145176
Kabel Drop,09/02 -> 09/02-05,40.76,m,,
Homepass (Titik Rumah),09/02-06,1,pcs,-7.2424875054235525,112.73859998442556
Kabel Drop,09/02 -> 09/02-06,14.36,m,,
Homepass (Titik Rumah),09/02-07,1,pcs,-7.2421944499999995,112.73884205
Kabel Drop,09/02 -> 09/02-07,36.6,m,,
Homepass (Titik Rumah),09/02-08,1,pcs,-7.242243842136159,112.73885372106861
Kabel Drop,09/02 -> 09/02-08,33.41,m,,
ODP,09/03,1,pcs,-7.242686597705997,112.73816507518251
Kabel Distribusi,ODC 09 -> 09/03,67.74,m,,
Homepass (Titik Rumah),09/03-01,1,pcs,-7.242575849999999,112.73873164999999
Kabel Drop,09/03 -> 09/03-01,76.44,m,,
Homepass (Titik Rumah),09/03-02,1,pcs,-7.242838436196045,112.73882257956379
Kabel Drop,09/03 -> 09/03-02,89.36,m,,
Homepass (Titik Rumah),09/03-03,1,pcs,-7.242530003535241,112.73831411211907
Kabel Drop,09/03 -> 09/03-03,28.74,m,,
Homepass (Titik Rumah),09/03-04,1,pcs,-7.242837110872141,112.73839454628668
Kabel Drop,09/03 -> 09/03-04,36.41,m,,
Homepass (Titik Rumah),09/03-05,1,pcs,-7.242540452768717,112.73820989151724
Kabel Drop,09/03 -> 09/03-05,20.38,m,,
Homepass (Titik Rumah),09/03-06,1,pcs,-7.242233693097618,112.73805049617678
Kabel Drop,09/03 -> 09/03-06,62.31,m,,
Homepass (Titik Rumah),09/03-07,1,pcs,-7.242822037117813,112.73788946323951
Kabel Drop,09/03 -> 09/03-07,40.71,m,,
Homepass (Titik Rumah),09/03-08,1,pcs,-7.242770055169509,112.73748160658349
Kabel Drop,09/03 -> 09/03-08,91.15,m,,
ODP,09/04,1,pcs,-7.24160883389293,112.73853356798092
Kabel Distribusi,ODC 09 -> 09/04,106.23,m,,
Homepass (Titik Rumah),09/04-01,1,pcs,-7.241214492197264,112.73847090055864
Kabel Drop,09/04 -> 09/04-01,53.27,m,,
Homepass (Titik Rumah),09/04-02,1,pcs,-7.241241900914548,112.73866547036046
Kabel Drop,09/04 -> 09/04-02,51.98,m,,
Homepass (Titik Rumah),09/04-03,1,pcs,-7.24141579214715,112.73850300521626
Kabel Drop,09/04 -> 09/04-03,26.07,m,,
Homepass (Titik Rumah),09/04-04,1,pcs,-7.241467010459178,112.73866852942881
Kabel Drop,09/04 -> 09/04-04,26.02,m,,
Homepass (Titik Rumah),09/04-05,1,pcs,-7.241883724077364,112.73839602092879
Kabel Drop,09/04 -> 09/04-05,40.95,m,,
Homepass (Titik Rumah),09/04-06,1,pcs,-7.241687197350173,112.73795491563135
Kabel Drop,09/04 -> 09/04-06,77.31,m,,
Homepass (Titik Rumah),09/04-07,1,pcs,-7.24186495,112.73878934999999
Kabel Drop,09/04 -> 09/04-07,48.11,m,,
Homepass (Titik Rumah),09/04-08,1,pcs,-7.2420424407601764,112.738811822475
Kabel Drop,09/04 -> 09/04-08,68.59,m,,
ODC,ODC 10,1,pcs,-7.2422137,112.7374084
Join Closure,JOIN CLOSURE ODC 10,1,pcs,-7.2422137,112.7374084
ODP,10/01,1,pcs,-7.242458286938092,112.73717375231648
Kabel Distribusi,ODC 10 -> 10/01,45.05,m,,
Homepass (Titik Rumah),10/01-01,1,pcs,-7.242371224259168,112.73686595746652
Kabel Drop,10/01 -> 10/01-01,42.37,m,,
Homepass (Titik Rumah),10/01-02,1,pcs,-7.242297546379838,112.73714282160378
Kabel Drop,10/01 -> 10/01-02,21.84,m,,
Homepass (Titik Rumah),10/01-03,1,pcs,-7.242081703366036,112.73694641037311
Kabel Drop,10/01 -> 10/01-03,58.57,m,,
Homepass (Titik Rumah),10/01-04,1,pcs,-7.242712115700386,112.73691705417588
Kabel Drop,10/01 -> 10/01-04,47.98,m,,
Homepass (Titik Rumah),10/01-05,1,pcs,-7.2422216209014785,112.73725893042169
Kabel Drop,10/01 -> 10/01-05,33.53,m,,
Homepass (Titik Rumah),10/01-06,1,pcs,-7.242039446701336,112.73722915944144
Kabel Drop,10/01 -> 10/01-06,56.37,m,,
Homepass (Titik Rumah),10/01-07,1,pcs,-7.241955528449174,112.73720254529886
Kabel Drop,10/01 -> 10/01-07,67.19,m,,
Homepass (Titik Rumah),10/01-08,1,pcs,-7.242045929142995,112.73731823183621
Kabel Drop,10/01 -> 10/01-08,58.25,m,,
ODP,10/02,1,pcs,-7.242467358944041,112.73694580720607
Kabel Distribusi,ODC 10 -> 10/02,69.96,m,,
Homepass (Titik Rumah),10/02-01,1,pcs,-7.243001878751919,112.73715976999192
Kabel Drop,10/02 -> 10/02-01,76.74,m,,
Homepass (Titik Rumah),10/02-02,1,pcs,-7.242997650000001,112.73697214999999
Kabel Drop,10/02 -> 10/02-02,70.84,m,,
Homepass (Titik Rumah),10/02-03,1,pcs,-7.243093583117852,112.7369743160736
Kabel Drop,10/02 -> 10/02-03,83.64,m,,
Homepass (Titik Rumah),10/02-04,1,pcs,-7.24317235,112.73704100000002
Kabel Drop,10/02 -> 10/02-04,94.91,m,,
Homepass (Titik Rumah),10/02-05,1,pcs,-7.241744305314504,112.73677404904385
Kabel Drop,10/02 -> 10/02-05,99.12,m,,
Homepass (Titik Rumah),10/02-06,1,pcs,-7.241499298467439,112.73674556927152
Kabel Drop,10/02 -> 10/02-06,131.86,m,,
Homepass (Titik Rumah),10/02-07,1,pcs,-7.241226887518666,112.73689144201187
Kabel Drop,10/02 -> 10/02-07,165.68,m,,
Homepass (Titik Rumah),10/02-08,1,pcs,-7.241025811478771,112.73661013841883
Kabel Drop,10/02 -> 10/02-08,197.42,m,,
ODP,10/03,1,pcs,-7.241436118607796,112.7372668478898
Kabel Distribusi,ODC 10 -> 10/03,105.43,m,,
Homepass (Titik Rumah),10/03-01,1,pcs,-7.241934760044679,112.73728627896077
Kabel Drop,10/03 -> 10/03-01,66.59,m,,
Homepass (Titik Rumah),10/03-02,1,pcs,-7.241827681060655,112.73730088435418
Kabel Drop,10/03 -> 10/03-02,52.44,m,,
Homepass (Titik Rumah),10/03-03,1,pcs,-7.241720080011245,112.73724467021097
Kabel Drop,10/03 -> 10/03-03,38.0,m,,
Homepass (Titik Rumah),10/03-04,1,pcs,-7.241865850000001,112.73756984999999
Kabel Drop,10/03 -> 10/03-04,69.98,m,,
Homepass (Titik Rumah),10/03-05,1,pcs,-7.24161165,112.73696000000001
Kabel Drop,10/03 -> 10/03-05,46.89,m,,
Homepass (Titik Rumah),10/03-06,1,pcs,-7.241574810441368,112.7376088282168
Kabel Drop,10/03 -> 10/03-06,48.9,m,,
Homepass (Titik Rumah),10/03-07,1,pcs,-7.242401825583587,112.73752454417138
Kabel Drop,10/03 -> 10/03-07,133.3,m,,
Homepass (Titik Rumah),10/03-08,1,pcs,-7.24152975,112.73695009999999
Kabel Drop,10/03 -> 10/03-08,43.75,m,,
ODP,10/04,1,pcs,-7.241436112285609,112.73726690853961
Kabel Distribusi,ODC 10 -> 10/04,105.43,m,,
Homepass (Titik Rumah),10/04-01,1,pcs,-7.241378149999997,112.73723425000003
Kabel Drop,10/04 -> 10/04-01,8.86,m,,
Homepass (Titik Rumah),10/04-02,1,pcs,-7.241370809026416,112.73727460271337
Kabel Drop,10/04 -> 10/04-02,8.77,m,,
Homepass (Titik Rumah),10/04-03,1,pcs,-7.241385483334056,112.7371909617892
Kabel Drop,10/04 -> 10/04-03,12.11,m,,
Homepass (Titik Rumah),10/04-04,1,pcs,-7.24132106294101,112.73724130666088
Kabel Drop,10/04 -> 10/04-04,15.72,m,,
Homepass (Titik Rumah),10/04-05,1,pcs,-7.241367477169403,112.73731617593774
Kabel Drop,10/04 -> 10/04-05,11.24,m,,
Homepass (Titik Rumah),10/04-06,1,pcs,-7.241280395929936,112.7372335966228
Kabel Drop,10/04 -> 10/04-06,21.24,m,,
Homepass (Titik Rumah),10/04-07,1,pcs,-7.241339343813822,112.73735421875611
Kabel Drop,10/04 -> 10/04-07,17.33,m,,
Homepass (Titik Rumah),10/04-08,1,pcs,-7.241226325312493,112.7372046938932
Kabel Drop,10/04 -> 10/04-08,29.18,m,,
ODC,ODC 11,1,pcs,-7.241429728931168,112.73732814512925
Join Closure,JOIN CLOSURE ODC 11,1,pcs,-7.241429728931168,112.73732814512925
ODP,11/01,1,pcs,-7.2424647924803285,112.74039220647056
Kabel Distribusi,ODC 11 -> 11/01,428.46,m,,
Homepass (Titik Rumah),11/01-01,1,pcs,-7.242492608763638,112.73983596709706
Kabel Drop,11/01 -> 11/01-01,73.72,m,,
Homepass (Titik Rumah),11/01-02,1,pcs,-7.2419382416198435,112.74021838039555
Kabel Drop,11/01 -> 11/01-02,73.93,m,,
Homepass (Titik Rumah),11/01-03,1,pcs,-7.242154050000002,112.74046495
Kabel Drop,11/01 -> 11/01-03,42.57,m,,
Homepass (Titik Rumah),11/01-04,1,pcs,-7.242211,112.74052180000001
Kabel Drop,11/01 -> 11/01-04,37.96,m,,
Homepass (Titik Rumah),11/01-05,1,pcs,-7.2422819979935,112.74055982689706
Kabel Drop,11/01 -> 11/01-05,32.97,m,,
Homepass (Titik Rumah),11/01-06,1,pcs,-7.2420468372736435,112.74047822608688
Kabel Drop,11/01 -> 11/01-06,56.92,m,,
Homepass (Titik Rumah),11/01-07,1,pcs,-7.242176496216029,112.74063907659958
Kabel Drop,11/01 -> 11/01-07,50.47,m,,
Homepass (Titik Rumah),11/01-08,1,pcs,-7.241882849999997,112.74046785
Kabel Drop,11/01 -> 11/01-08,78.29,m,,
ODP,11/02,1,pcs,-7.241841150669479,112.73610150620155
Kabel Distribusi,ODC 11 -> 11/02,171.4,m,,
Homepass (Titik Rumah),11/02-01,1,pcs,-7.241597331793652,112.73587708596379
Kabel Drop,11/02 -> 11/02-01,44.06,m,,
Homepass (Titik Rumah),11/02-02,1,pcs,-7.241694975601153,112.73594293763314
Kabel Drop,11/02 -> 11/02-02,28.65,m,,
Homepass (Titik Rumah),11/02-03,1,pcs,-7.241921823646418,112.73584968219626
Kabel Drop,11/02 -> 11/02-03,35.03,m,,
Homepass (Titik Rumah),11/02-04,1,pcs,-7.241680499999999,112.73554565
Kabel Drop,11/02 -> 11/02-04,76.64,m,,
Homepass (Titik Rumah),11/02-05,1,pcs,-7.24204065,112.73550519999999
Kabel Drop,11/02 -> 11/02-05,83.3,m,,
Homepass (Titik Rumah),11/02-06,1,pcs,-7.242034009810335,112.73627767951821
Kabel Drop,11/02 -> 11/02-06,34.73,m,,
Homepass (Titik Rumah),11/02-07,1,pcs,-7.2421741378724755,112.73569362430806
Kabel Drop,11/02 -> 11/02-07,69.92,m,,
Homepass (Titik Rumah),11/02-08,1,pcs,-7.241639449999998,112.73650144999999
Kabel Drop,11/02 -> 11/02-08,59.39,m,,
ODP,11/03,1,pcs,-7.239801740354536,112.73690692983193
Kabel Distribusi,ODC 11 -> 11/03,224.27,m,,
Homepass (Titik Rumah),11/03-01,1,pcs,-7.239643249371791,112.73698786743381
Kabel Drop,11/03 -> 11/03-01,23.71,m,,
Homepass (Titik Rumah),11/03-02,1,pcs,-7.239698285960791,112.73690918004934
Kabel Drop,11/03 -> 11/03-02,13.81,m,,
Homepass (Titik Rumah),11/03-03,1,pcs,-7.23961443320071,112.73685448543043
Kabel Drop,11/03 -> 11/03-03,25.94,m,,
Homepass (Titik Rumah),11/03-04,1,pcs,-7.23953546355613,112.73680215414919
Kabel Drop,11/03 -> 11/03-04,38.14,m,,
Homepass (Titik Rumah),11/03-05,1,pcs,-7.239908107818718,112.73701418289492
Kabel Drop,11/03 -> 11/03-05,20.07,m,,
Homepass (Titik Rumah),11/03-06,1,pcs,-7.239553711464283,112.73670416449295
Kabel Drop,11/03 -> 11/03-06,42.61,m,,
Homepass (Titik Rumah),11/03-07,1,pcs,-7.239911201712033,112.73684386415454
Kabel Drop,11/03 -> 11/03-07,16.82,m,,
Homepass (Titik Rumah),11/03-08,1,pcs,-7.23987556987481,112.73719144374071
Kabel Drop,11/03 -> 11/03-08,38.93,m,,
ODP,11/04,1,pcs,-7.242284642994524,112.73598213492762
Kabel Distribusi,ODC 11 -> 11/04,211.56,m,,
Homepass (Titik Rumah),11/04-01,1,pcs,-7.242189600000001,112.73615799999999
Kabel Drop,11/04 -> 11/04-01,26.51,m,,
Homepass (Titik Rumah),11/04-02,1,pcs,-7.242373176396731,112.73599598597426
Kabel Drop,11/04 -> 11/04-02,11.95,m,,
Homepass (Titik Rumah),11/04-03,1,pcs,-7.242357730277788,112.73579263732287
Kabel Drop,11/04 -> 11/04-03,26.91,m,,
Homepass (Titik Rumah),11/04-04,1,pcs,-7.242661674315969,112.73614282130262
Kabel Drop,11/04 -> 11/04-04,54.62,m,,
Homepass (Titik Rumah),11/04-05,1,pcs,-7.242484199999999,112.73575995000002
Kabel Drop,11/04 -> 11/04-05,39.67,m,,
Homepass (Titik Rumah),11/04-06,1,pcs,-7.2425851856026995,112.73580274802497
Kabel Drop,11/04 -> 11/04-06,46.61,m,,
Homepass (Titik Rumah),11/04-07,1,pcs,-7.241960900000001,112.73664190000001
Kabel Drop,11/04 -> 11/04-07,97.43,m,,
Homepass (Titik Rumah),11/04-08,1,pcs,-7.242397613481597,112.73556267431552
Kabel Drop,11/04 -> 11/04-08,57.53,m,,
ODC,ODC 12,1,pcs,-7.240646742052797,112.73729988056436
Join Closure,JOIN CLOSURE ODC 12,1,pcs,-7.240646742052797,112.73729988056436
ODP,12/01,1,pcs,-7.241155504232317,112.7372875462547
Kabel Distribusi,ODC 12 -> 12/01,67.91,m,,
Homepass (Titik Rumah),12/01-01,1,pcs,-7.241218143333747,112.73724676872907
Kabel Drop,12/01 -> 12/01-01,9.95,m,,
Homepass (Titik Rumah),12/01-02,1,pcs,-7.241210720521139,112.73728638732784
Kabel Drop,12/01 -> 12/01-02,7.37,m,,
Homepass (Titik Rumah),12/01-03,1,pcs,-7.241223242728225,112.73733066590977
Kabel Drop,12/01 -> 12/01-03,10.69,m,,
Homepass (Titik Rumah),12/01-04,1,pcs,-7.241238924415775,112.73716166417087
Kabel Drop,12/01 -> 12/01-04,20.04,m,,
Homepass (Titik Rumah),12/01-05,1,pcs,-7.241213046773639,112.73736967017702
Kabel Drop,12/01 -> 12/01-05,13.31,m,,
Homepass (Titik Rumah),12/01-06,1,pcs,-7.241091466304877,112.73722617896006
Kabel Drop,12/01 -> 12/01-06,11.79,m,,
Homepass (Titik Rumah),12/01-07,1,pcs,-7.241205339639707,112.73740964037128
Kabel Drop,12/01 -> 12/01-07,17.48,m,,
Homepass (Titik Rumah),12/01-08,1,pcs,-7.241334017930139,112.73739474987767
Kabel Drop,12/01 -> 12/01-08,27.73,m,,
ODP,12/02,1,pcs,-7.24110813754216,112.73747302503348
Kabel Distribusi,ODC 12 -> 12/02,65.69,m,,
Homepass (Titik Rumah),12/02-01,1,pcs,-7.24132626691635,112.73743460014755
Kabel Drop,12/02 -> 12/02-01,29.55,m,,
Homepass (Titik Rumah),12/02-02,1,pcs,-7.241308298030159,112.73753459919408
Kabel Drop,12/02 -> 12/02-02,27.92,m,,
Homepass (Titik Rumah),12/02-03,1,pcs,-7.241268369118166,112.73752739423554
Kabel Drop,12/02 -> 12/02-03,22.56,m,,
Homepass (Titik Rumah),12/02-04,1,pcs,-7.241353661747098,112.73754360083232
Kabel Drop,12/02 -> 12/02-04,34.07,m,,
Homepass (Titik Rumah),12/02-05,1,pcs,-7.241229074137395,112.73751893971391
Kabel Drop,12/02 -> 12/02-05,17.24,m,,
Homepass (Titik Rumah),12/02-06,1,pcs,-7.2411894435650845,112.73751133012954
Kabel Drop,12/02 -> 12/02-06,11.98,m,,
Homepass (Titik Rumah),12/02-07,1,pcs,-7.24114175091135,112.73750199246557
Kabel Drop,12/02 -> 12/02-07,5.9,m,,
Homepass (Titik Rumah),12/02-08,1,pcs,-7.2410033825720745,112.73745566436988
Kabel Drop,12/02 -> 12/02-08,14.17,m,,
ODP,12/03,1,pcs,-7.240636460868492,112.73757406911409
Kabel Distribusi,ODC 12 -> 12/03,36.32,m,,
Homepass (Titik Rumah),12/03-01,1,pcs,-7.240780553962566,112.73745550135817
Kabel Drop,12/03 -> 12/03-01,24.82,m,,
Homepass (Titik Rumah),12/03-02,1,pcs,-7.240482139533213,112.73731308609256
Kabel Drop,12/03 -> 12/03-02,40.22,m,,
Homepass (Titik Rumah),12/03-03,1,pcs,-7.240814010995255,112.73706795643662
Kabel Drop,12/03 -> 12/03-03,71.06,m,,
Homepass (Titik Rumah),12/03-04,1,pcs,-7.240634411319205,112.73783412644755
Kabel Drop,12/03 -> 12/03-04,34.42,m,,
Homepass (Titik Rumah),12/03-05,1,pcs,-7.2411057490209005,112.73704952258885
Kabel Drop,12/03 -> 12/03-05,93.5,m,,
Homepass (Titik Rumah),12/03-06,1,pcs,-7.240736266385849,112.73798583211656
Kabel Drop,12/03 -> 12/03-06,56.11,m,,
Homepass (Titik Rumah),12/03-07,1,pcs,-7.240362880124719,112.7378062800648
Kabel Drop,12/03 -> 12/03-07,47.72,m,,
Homepass (Titik Rumah),12/03-08,1,pcs,-7.2404635479522135,112.73809104208995
Kabel Drop,12/03 -> 12/03-08,72.22,m,,
ODP,12/04,1,pcs,-7.24026812743055,112.7368866772961
Kabel Distribusi,ODC 12 -> 12/04,74.46,m,,
Homepass (Titik Rumah),12/04-01,1,pcs,-7.240132724874555,112.73684496296377
Kabel Drop,12/04 -> 12/04-01,18.89,m,,
Homepass (Titik Rumah),12/04-02,1,pcs,-7.240077128879721,112.73694894160215
Kabel Drop,12/04 -> 12/04-02,26.79,m,,
Homepass (Titik Rumah),12/04-03,1,pcs,-7.240092289125386,112.73707581804473
Kabel Drop,12/04 -> 12/04-03,34.31,m,,
Homepass (Titik Rumah),12/04-04,1,pcs,-7.240347399291065,112.73661894667212
Kabel Drop,12/04 -> 12/04-04,36.98,m,,
Homepass (Titik Rumah),12/04-05,1,pcs,-7.240460828305302,112.73683454472356
Kabel Drop,12/04 -> 12/04-05,26.62,m,,
Homepass (Titik Rumah),12/04-06,1,pcs,-7.24050109048287,112.73697239912259
Kabel Drop,12/04 -> 12/04-06,33.09,m,,
Homepass (Titik Rumah),12/04-07,1,pcs,-7.2403504587832925,112.73650517953565
Kabel Drop,12/04 -> 12/04-07,51.68,m,,
Homepass (Titik Rumah),12/04-08,1,pcs,-7.240121966400901,112.73729496409992
Kabel Drop,12/04 -> 12/04-08,57.46,m,,
ODC,ODC 13,1,pcs,-7.2405554,112.7359979
Join Closure,JOIN CLOSURE ODC 13,1,pcs,-7.2405554,112.7359979
ODP,13/01,1,pcs,-7.24065455251149,112.7363393333388
Kabel Distribusi,ODC 13 -> 13/01,47.09,m,,
Homepass (Titik Rumah),13/01-01,1,pcs,-7.24052989736653,112.73660627453629
Kabel Drop,13/01 -> 13/01-01,39.05,m,,
Homepass (Titik Rumah),13/01-02,1,pcs,-7.240535733641608,112.73637306896485
Kabel Drop,13/01 -> 13/01-02,16.47,m,,
Homepass (Titik Rumah),13/01-03,1,pcs,-7.24035897728353,112.73637641309237
Kabel Drop,13/01 -> 13/01-03,39.74,m,,
Homepass (Titik Rumah),13/01-04,1,pcs,-7.2405378434458845,112.73626162289932
Kabel Drop,13/01 -> 13/01-04,18.66,m,,
Homepass (Titik Rumah),13/01-05,1,pcs,-7.2403445366251,112.73628003402877
Kabel Drop,13/01 -> 13/01-05,42.1,m,,
Homepass (Titik Rumah),13/01-06,1,pcs,-7.240344580735182,112.73624117394567
Kabel Drop,13/01 -> 13/01-06,43.35,m,,
Homepass (Titik Rumah),13/01-07,1,pcs,-7.240895364897462,112.73641233741695
Kabel Drop,13/01 -> 13/01-07,33.55,m,,
Homepass (Titik Rumah),13/01-08,1,pcs,-7.2405989607946815,112.73617868052887
Kabel Drop,13/01 -> 13/01-08,22.52,m,,
ODP,13/02,1,pcs,-7.240449725018644,112.73600256213153
Kabel Distribusi,ODC 13 -> 13/02,14.11,m,,
Homepass (Titik Rumah),13/02-01,1,pcs,-7.240494482402883,112.73616826639636
Kabel Drop,13/02 -> 13/02-01,22.73,m,,
Homepass (Titik Rumah),13/02-02,1,pcs,-7.240391834496072,112.73615537177746
Kabel Drop,13/02 -> 13/02-02,21.65,m,,
Homepass (Titik Rumah),13/02-03,1,pcs,-7.24029846219151,112.73617320208056
Kabel Drop,13/02 -> 13/02-03,30.29,m,,
Homepass (Titik Rumah),13/02-04,1,pcs,-7.240594899999997,112.7358905
Kabel Drop,13/02 -> 13/02-04,24.4,m,,
Homepass (Titik Rumah),13/02-05,1,pcs,-7.240712042577697,112.73585977562172
Kabel Drop,13/02 -> 13/02-05,39.78,m,,
Homepass (Titik Rumah),13/02-06,1,pcs,-7.240263836608951,112.73586374933143
Kabel Drop,13/02 -> 13/02-06,30.87,m,,
Homepass (Titik Rumah),13/02-07,1,pcs,-7.240783000000002,112.73587410000002
Kabel Drop,13/02 -> 13/02-07,47.61,m,,
Homepass (Titik Rumah),13/02-08,1,pcs,-7.240055457765886,112.73594975877165
Kabel Drop,13/02 -> 13/02-08,53.07,m,,
ODP,13/03,1,pcs,-7.240417,112.7356734
Kabel Distribusi,ODC 13 -> 13/03,46.76,m,,
Homepass (Titik Rumah),13/03-01,1,pcs,-7.240503005742255,112.735672831945
Kabel Drop,13/03 -> 13/03-01,11.48,m,,
Homepass (Titik Rumah),13/03-02,1,pcs,-7.240361249999998,112.73545345
Kabel Drop,13/03 -> 13/03-02,30.05,m,,
Homepass (Titik Rumah),13/03-03,1,pcs,-7.240652735097319,112.73544892749945
Kabel Drop,13/03 -> 13/03-03,43.27,m,,
Homepass (Titik Rumah),13/03-04,1,pcs,-7.240775826804506,112.7356400061716
Kabel Drop,13/03 -> 13/03-04,48.08,m,,
Homepass (Titik Rumah),13/03-05,1,pcs,-7.240478113549856,112.7353936194027
Kabel Drop,13/03 -> 13/03-05,37.92,m,,
Homepass (Titik Rumah),13/03-06,1,pcs,-7.2401766,112.73569835000002
Kabel Drop,13/03 -> 13/03-06,32.25,m,,
Homepass (Titik Rumah),13/03-07,1,pcs,-7.240880383724292,112.73567222580347
Kabel Drop,13/03 -> 13/03-07,61.83,m,,
Homepass (Titik Rumah),13/03-08,1,pcs,-7.240501776285071,112.735258059891
Kabel Drop,13/03 -> 13/03-08,56.13,m,,
ODP,13/04,1,pcs,-7.241181034493517,112.7357817448873
Kabel Distribusi,ODC 13 -> 13/04,88.25,m,,
Homepass (Titik Rumah),13/04-01,1,pcs,-7.24112002636952,112.73569001357231
Kabel Drop,13/04 -> 13/04-01,14.62,m,,
Homepass (Titik Rumah),13/04-02,1,pcs,-7.241120800000001,112.73575745
Kabel Drop,13/04 -> 13/04-02,8.66,m,,
Homepass (Titik Rumah),13/04-03,1,pcs,-7.241127450000001,112.73583935
Kabel Drop,13/04 -> 13/04-03,10.45,m,,
Homepass (Titik Rumah),13/04-04,1,pcs,-7.241121049999999,112.73595954999999
Kabel Drop,13/04 -> 13/04-04,24.86,m,,
Homepass (Titik Rumah),13/04-05,1,pcs,-7.241384834739014,112.73575226455701
Kabel Drop,13/04 -> 13/04-05,27.47,m,,
Homepass (Titik Rumah),13/04-06,1,pcs,-7.2408879611291015,112.73583312363192
Kabel Drop,13/04 -> 13/04-06,39.69,m,,
Homepass (Titik Rumah),13/04-07,1,pcs,-7.240908926131557,112.73588720873319
Kabel Drop,13/04 -> 13/04-07,38.9,m,,
Homepass (Titik Rumah),13/04-08,1,pcs,-7.241535769933842,112.73555628483305
Kabel Drop,13/04 -> 13/04-08,55.96,m,,
ODC,ODC 14,1,pcs,-7.240731525937499,112.73524669694308
Join Closure,JOIN CLOSURE ODC 14,1,pcs,-7.240731525937499,112.73524669694308
ODP,14/01,1,pcs,-7.2423559733990395,112.73387961373179
Kabel Distribusi,ODC 14 -> 14/01,282.36,m,,
Homepass (Titik Rumah),14/01-01,1,pcs,-7.24226403889346,112.7340981286333
Kabel Drop,14/01 -> 14/01-01,31.42,m,,
Homepass (Titik Rumah),14/01-02,1,pcs,-7.242261698762313,112.73403574902213
Kabel Drop,14/01 -> 14/01-02,24.19,m,,
Homepass (Titik Rumah),14/01-03,1,pcs,-7.242163316310991,112.7340859330457
Kabel Drop,14/01 -> 14/01-03,37.51,m,,
Homepass (Titik Rumah),14/01-04,1,pcs,-7.242224224887267,112.73398641247704
Kabel Drop,14/01 -> 14/01-04,22.56,m,,
Homepass (Titik Rumah),14/01-05,1,pcs,-7.242118833381906,112.73414911633378
Kabel Drop,14/01 -> 14/01-05,47.69,m,,
Homepass (Titik Rumah),14/01-06,1,pcs,-7.24211167986779,112.73403348261964
Kabel Drop,14/01 -> 14/01-06,38.44,m,,
Homepass (Titik Rumah),14/01-07,1,pcs,-7.2421945999999995,112.7339307
Kabel Drop,14/01 -> 14/01-07,22.57,m,,
Homepass (Titik Rumah),14/01-08,1,pcs,-7.242111174640473,112.7339632192081
Kabel Drop,14/01 -> 14/01-08,34.49,m,,
ODP,14/02,1,pcs,-7.242236788443882,112.73525316808306
Kabel Distribusi,ODC 14 -> 14/02,200.85,m,,
Homepass (Titik Rumah),14/02-01,1,pcs,-7.242225700000001,112.73548549999998
Kabel Drop,14/02 -> 14/02-01,30.79,m,,
Homepass (Titik Rumah),14/02-02,1,pcs,-7.242113175651145,112.73536785295386
Kabel Drop,14/02 -> 14/02-02,22.42,m,,
Homepass (Titik Rumah),14/02-03,1,pcs,-7.242387571405824,112.73533885402856
Kabel Drop,14/02 -> 14/02-03,23.1,m,,
Homepass (Titik Rumah),14/02-04,1,pcs,-7.242074253146411,112.73523461715163
Kabel Drop,14/02 -> 14/02-04,21.83,m,,
Homepass (Titik Rumah),14/02-05,1,pcs,-7.242511731094005,112.73529141435468
Kabel Drop,14/02 -> 14/02-05,37.03,m,,
Homepass (Titik Rumah),14/02-06,1,pcs,-7.242204197838547,112.73512663307565
Kabel Drop,14/02 -> 14/02-06,17.3,m,,
Homepass (Titik Rumah),14/02-07,1,pcs,-7.242306647587948,112.73507928089727
Kabel Drop,14/02 -> 14/02-07,24.83,m,,
Homepass (Titik Rumah),14/02-08,1,pcs,-7.2418845739481155,112.73513855040905
Kabel Drop,14/02 -> 14/02-08,49.39,m,,
ODP,14/03,1,pcs,-7.239840765955913,112.73614998822262
Kabel Distribusi,ODC 14 -> 14/03,168.59,m,,
Homepass (Titik Rumah),14/03-01,1,pcs,-7.240030387576302,112.73635985749418
Kabel Drop,14/03 -> 14/03-01,37.58,m,,
Homepass (Titik Rumah),14/03-02,1,pcs,-7.239894549312663,112.73626178351616
Kabel Drop,14/03 -> 14/03-02,16.45,m,,
Homepass (Titik Rumah),14/03-03,1,pcs,-7.239846442775378,112.73637171789647
Kabel Drop,14/03 -> 14/03-03,29.36,m,,
Homepass (Titik Rumah),14/03-04,1,pcs,-7.239848791575261,112.7364392383406
Kabel Drop,14/03 -> 14/03-04,38.3,m,,
Homepass (Titik Rumah),14/03-05,1,pcs,-7.239819747146097,112.73626682372476
Kabel Drop,14/03 -> 14/03-05,15.72,m,,
Homepass (Titik Rumah),14/03-06,1,pcs,-7.239959241746317,112.73597848394482
Kabel Drop,14/03 -> 14/03-06,27.66,m,,
Homepass (Titik Rumah),14/03-07,1,pcs,-7.23964193697105,112.73649337974364
Kabel Drop,14/03 -> 14/03-07,52.63,m,,
Homepass (Titik Rumah),14/03-08,1,pcs,-7.239834715464509,112.73597209576474
Kabel Drop,14/03 -> 14/03-08,23.56,m,,
ODP,14/04,1,pcs,-7.239110603924389,112.7357267777216
Kabel Distribusi,ODC 14 -> 14/04,225.43,m,,
Homepass (Titik Rumah),14/04-01,1,pcs,-7.239285800449747,112.73590305290315
Kabel Drop,14/04 -> 14/04-01,33.03,m,,
Homepass (Titik Rumah),14/04-02,1,pcs,-7.239322826259205,112.73570233955638
Kabel Drop,14/04 -> 14/04-02,28.5,m,,
Homepass (Titik Rumah),14/04-03,1,pcs,-7.239031781592972,112.73585183080702
Kabel Drop,14/04 -> 14/04-03,19.61,m,,
Homepass (Titik Rumah),14/04-04,1,pcs,-7.239521273988101,112.73570443655184
Kabel Drop,14/04 -> 14/04-04,54.88,m,,
Homepass (Titik Rumah),14/04-05,1,pcs,-7.239665899067995,112.73575935830192
Kabel Drop,14/04 -> 14/04-05,74.22,m,,
Homepass (Titik Rumah),14/04-06,1,pcs,-7.239277273145145,112.73547850989522
Kabel Drop,14/04 -> 14/04-06,39.68,m,,
Homepass (Titik Rumah),14/04-07,1,pcs,-7.239259413545444,112.73534366600276
Kabel Drop,14/04 -> 14/04-07,54.46,m,,
Homepass (Titik Rumah),14/04-08,1,pcs,-7.2386838294489,112.73579247944691
Kabel Drop,14/04 -> 14/04-08,57.61,m,,
ODC,ODC 15,1,pcs,-7.241082906502543,112.73516902954057
Join Closure,JOIN CLOSURE ODC 15,1,pcs,-7.241082906502543,112.73516902954057
ODP,15/01,1,pcs,-7.241119014581727,112.73536041174546
Kabel Distribusi,ODC 15 -> 15/01,25.79,m,,
Homepass (Titik Rumah),15/01-01,1,pcs,-7.24115685,112.73521844999999
Kabel Drop,15/01 -> 15/01-01,19.46,m,,
Homepass (Titik Rumah),15/01-02,1,pcs,-7.241180550000003,112.7352735
Kabel Drop,15/01 -> 15/01-02,14.13,m,,
Homepass (Titik Rumah),15/01-03,1,pcs,-7.241022969733233,112.73540856347813
Kabel Drop,15/01 -> 15/01-03,14.31,m,,
Homepass (Titik Rumah),15/01-04,1,pcs,-7.241029250000001,112.73549820000001
Kabel Drop,15/01 -> 15/01-04,21.82,m,,
Homepass (Titik Rumah),15/01-05,1,pcs,-7.24109389514382,112.73553527842517
Kabel Drop,15/01 -> 15/01-05,23.39,m,,
Homepass (Titik Rumah),15/01-06,1,pcs,-7.241098290808318,112.73561447672198
Kabel Drop,15/01 -> 15/01-06,33.74,m,,
Homepass (Titik Rumah),15/01-07,1,pcs,-7.240963049999999,112.73562779999999
Kabel Drop,15/01 -> 15/01-07,41.06,m,,
Homepass (Titik Rumah),15/01-08,1,pcs,-7.2409636,112.73479074999999
Kabel Drop,15/01 -> 15/01-08,78.21,m,,
ODP,15/02,1,pcs,-7.241353274293926,112.73516003017909
Kabel Distribusi,ODC 15 -> 15/02,36.1,m,,
Homepass (Titik Rumah),15/02-01,1,pcs,-7.2414206,112.73513449999999
Kabel Drop,15/02 -> 15/02-01,9.6,m,,
Homepass (Titik Rumah),15/02-02,1,pcs,-7.241435250000002,112.73521765000002
Kabel Drop,15/02 -> 15/02-02,13.33,m,,
Homepass (Titik Rumah),15/02-03,1,pcs,-7.2412993,112.73522889999997
Kabel Drop,15/02 -> 15/02-03,11.62,m,,
Homepass (Titik Rumah),15/02-04,1,pcs,-7.241266923193718,112.7351573410104
Kabel Drop,15/02 -> 15/02-04,11.53,m,,
Homepass (Titik Rumah),15/02-05,1,pcs,-7.2414057,112.73497300000001
Kabel Drop,15/02 -> 15/02-05,25.73,m,,
Homepass (Titik Rumah),15/02-06,1,pcs,-7.241263049999999,112.73509160000002
Kabel Drop,15/02 -> 15/02-06,15.07,m,,
Homepass (Titik Rumah),15/02-07,1,pcs,-7.241419122167504,112.73533497935487
Kabel Drop,15/02 -> 15/02-07,24.77,m,,
Homepass (Titik Rumah),15/02-08,1,pcs,-7.241157449999999,112.735172
Kabel Drop,15/02 -> 15/02-08,26.18,m,,
ODP,15/03,1,pcs,-7.240878651106433,112.73514161026851
Kabel Distribusi,ODC 15 -> 15/03,27.5,m,,
Homepass (Titik Rumah),15/03-01,1,pcs,-7.240771449999999,112.73521755
Kabel Drop,15/03 -> 15/03-01,17.48,m,,
Homepass (Titik Rumah),15/03-02,1,pcs,-7.240892072942921,112.73522629374006
Kabel Drop,15/03 -> 15/03-02,11.35,m,,
Homepass (Titik Rumah),15/03-03,1,pcs,-7.2407949332146755,112.73505935396149
Kabel Drop,15/03 -> 15/03-03,15.6,m,,
Homepass (Titik Rumah),15/03-04,1,pcs,-7.2408761,112.73507725
Kabel Drop,15/03 -> 15/03-04,8.53,m,,
Homepass (Titik Rumah),15/03-05,1,pcs,-7.240938178732872,112.7350497630769
Kabel Drop,15/03 -> 15/03-05,14.52,m,,
Homepass (Titik Rumah),15/03-06,1,pcs,-7.241008200000001,112.7351909
Kabel Drop,15/03 -> 15/03-06,18.48,m,,
Homepass (Titik Rumah),15/03-07,1,pcs,-7.240868250000002,112.73496250000001
Kabel Drop,15/03 -> 15/03-07,23.75,m,,
Homepass (Titik Rumah),15/03-08,1,pcs,-7.240823650000002,112.73494745
Kabel Drop,15/03 -> 15/03-08,26.73,m,,
ODP,15/04,1,pcs,-7.241048888376162,112.73500119879758
Kabel Distribusi,ODC 15 -> 15/04,22.67,m,,
Homepass (Titik Rumah),15/04-01,1,pcs,-7.241007781441346,112.7350585655137
Kabel Drop,15/04 -> 15/04-01,9.37,m,,
Homepass (Titik Rumah),15/04-02,1,pcs,-7.240995921071595,112.73498628862166
Kabel Drop,15/04 -> 15/04-02,7.34,m,,
Homepass (Titik Rumah),15/04-03,1,pcs,-7.241082799999999,112.7349512
Kabel Drop,15/04 -> 15/04-03,8.02,m,,
Homepass (Titik Rumah),15/04-04,1,pcs,-7.24113381365379,112.7350111235763
Kabel Drop,15/04 -> 15/04-04,11.41,m,,
Homepass (Titik Rumah),15/04-05,1,pcs,-7.241141829125343,112.73507160304366
Kabel Drop,15/04 -> 15/04-05,15.51,m,,
Homepass (Titik Rumah),15/04-06,1,pcs,-7.241148271131191,112.73512194743053
Kabel Drop,15/04 -> 15/04-06,20.77,m,,
Homepass (Titik Rumah),15/04-07,1,pcs,-7.240984228729738,112.73489395933635
Kabel Drop,15/04 -> 15/04-07,16.61,m,,
Homepass (Titik Rumah),15/04-08,1,pcs,-7.240906549778192,112.73491278979772
Kabel Drop,15/04 -> 15/04-08,22.31,m,,
ODC,ODC 16,1,pcs,-7.2405831347948935,112.73491636658115
Join Closure,JOIN CLOSURE ODC 16,1,pcs,-7.2405831347948935,112.73491636658115
ODP,16/01,1,pcs,-7.240512865713699,112.73492877198909
Kabel Distribusi,ODC 16 -> 16/01,9.52,m,,
Homepass (Titik Rumah),16/01-01,1,pcs,-7.24058951430834,112.73495657035441
Kabel Drop,16/01 -> 16/01-01,10.87,m,,
Homepass (Titik Rumah),16/01-02,1,pcs,-7.240513294481588,112.73498907988899
Kabel Drop,16/01 -> 16/01-02,7.98,m,,
Homepass (Titik Rumah),16/01-03,1,pcs,-7.240681499999999,112.73494470000001
Kabel Drop,16/01 -> 16/01-03,22.6,m,,
Homepass (Titik Rumah),16/01-04,1,pcs,-7.2404468500000005,112.73498629999999
Kabel Drop,16/01 -> 16/01-04,11.64,m,,
Homepass (Titik Rumah),16/01-05,1,pcs,-7.240742450000001,112.73484070000003
Kabel Drop,16/01 -> 16/01-05,32.78,m,,
Homepass (Titik Rumah),16/01-06,1,pcs,-7.240395113896524,112.73500862147533
Kabel Drop,16/01 -> 16/01-06,18.94,m,,
Homepass (Titik Rumah),16/01-07,1,pcs,-7.240413472979159,112.73506509550118
Kabel Drop,16/01 -> 16/01-07,22.39,m,,
Homepass (Titik Rumah),16/01-08,1,pcs,-7.240393599704559,112.73488139191913
Kabel Drop,16/01 -> 16/01-08,17.11,m,,
ODP,16/02,1,pcs,-7.240567781589472,112.73491901442613
Kabel Distribusi,ODC 16 -> 16/02,2.08,m,,
Homepass (Titik Rumah),16/02-01,1,pcs,-7.240561656800445,112.73475212205278
Kabel Drop,16/02 -> 16/02-01,22.11,m,,
Homepass (Titik Rumah),16/02-02,1,pcs,-7.240465400000001,112.7347652
Kabel Drop,16/02 -> 16/02-02,24.52,m,,
Homepass (Titik Rumah),16/02-03,1,pcs,-7.240581799999999,112.7348667
Kabel Drop,16/02 -> 16/02-03,7.17,m,,
Homepass (Titik Rumah),16/02-04,1,pcs,-7.24052275332021,112.7348632223409
Kabel Drop,16/02 -> 16/02-04,9.52,m,,
Homepass (Titik Rumah),16/02-05,1,pcs,-7.240631622304299,112.73485728780803
Kabel Drop,16/02 -> 16/02-05,11.8,m,,
Homepass (Titik Rumah),16/02-06,1,pcs,-7.240466670139982,112.73466343568268
Kabel Drop,16/02 -> 16/02-06,36.42,m,,
Homepass (Titik Rumah),16/02-07,1,pcs,-7.240689049999999,112.7348441
Kabel Drop,16/02 -> 16/02-07,18.98,m,,
Homepass (Titik Rumah),16/02-08,1,pcs,-7.240477477532752,112.73489451290014
Kabel Drop,16/02 -> 16/02-08,12.48,m,,
ODP,16/03,1,pcs,-7.24058585062518,112.73518268902679
Kabel Distribusi,ODC 16 -> 16/03,35.25,m,,
Homepass (Titik Rumah),16/03-01,1,pcs,-7.2405729702143855,112.73525223084589
Kabel Drop,16/03 -> 16/03-01,9.36,m,,
Homepass (Titik Rumah),16/03-02,1,pcs,-7.240616732127476,112.73524259415255
Kabel Drop,16/03 -> 16/03-02,8.94,m,,
Homepass (Titik Rumah),16/03-03,1,pcs,-7.240665249999999,112.7352307
Kabel Drop,16/03 -> 16/03-03,12.35,m,,
Homepass (Titik Rumah),16/03-04,1,pcs,-7.240579105978672,112.73511127169527
Kabel Drop,16/03 -> 16/03-04,9.5,m,,
Homepass (Titik Rumah),16/03-05,1,pcs,-7.240430821366598,112.73524498761091
Kabel Drop,16/03 -> 16/03-05,22.27,m,,
Homepass (Titik Rumah),16/03-06,1,pcs,-7.240717249999999,112.7352204
Kabel Drop,16/03 -> 16/03-06,18.23,m,,
Homepass (Titik Rumah),16/03-07,1,pcs,-7.240451010836453,112.73513337253642
Kabel Drop,16/03 -> 16/03-07,19.14,m,,
Homepass (Titik Rumah),16/03-08,1,pcs,-7.2406618499999995,112.73508430000001
Kabel Drop,16/03 -> 16/03-08,16.51,m,,
ODP,16/04,1,pcs,-7.240672593569989,112.73467298370188
Kabel Distribusi,ODC 16 -> 16/04,34.36,m,,
Homepass (Titik Rumah),16/04-01,1,pcs,-7.240694199999999,112.73460215
Kabel Drop,16/04 -> 16/04-01,9.81,m,,
Homepass (Titik Rumah),16/04-02,1,pcs,-7.2406169,112.7346076
Kabel Drop,16/04 -> 16/04-02,11.41,m,,
Homepass (Titik Rumah),16/04-03,1,pcs,-7.240689928373489,112.73451010274393
Kabel Drop,16/04 -> 16/04-03,21.68,m,,
Homepass (Titik Rumah),16/04-04,1,pcs,-7.240673621733271,112.73474138537806
Kabel Drop,16/04 -> 16/04-04,9.06,m,,
Homepass (Titik Rumah),16/04-05,1,pcs,-7.240599765014319,112.73446286916335
Kabel Drop,16/04 -> 16/04-05,29.46,m,,
Homepass (Titik Rumah),16/04-06,1,pcs,-7.240530019922878,112.73464124169627
Kabel Drop,16/04 -> 16/04-06,19.48,m,,
Homepass (Titik Rumah),16/04-07,1,pcs,-7.2406192467609225,112.73475382898002
Kabel Drop,16/04 -> 16/04-07,12.85,m,,
Homepass (Titik Rumah),16/04-08,1,pcs,-7.24083664872342,112.7344870219353
Kabel Drop,16/04 -> 16/04-08,32.94,m,,
ODC,ODC 17,1,pcs,-7.24095709877865,112.73451022980548
Join Closure,JOIN CLOSURE ODC 17,1,pcs,-7.24095709877865,112.73451022980548
ODP,17/01,1,pcs,-7.240846523929715,112.7346367270817
Kabel Distribusi,ODC 17 -> 17/01,22.32,m,,
Homepass (Titik Rumah),17/01-01,1,pcs,-7.240937655026804,112.73467452114635
Kabel Drop,17/01 -> 17/01-01,13.15,m,,
Homepass (Titik Rumah),17/01-02,1,pcs,-7.240873571248575,112.7346941870753
Kabel Drop,17/01 -> 17/01-02,8.42,m,,
Homepass (Titik Rumah),17/01-03,1,pcs,-7.2409082807784255,112.73457056429856
Kabel Drop,17/01 -> 17/01-03,12.03,m,,
Homepass (Titik Rumah),17/01-04,1,pcs,-7.2408983086594185,112.73478767240516
Kabel Drop,17/01 -> 17/01-04,21.14,m,,
Homepass (Titik Rumah),17/01-05,1,pcs,-7.240854549999999,112.7345787
Kabel Drop,17/01 -> 17/01-05,7.76,m,,
Homepass (Titik Rumah),17/01-06,1,pcs,-7.240778195398799,112.73471937930857
Kabel Drop,17/01 -> 17/01-06,14.24,m,,
Homepass (Titik Rumah),17/01-07,1,pcs,-7.240790644958724,112.73458092730263
Kabel Drop,17/01 -> 17/01-07,10.5,m,,
Homepass (Titik Rumah),17/01-08,1,pcs,-7.240804399999999,112.73484005
Kabel Drop,17/01 -> 17/01-08,27.49,m,,
ODP,17/02,1,pcs,-7.2409215128969056,112.73429041608996
Kabel Distribusi,ODC 17 -> 17/02,29.48,m,,
Homepass (Titik Rumah),17/02-01,1,pcs,-7.241048620344918,112.73430316707686
Kabel Drop,17/02 -> 17/02-01,17.04,m,,
Homepass (Titik Rumah),17/02-02,1,pcs,-7.241002704368729,112.73432087389493
Kabel Drop,17/02 -> 17/02-02,11.56,m,,
Homepass (Titik Rumah),17/02-03,1,pcs,-7.2409626153999795,112.73433626990077
Kabel Drop,17/02 -> 17/02-03,8.18,m,,
Homepass (Titik Rumah),17/02-04,1,pcs,-7.240998679399799,112.73438865416385
Kabel Drop,17/02 -> 17/02-04,16.59,m,,
Homepass (Titik Rumah),17/02-05,1,pcs,-7.2409494780409585,112.73427451022897
Kabel Drop,17/02 -> 17/02-05,4.28,m,,
Homepass (Titik Rumah),17/02-06,1,pcs,-7.240881900000001,112.73437265000001
Kabel Drop,17/02 -> 17/02-06,12.1,m,,
Homepass (Titik Rumah),17/02-07,1,pcs,-7.2407947654604765,112.73442492029243
Kabel Drop,17/02 -> 17/02-07,24.56,m,,
Homepass (Titik Rumah),17/02-08,1,pcs,-7.2412414984053965,112.73382008109286
Kabel Drop,17/02 -> 17/02-08,75.49,m,,
ODP,17/03,1,pcs,-7.2405102,112.7343505
Kabel Distribusi,ODC 17 -> 17/03,63.27,m,,
Homepass (Titik Rumah),17/03-01,1,pcs,-7.2402934000000005,112.73446034999999
Kabel Drop,17/03 -> 17/03-01,32.38,m,,
Homepass (Titik Rumah),17/03-02,1,pcs,-7.2403518,112.73433410000001
Kabel Drop,17/03 -> 17/03-02,21.25,m,,
Homepass (Titik Rumah),17/03-03,1,pcs,-7.24043835,112.7344359
Kabel Drop,17/03 -> 17/03-03,14.82,m,,
Homepass (Titik Rumah),17/03-04,1,pcs,-7.24012182863611,112.73438745396373
Kabel Drop,17/03 -> 17/03-04,52.05,m,,
Homepass (Titik Rumah),17/03-05,1,pcs,-7.240414549999999,112.73461829999998
Kabel Drop,17/03 -> 17/03-05,37.68,m,,
Homepass (Titik Rumah),17/03-06,1,pcs,-7.24024564122507,112.73420742851906
Kabel Drop,17/03 -> 17/03-06,40.06,m,,
Homepass (Titik Rumah),17/03-07,1,pcs,-7.240547220584766,112.73440133965269
Kabel Drop,17/03 -> 17/03-07,8.35,m,,
Homepass (Titik Rumah),17/03-08,1,pcs,-7.240101983998223,112.73423394281367
Kabel Drop,17/03 -> 17/03-08,56.61,m,,
ODP,17/04,1,pcs,-7.241686265942075,112.73474124041574
Kabel Distribusi,ODC 17 -> 17/04,101.99,m,,
Homepass (Titik Rumah),17/04-01,1,pcs,-7.2416526398960555,112.73472052727467
Kabel Drop,17/04 -> 17/04-01,5.26,m,,
Homepass (Titik Rumah),17/04-02,1,pcs,-7.241643131604544,112.73477357593848
Kabel Drop,17/04 -> 17/04-02,7.17,m,,
Homepass (Titik Rumah),17/04-03,1,pcs,-7.241630923929858,112.73462609419786
Kabel Drop,17/04 -> 17/04-03,16.94,m,,
Homepass (Titik Rumah),17/04-04,1,pcs,-7.241644471558624,112.73481877296486
Kabel Drop,17/04 -> 17/04-04,11.68,m,,
Homepass (Titik Rumah),17/04-05,1,pcs,-7.241760723559168,112.73471219589287
Kabel Drop,17/04 -> 17/04-05,10.65,m,,
Homepass (Titik Rumah),17/04-06,1,pcs,-7.24175915,112.73477685
Kabel Drop,17/04 -> 17/04-06,10.81,m,,
Homepass (Titik Rumah),17/04-07,1,pcs,-7.24176275,112.73463134999999
Kabel Drop,17/04 -> 17/04-07,17.77,m,,
Homepass (Titik Rumah),17/04-08,1,pcs,-7.241650963445576,112.73486885932454
Kabel Drop,17/04 -> 17/04-08,17.54,m,,
ODC,ODC 18,1,pcs,-7.2413250976283035,112.73412718912682
Join Closure,JOIN CLOSURE ODC 18,1,pcs,-7.2413250976283035,112.73412718912682
ODP,18/01,1,pcs,-7.241331666951372,112.73416250139212
Kabel Distribusi,ODC 18 -> 18/01,4.76,m,,
Homepass (Titik Rumah),18/01-01,1,pcs,-7.2414639546956785,112.73414247376515
Kabel Drop,18/01 -> 18/01-01,17.85,m,,
Homepass (Titik Rumah),18/01-02,1,pcs,-7.241463700000001,112.73419065000002
Kabel Drop,18/01 -> 18/01-02,18.01,m,,
Homepass (Titik Rumah),18/01-03,1,pcs,-7.2414584500000005,112.7340887
Kabel Drop,18/01 -> 18/01-03,19.54,m,,
Homepass (Titik Rumah),18/01-04,1,pcs,-7.241391314609462,112.73414237378917
Kabel Drop,18/01 -> 18/01-04,8.39,m,,
Homepass (Titik Rumah),18/01-05,1,pcs,-7.241493956630068,112.73407232345966
Kabel Drop,18/01 -> 18/01-05,24.73,m,,
Homepass (Titik Rumah),18/01-06,1,pcs,-7.241394949999999,112.73408615
Kabel Drop,18/01 -> 18/01-06,13.17,m,,
Homepass (Titik Rumah),18/01-07,1,pcs,-7.241394300000003,112.73419825000002
Kabel Drop,18/01 -> 18/01-07,9.6,m,,
Homepass (Titik Rumah),18/01-08,1,pcs,-7.24140937919582,112.73424380175166
Kabel Drop,18/01 -> 18/01-08,14.94,m,,
ODP,18/02,1,pcs,-7.241330180641822,112.73415352927063
Kabel Distribusi,ODC 18 -> 18/02,3.55,m,,
Homepass (Titik Rumah),18/02-01,1,pcs,-7.24129752168166,112.73414419043077
Kabel Drop,18/02 -> 18/02-01,4.53,m,,
Homepass (Titik Rumah),18/02-02,1,pcs,-7.241221100000001,112.73420715
Kabel Drop,18/02 -> 18/02-02,16.19,m,,
Homepass (Titik Rumah),18/02-03,1,pcs,-7.241292570631617,112.73425303298336
Kabel Drop,18/02 -> 18/02-03,14.09,m,,
Homepass (Titik Rumah),18/02-04,1,pcs,-7.24139305,112.73401485
Kabel Drop,18/02 -> 18/02-04,20.18,m,,
Homepass (Titik Rumah),18/02-05,1,pcs,-7.241218126704402,112.73429556134133
Kabel Drop,18/02 -> 18/02-05,24.02,m,,
Homepass (Titik Rumah),18/02-06,1,pcs,-7.241151849999999,112.73425479999999
Kabel Drop,18/02 -> 18/02-06,27.31,m,,
Homepass (Titik Rumah),18/02-07,1,pcs,-7.241095828659036,112.73425882543836
Kabel Drop,18/02 -> 18/02-07,34.24,m,,
Homepass (Titik Rumah),18/02-08,1,pcs,-7.241360506796235,112.73390102329446
Kabel Drop,18/02 -> 18/02-08,33.67,m,,
ODP,18/03,1,pcs,-7.2411669,112.7341645
Kabel Distribusi,ODC 18 -> 18/03,21.68,m,,
Homepass (Titik Rumah),18/03-01,1,pcs,-7.241081030223346,112.73398150265645
Kabel Drop,18/03 -> 18/03-01,26.8,m,,
Homepass (Titik Rumah),18/03-02,1,pcs,-7.241195349999999,112.73402325
Kabel Drop,18/03 -> 18/03-02,19.08,m,,
Homepass (Titik Rumah),18/03-03,1,pcs,-7.241215396812071,112.73394096926371
Kabel Drop,18/03 -> 18/03-03,30.29,m,,
Homepass (Titik Rumah),18/03-04,1,pcs,-7.241080145000195,112.7341265763453
Kabel Drop,18/03 -> 18/03-04,12.62,m,,
Homepass (Titik Rumah),18/03-05,1,pcs,-7.241212749999999,112.734102
Kabel Drop,18/03 -> 18/03-05,10.29,m,,
Homepass (Titik Rumah),18/03-06,1,pcs,-7.24126785,112.73399850000001
Kabel Drop,18/03 -> 18/03-06,25.77,m,,
Homepass (Titik Rumah),18/03-07,1,pcs,-7.24114015,112.73417445000001
Kabel Drop,18/03 -> 18/03-07,3.8,m,,
Homepass (Titik Rumah),18/03-08,1,pcs,-7.241279481772204,112.73407237309188
Kabel Drop,18/03 -> 18/03-08,19.35,m,,
ODP,18/04,1,pcs,-7.241617450711613,112.73414837737135
Kabel Distribusi,ODC 18 -> 18/04,39.11,m,,
Homepass (Titik Rumah),18/04-01,1,pcs,-7.2415869,112.7341558
Kabel Drop,18/04 -> 18/04-01,4.19,m,,
Homepass (Titik Rumah),18/04-02,1,pcs,-7.241538973669193,112.73416214042471
Kabel Drop,18/04 -> 18/04-02,10.63,m,,
Homepass (Titik Rumah),18/04-03,1,pcs,-7.241582923230935,112.7342046951053
Kabel Drop,18/04 -> 18/04-03,8.76,m,,
Homepass (Titik Rumah),18/04-04,1,pcs,-7.241558100000002,112.73411195
Kabel Drop,18/04 -> 18/04-04,9.27,m,,
Homepass (Titik Rumah),18/04-05,1,pcs,-7.2415012500000016,112.7341736
Kabel Drop,18/04 -> 18/04-05,15.86,m,,
Homepass (Titik Rumah),18/04-06,1,pcs,-7.241495294734191,112.73412122627784
Kabel Drop,18/04 -> 18/04-06,16.69,m,,
Homepass (Titik Rumah),18/04-07,1,pcs,-7.241579227717636,112.73425445362852
Kabel Drop,18/04 -> 18/04-07,14.94,m,,
Homepass (Titik Rumah),18/04-08,1,pcs,-7.24153525,112.73406835
Kabel Drop,18/04 -> 18/04-08,15.25,m,,
ODC,ODC 19,1,pcs,-7.241675887748949,112.73420752297947
Join Closure,JOIN CLOSURE ODC 19,1,pcs,-7.241675887748949,112.73420752297947
ODP,19/01,1,pcs,-7.241635346891131,112.7341172998926
Kabel Distribusi,ODC 19 -> 19/01,13.11,m,,
Homepass (Titik Rumah),19/01-01,1,pcs,-7.241752427619048,112.73409041301586
Kabel Drop,19/01 -> 19/01-01,16.02,m,,
Homepass (Titik Rumah),19/01-02,1,pcs,-7.2416879000000005,112.73407019999999
Kabel Drop,19/01 -> 19/01-02,9.38,m,,
Homepass (Titik Rumah),19/01-03,1,pcs,-7.2416978557772795,112.73414432331295
Kabel Drop,19/01 -> 19/01-03,9.08,m,,
Homepass (Titik Rumah),19/01-04,1,pcs,-7.241807905557853,112.73418367292302
Kabel Drop,19/01 -> 19/01-04,24.64,m,,
Homepass (Titik Rumah),19/01-05,1,pcs,-7.241683399999999,112.73399869999999
Kabel Drop,19/01 -> 19/01-05,16.96,m,,
Homepass (Titik Rumah),19/01-06,1,pcs,-7.24168892319361,112.73418704422075
Kabel Drop,19/01 -> 19/01-06,11.68,m,,
Homepass (Titik Rumah),19/01-07,1,pcs,-7.2417222308534175,112.73423108174069
Kabel Drop,19/01 -> 19/01-07,19.01,m,,
Homepass (Titik Rumah),19/01-08,1,pcs,-7.241687922491646,112.73395694744137
Kabel Drop,19/01 -> 19/01-08,22.36,m,,
ODP,19/02,1,pcs,-7.2416557687189105,112.73429079146325
Kabel Distribusi,ODC 19 -> 19/02,11.34,m,,
Homepass (Titik Rumah),19/02-01,1,pcs,-7.24155495,112.73401054999998
Kabel Drop,19/02 -> 19/02-01,39.46,m,,
Homepass (Titik Rumah),19/02-02,1,pcs,-7.241736296182303,112.73428010672784
Kabel Drop,19/02 -> 19/02-02,10.84,m,,
Homepass (Titik Rumah),19/02-03,1,pcs,-7.2417463720821935,112.73433119778802
Kabel Drop,19/02 -> 19/02-03,13.22,m,,
Homepass (Titik Rumah),19/02-04,1,pcs,-7.241842449999999,112.73425854999999
Kabel Drop,19/02 -> 19/02-04,25.27,m,,
Homepass (Titik Rumah),19/02-05,1,pcs,-7.241830350000001,112.7342949
Kabel Drop,19/02 -> 19/02-05,23.3,m,,
Homepass (Titik Rumah),19/02-06,1,pcs,-7.241728350000003,112.73438040000003
Kabel Drop,19/02 -> 19/02-06,15.31,m,,
Homepass (Titik Rumah),19/02-07,1,pcs,-7.241869823095609,112.73430113658192
Kabel Drop,19/02 -> 19/02-07,28.59,m,,
Homepass (Titik Rumah),19/02-08,1,pcs,-7.241867300000002,112.73436004999999
Kabel Drop,19/02 -> 19/02-08,29.68,m,,
ODP,19/03,1,pcs,-7.241634711708156,112.73429708583154
Kabel Distribusi,ODC 19 -> 19/03,13.07,m,,
Homepass (Titik Rumah),19/03-01,1,pcs,-7.241504677248417,112.73425395739615
Kabel Drop,19/03 -> 19/03-01,18.27,m,,
Homepass (Titik Rumah),19/03-02,1,pcs,-7.241516623431992,112.7343052888912
Kabel Drop,19/03 -> 19/03-02,15.79,m,,
Homepass (Titik Rumah),19/03-03,1,pcs,-7.241468014495048,112.73429473218776
Kabel Drop,19/03 -> 19/03-03,22.25,m,,
Homepass (Titik Rumah),19/03-04,1,pcs,-7.241573750000001,112.734301
Kabel Drop,19/03 -> 19/03-04,8.15,m,,
Homepass (Titik Rumah),19/03-05,1,pcs,-7.241471999999998,112.73434059999998
Kabel Drop,19/03 -> 19/03-05,22.46,m,,
Homepass (Titik Rumah),19/03-06,1,pcs,-7.24139915,112.73428575
Kabel Drop,19/03 -> 19/03-06,31.47,m,,
Homepass (Titik Rumah),19/03-07,1,pcs,-7.241521849999998,112.73436315
Kabel Drop,19/03 -> 19/03-07,17.41,m,,
Homepass (Titik Rumah),19/03-08,1,pcs,-7.2415909221776325,112.7343518450699
Kabel Drop,19/03 -> 19/03-08,9.31,m,,
ODP,19/04,1,pcs,-7.241890209612518,112.7340690280986
Kabel Distribusi,ODC 19 -> 19/04,33.97,m,,
Homepass (Titik Rumah),19/04-01,1,pcs,-7.2419647036424095,112.73404564358934
Kabel Drop,19/04 -> 19/04-01,10.41,m,,
Homepass (Titik Rumah),19/04-02,1,pcs,-7.241954600000001,112.73414425
Kabel Drop,19/04 -> 19/04-02,13.15,m,,
Homepass (Titik Rumah),19/04-03,1,pcs,-7.242028499999999,112.73413609999999
Kabel Drop,19/04 -> 19/04-03,20.48,m,,
Homepass (Titik Rumah),19/04-04,1,pcs,-7.241824292712599,112.73404042663097
Kabel Drop,19/04 -> 19/04-04,9.58,m,,
Homepass (Titik Rumah),19/04-05,1,pcs,-7.241813900000003,112.73398045000002
Kabel Drop,19/04 -> 19/04-05,15.53,m,,
Homepass (Titik Rumah),19/04-06,1,pcs,-7.241846502230257,112.7341744231944
Kabel Drop,19/04 -> 19/04-06,15.12,m,,
Homepass (Titik Rumah),19/04-07,1,pcs,-7.241792049999999,112.734103
Kabel Drop,19/04 -> 19/04-07,13.85,m,,
Homepass (Titik Rumah),19/04-08,1,pcs,-7.241806799999999,112.73392955
Kabel Drop,19/04 -> 19/04-08,21.56,m,,
ODC,ODC 20,1,pcs,-7.241391465148909,112.73448358521075
Join Closure,JOIN CLOSURE ODC 20,1,pcs,-7.241391465148909,112.73448358521075
ODP,20/01,1,pcs,-7.2414311,112.7345712
Kabel Distribusi,ODC 20 -> 20/01,12.75,m,,
Homepass (Titik Rumah),20/01-01,1,pcs,-7.24154017316795,112.73453534022983
Kabel Drop,20/01 -> 20/01-01,15.31,m,,
Homepass (Titik Rumah),20/01-02,1,pcs,-7.2415643245108505,112.7345849104589
Kabel Drop,20/01 -> 20/01-02,17.87,m,,
Homepass (Titik Rumah),20/01-03,1,pcs,-7.241611419570394,112.73452767413032
Kabel Drop,20/01 -> 20/01-03,24.74,m,,
Homepass (Titik Rumah),20/01-04,1,pcs,-7.241626112617657,112.73457362396343
Kabel Drop,20/01 -> 20/01-04,26.02,m,,
Homepass (Titik Rumah),20/01-05,1,pcs,-7.241624200000001,112.73449289999999
Kabel Drop,20/01 -> 20/01-05,27.77,m,,
Homepass (Titik Rumah),20/01-06,1,pcs,-7.2413746277246975,112.73455445752535
Kabel Drop,20/01 -> 20/01-06,7.85,m,,
Homepass (Titik Rumah),20/01-07,1,pcs,-7.24135255,112.7345039
Kabel Drop,20/01 -> 20/01-07,13.76,m,,
Homepass (Titik Rumah),20/01-08,1,pcs,-7.241358069423246,112.73461314856168
Kabel Drop,20/01 -> 20/01-08,11.22,m,,
ODP,20/02,1,pcs,-7.241392933406741,112.73448963239447
Kabel Distribusi,ODC 20 -> 20/02,0.82,m,,
Homepass (Titik Rumah),20/02-01,1,pcs,-7.2414862229332115,112.73441493389072
Kabel Drop,20/02 -> 20/02-01,15.9,m,,
Homepass (Titik Rumah),20/02-02,1,pcs,-7.241515571790379,112.73446874580401
Kabel Drop,20/02 -> 20/02-02,16.6,m,,
Homepass (Titik Rumah),20/02-03,1,pcs,-7.241422923567169,112.73442814423292
Kabel Drop,20/02 -> 20/02-03,9.07,m,,
Homepass (Titik Rumah),20/02-04,1,pcs,-7.241438499999999,112.73448404999999
Kabel Drop,20/02 -> 20/02-04,6.12,m,,
Homepass (Titik Rumah),20/02-05,1,pcs,-7.241573300000001,112.73440895
Kabel Drop,20/02 -> 20/02-05,26.33,m,,
Homepass (Titik Rumah),20/02-06,1,pcs,-7.241404354574339,112.73434400399636
Kabel Drop,20/02 -> 20/02-06,19.34,m,,
Homepass (Titik Rumah),20/02-07,1,pcs,-7.241603228393091,112.73445470334363
Kabel Drop,20/02 -> 20/02-07,28.44,m,,
Homepass (Titik Rumah),20/02-08,1,pcs,-7.241474290395922,112.73454422797847
Kabel Drop,20/02 -> 20/02-08,13.04,m,,
ODP,20/03,1,pcs,-7.241241093122561,112.73456080729665
Kabel Distribusi,ODC 20 -> 20/03,22.52,m,,
Homepass (Titik Rumah),20/03-01,1,pcs,-7.241194600000002,112.73451825000002
Kabel Drop,20/03 -> 20/03-01,8.38,m,,
Homepass (Titik Rumah),20/03-02,1,pcs,-7.241188859700413,112.73459797333221
Kabel Drop,20/03 -> 20/03-02,8.53,m,,
Homepass (Titik Rumah),20/03-03,1,pcs,-7.241173717867986,112.73440309817362
Kabel Drop,20/03 -> 20/03-03,22.73,m,,
Homepass (Titik Rumah),20/03-04,1,pcs,-7.241054449999999,112.73449455000002
Kabel Drop,20/03 -> 20/03-04,26.4,m,,
Homepass (Titik Rumah),20/03-05,1,pcs,-7.241203634558061,112.73466917822596
Kabel Drop,20/03 -> 20/03-05,15.19,m,,
Homepass (Titik Rumah),20/03-06,1,pcs,-7.241103450000003,112.73464640000002
Kabel Drop,20/03 -> 20/03-06,21.58,m,,
Homepass (Titik Rumah),20/03-07,1,pcs,-7.241033250000001,112.73462965
Kabel Drop,20/03 -> 20/03-07,29.19,m,,
Homepass (Titik Rumah),20/03-08,1,pcs,-7.24108185,112.7346949
Kabel Drop,20/03 -> 20/03-08,27.69,m,,
ODP,20/04,1,pcs,-7.241224555222132,112.73447246904662
Kabel Distribusi,ODC 20 -> 20/04,22.32,m,,
Homepass (Titik Rumah),20/04-01,1,pcs,-7.24134725,112.73445445
Kabel Drop,20/04 -> 20/04-01,16.54,m,,
Homepass (Titik Rumah),20/04-02,1,pcs,-7.241324669892589,112.73440849561477
Kabel Drop,20/04 -> 20/04-02,15.82,m,,
Homepass (Titik Rumah),20/04-03,1,pcs,-7.2412771000000005,112.73446769999998
Kabel Drop,20/04 -> 20/04-03,7.04,m,,
Homepass (Titik Rumah),20/04-04,1,pcs,-7.241290906878519,112.73451437509574
Kabel Drop,20/04 -> 20/04-04,10.45,m,,
Homepass (Titik Rumah),20/04-05,1,pcs,-7.241251,112.73443285000002
Kabel Drop,20/04 -> 20/04-05,6.32,m,,
Homepass (Titik Rumah),20/04-06,1,pcs,-7.241251689424656,112.73438947821143
Kabel Drop,20/04 -> 20/04-06,11.57,m,,
Homepass (Titik Rumah),20/04-07,1,pcs,-7.241296477772404,112.73456950535314
Kabel Drop,20/04 -> 20/04-07,16.03,m,,
Homepass (Titik Rumah),20/04-08,1,pcs,-7.241184422474967,112.73446294498235
Kabel Drop,20/04 -> 20/04-08,5.5,m,,
ODC,ODC 21,1,pcs,-7.24147990710149,112.73483507590366
Join Closure,JOIN CLOSURE ODC 21,1,pcs,-7.24147990710149,112.73483507590366
ODP,21/01,1,pcs,-7.241297667029687,112.73486300043018
Kabel Distribusi,ODC 21 -> 21/01,24.6,m,,
Homepass (Titik Rumah),21/01-01,1,pcs,-7.241150012101433,112.73489542307408
Kabel Drop,21/01 -> 21/01-01,20.16,m,,
Homepass (Titik Rumah),21/01-02,1,pcs,-7.241091300000002,112.7348402
Kabel Drop,21/01 -> 21/01-02,27.7,m,,
Homepass (Titik Rumah),21/01-03,1,pcs,-7.24112412290888,112.73478669686234
Kabel Drop,21/01 -> 21/01-03,25.26,m,,
Homepass (Titik Rumah),21/01-04,1,pcs,-7.241259950000001,112.73485255
Kabel Drop,21/01 -> 21/01-04,5.22,m,,
Homepass (Titik Rumah),21/01-05,1,pcs,-7.241275156442519,112.73491072350707
Kabel Drop,21/01 -> 21/01-05,6.99,m,,
Homepass (Titik Rumah),21/01-06,1,pcs,-7.24126135,112.73496939999998
Kabel Drop,21/01 -> 21/01-06,14.89,m,,
Homepass (Titik Rumah),21/01-07,1,pcs,-7.241222115821425,112.73474347223855
Kabel Drop,21/01 -> 21/01-07,18.76,m,,
Homepass (Titik Rumah),21/01-08,1,pcs,-7.241274550000001,112.73504085
Kabel Drop,21/01 -> 21/01-08,23.74,m,,
ODP,21/02,1,pcs,-7.241464911845033,112.73474841495158
Kabel Distribusi,ODC 21 -> 21/02,11.64,m,,
Homepass (Titik Rumah),21/02-01,1,pcs,-7.241344599999999,112.73477760000002
Kabel Drop,21/02 -> 21/02-01,16.51,m,,
Homepass (Titik Rumah),21/02-02,1,pcs,-7.241384650000001,112.73481914999999
Kabel Drop,21/02 -> 21/02-02,14.23,m,,
Homepass (Titik Rumah),21/02-03,1,pcs,-7.241369721983062,112.73472032195725
Kabel Drop,21/02 -> 21/02-03,13.23,m,,
Homepass (Titik Rumah),21/02-04,1,pcs,-7.241429958975826,112.73475862191754
Kabel Drop,21/02 -> 21/02-04,4.86,m,,
Homepass (Titik Rumah),21/02-05,1,pcs,-7.241439122454116,112.73480449245115
Kabel Drop,21/02 -> 21/02-05,8.18,m,,
Homepass (Titik Rumah),21/02-06,1,pcs,-7.241323253803596,112.73466847543547
Kabel Drop,21/02 -> 21/02-06,21.66,m,,
Homepass (Titik Rumah),21/02-07,1,pcs,-7.241399014991087,112.73489288274871
Kabel Drop,21/02 -> 21/02-07,21.05,m,,
Homepass (Titik Rumah),21/02-08,1,pcs,-7.24140655,112.73465820000001
Kabel Drop,21/02 -> 21/02-08,14.26,m,,
ODP,21/03,1,pcs,-7.241459151645039,112.73471652452103
Kabel Distribusi,ODC 21 -> 21/03,15.94,m,,
Homepass (Titik Rumah),21/03-01,1,pcs,-7.241500037033287,112.73471731548429
Kabel Drop,21/03 -> 21/03-01,5.46,m,,
Homepass (Titik Rumah),21/03-02,1,pcs,-7.241550577809445,112.73469071060647
Kabel Drop,21/03 -> 21/03-02,12.67,m,,
Homepass (Titik Rumah),21/03-03,1,pcs,-7.241491387284387,112.73466017700724
Kabel Drop,21/03 -> 21/03-03,8.61,m,,
Homepass (Titik Rumah),21/03-04,1,pcs,-7.241511697137412,112.7347826163622
Kabel Drop,21/03 -> 21/03-04,11.21,m,,
Homepass (Titik Rumah),21/03-05,1,pcs,-7.241568675838746,112.73463872826986
Kabel Drop,21/03 -> 21/03-05,17.88,m,,
Homepass (Titik Rumah),21/03-06,1,pcs,-7.241508427618074,112.7346040558888
Kabel Drop,21/03 -> 21/03-06,16.27,m,,
Homepass (Titik Rumah),21/03-07,1,pcs,-7.241525249999999,112.73483915
Kabel Drop,21/03 -> 21/03-07,18.47,m,,
Homepass (Titik Rumah),21/03-08,1,pcs,-7.241635775962301,112.7346877052957
Kabel Drop,21/03 -> 21/03-08,23.87,m,,
ODP,21/04,1,pcs,-7.241485125003024,112.73504305210852
Kabel Distribusi,ODC 21 -> 21/04,27.54,m,,
Homepass (Titik Rumah),21/04-01,1,pcs,-7.241658499999999,112.73500805
Kabel Drop,21/04 -> 21/04-01,23.59,m,,
Homepass (Titik Rumah),21/04-02,1,pcs,-7.2415345,112.73500270000001
Kabel Drop,21/04 -> 21/04-02,8.48,m,,
Homepass (Titik Rumah),21/04-03,1,pcs,-7.241533170984456,112.7349508131261
Kabel Drop,21/04 -> 21/04-03,13.79,m,,
Homepass (Titik Rumah),21/04-04,1,pcs,-7.241658650000001,112.7351488
Kabel Drop,21/04 -> 21/04-04,27.06,m,,
Homepass (Titik Rumah),21/04-05,1,pcs,-7.241536967445692,112.73508083416881
Kabel Drop,21/04 -> 21/04-05,8.54,m,,
Homepass (Titik Rumah),21/04-06,1,pcs,-7.24152675,112.73488765
Kabel Drop,21/04 -> 21/04-06,21.31,m,,
Homepass (Titik Rumah),21/04-07,1,pcs,-7.241541865647423,112.7351994680332
Kabel Drop,21/04 -> 21/04-07,22.05,m,,
Homepass (Titik Rumah),21/04-08,1,pcs,-7.241408611226501,112.7350560215832
Kabel Drop,21/04 -> 21/04-08,10.35,m,,
ODC,ODC 22,1,pcs,-7.241970720898164,112.73488885087832
Join Closure,JOIN CLOSURE ODC 22,1,pcs,-7.241970720898164,112.73488885087832
ODP,22/01,1,pcs,-7.241729225845391,112.73491483904543
Kabel Distribusi,ODC 22 -> 22/01,32.41,m,,
Homepass (Titik Rumah),22/01-01,1,pcs,-7.241799725785013,112.73484600284908
Kabel Drop,22/01 -> 22/01-01,13.1,m,,
Homepass (Titik Rumah),22/01-02,1,pcs,-7.241807603297614,112.7349001723239
Kabel Drop,22/01 -> 22/01-02,10.64,m,,
Homepass (Titik Rumah),22/01-03,1,pcs,-7.241807299999997,112.73494825000003
Kabel Drop,22/01 -> 22/01-03,11.32,m,,
Homepass (Titik Rumah),22/01-04,1,pcs,-7.241843741278417,112.73470872593222
Kabel Drop,22/01 -> 22/01-04,31.27,m,,
Homepass (Titik Rumah),22/01-05,1,pcs,-7.241802629952021,112.7349986753174
Kabel Drop,22/01 -> 22/01-05,14.8,m,,
Homepass (Titik Rumah),22/01-06,1,pcs,-7.241653349999999,112.7349163
Kabel Drop,22/01 -> 22/01-06,10.13,m,,
Homepass (Titik Rumah),22/01-07,1,pcs,-7.241907036166703,112.73498488100752
Kabel Drop,22/01 -> 22/01-07,25.47,m,,
Homepass (Titik Rumah),22/01-08,1,pcs,-7.241650400000003,112.73496415
Kabel Drop,22/01 -> 22/01-08,12.38,m,,
ODP,22/02,1,pcs,-7.242019079266636,112.73495244372661
Kabel Distribusi,ODC 22 -> 22/02,10.61,m,,
Homepass (Titik Rumah),22/02-01,1,pcs,-7.242133402022576,112.73500772281129
Kabel Drop,22/02 -> 22/02-01,16.92,m,,
Homepass (Titik Rumah),22/02-02,1,pcs,-7.242076715840353,112.73491910105841
Kabel Drop,22/02 -> 22/02-02,8.87,m,,
Homepass (Titik Rumah),22/02-03,1,pcs,-7.242238132835958,112.73492786325698
Kabel Drop,22/02 -> 22/02-03,29.41,m,,
Homepass (Titik Rumah),22/02-04,1,pcs,-7.242192100000001,112.73486630000001
Kabel Drop,22/02 -> 22/02-04,25.75,m,,
Homepass (Titik Rumah),22/02-05,1,pcs,-7.241980540405622,112.73495704523769
Kabel Drop,22/02 -> 22/02-05,5.18,m,,
Homepass (Titik Rumah),22/02-06,1,pcs,-7.242049249999999,112.73487025
Kabel Drop,22/02 -> 22/02-06,11.6,m,,
Homepass (Titik Rumah),22/02-07,1,pcs,-7.2420070316043015,112.73480946730679
Kabel Drop,22/02 -> 22/02-07,18.99,m,,
Homepass (Titik Rumah),22/02-08,1,pcs,-7.242120161737888,112.73476772100084
Kabel Drop,22/02 -> 22/02-08,27.92,m,,
ODP,22/03,1,pcs,-7.241928736808834,112.73446096800733
Kabel Distribusi,ODC 22 -> 22/03,56.92,m,,
Homepass (Titik Rumah),22/03-01,1,pcs,-7.241826193777575,112.7344337273741
Kabel Drop,22/03 -> 22/03-01,14.15,m,,
Homepass (Titik Rumah),22/03-02,1,pcs,-7.24188785,112.73442055000001
Kabel Drop,22/03 -> 22/03-02,7.64,m,,
Homepass (Titik Rumah),22/03-03,1,pcs,-7.241738888232178,112.73444587941957
Kabel Drop,22/03 -> 22/03-03,25.41,m,,
Homepass (Titik Rumah),22/03-04,1,pcs,-7.241873138216122,112.73450902616472
Kabel Drop,22/03 -> 22/03-04,9.77,m,,
Homepass (Titik Rumah),22/03-05,1,pcs,-7.2417582499999975,112.7345364
Kabel Drop,22/03 -> 22/03-05,24.84,m,,
Homepass (Titik Rumah),22/03-06,1,pcs,-7.241888149999999,112.73456665
Kabel Drop,22/03 -> 22/03-06,15.0,m,,
Homepass (Titik Rumah),22/03-07,1,pcs,-7.241996349999998,112.73443909999999
Kabel Drop,22/03 -> 22/03-07,9.47,m,,
Homepass (Titik Rumah),22/03-08,1,pcs,-7.2420017752920725,112.73439150413797
Kabel Drop,22/03 -> 22/03-08,13.4,m,,
ODP,22/04,1,pcs,-7.2422285,112.7352118
Kabel Distribusi,ODC 22 -> 22/04,54.87,m,,
Homepass (Titik Rumah),22/04-01,1,pcs,-7.242514323658149,112.73485949511654
Kabel Drop,22/04 -> 22/04-01,60.24,m,,
Homepass (Titik Rumah),22/04-02,1,pcs,-7.242960499534549,112.73519115717238
Kabel Drop,22/04 -> 22/04-02,97.71,m,,
Homepass (Titik Rumah),22/04-03,1,pcs,-7.2428651017706605,112.73562389147932
Kabel Drop,22/04 -> 22/04-03,100.95,m,,
Homepass (Titik Rumah),22/04-04,1,pcs,-7.242978897493713,112.73591621929125
Kabel Drop,22/04 -> 22/04-04,136.82,m,,
Homepass (Titik Rumah),22/04-05,1,pcs,-7.243084931709531,112.73594823183555
Kabel Drop,22/04 -> 22/04-05,150.21,m,,
Homepass (Titik Rumah),22/04-06,1,pcs,-7.243096700000004,112.73655520000003
Kabel Drop,22/04 -> 22/04-06,212.23,m,,
Homepass (Titik Rumah),22/04-07,1,pcs,-7.240962990923529,112.73365963059172
Kabel Drop,22/04 -> 22/04-07,265.95,m,,
Homepass (Titik Rumah),22/04-08,1,pcs,-7.24128775,112.73329060000002
Kabel Drop,22/04 -> 22/04-08,283.6,m,,
ODC,ODC 23,1,pcs,-7.242260696203954,112.73433691248704
Join Closure,JOIN CLOSURE ODC 23,1,pcs,-7.242260696203954,112.73433691248704
ODP,23/01,1,pcs,-7.2422596,112.734609
Kabel Distribusi,ODC 23 -> 23/01,36.02,m,,
Homepass (Titik Rumah),23/01-01,1,pcs,-7.242104800000001,112.73470740000002
Kabel Drop,23/01 -> 23/01-01,24.42,m,,
Homepass (Titik Rumah),23/01-02,1,pcs,-7.242159400000001,112.73469795000001
Kabel Drop,23/01 -> 23/01-02,17.82,m,,
Homepass (Titik Rumah),23/01-03,1,pcs,-7.2421135,112.73465184999999
Kabel Drop,23/01 -> 23/01-03,20.3,m,,
Homepass (Titik Rumah),23/01-04,1,pcs,-7.24199709791471,112.73469978663954
Kabel Drop,23/01 -> 23/01-04,37.03,m,,
Homepass (Titik Rumah),23/01-05,1,pcs,-7.24219337335907,112.73461429521318
Kabel Drop,23/01 -> 23/01-05,8.86,m,,
Homepass (Titik Rumah),23/01-06,1,pcs,-7.24201692601481,112.73461239710633
Kabel Drop,23/01 -> 23/01-06,32.38,m,,
Homepass (Titik Rumah),23/01-07,1,pcs,-7.2422105499999985,112.73453585000001
Kabel Drop,23/01 -> 23/01-07,11.69,m,,
Homepass (Titik Rumah),23/01-08,1,pcs,-7.241990549999998,112.73449105
Kabel Drop,23/01 -> 23/01-08,39.15,m,,
ODP,23/02,1,pcs,-7.2422544,112.7343388
Kabel Distribusi,ODC 23 -> 23/02,0.88,m,,
Homepass (Titik Rumah),23/02-01,1,pcs,-7.2422068807569895,112.73446091092065
Kabel Drop,23/02 -> 23/02-01,17.36,m,,
Homepass (Titik Rumah),23/02-02,1,pcs,-7.242224924635838,112.73437919309369
Kabel Drop,23/02 -> 23/02-02,6.64,m,,
Homepass (Titik Rumah),23/02-03,1,pcs,-7.2422783743361645,112.7343667893294
Kabel Drop,23/02 -> 23/02-03,4.89,m,,
Homepass (Titik Rumah),23/02-04,1,pcs,-7.242084749999998,112.73439219999999
Kabel Drop,23/02 -> 23/02-04,23.71,m,,
Homepass (Titik Rumah),23/02-05,1,pcs,-7.2421829542586265,112.73429686997551
Kabel Drop,23/02 -> 23/02-05,11.03,m,,
Homepass (Titik Rumah),23/02-06,1,pcs,-7.242218469092492,112.73428563798115
Kabel Drop,23/02 -> 23/02-06,8.52,m,,
Homepass (Titik Rumah),23/02-07,1,pcs,-7.242381338895738,112.73448943121238
Kabel Drop,23/02 -> 23/02-07,26.16,m,,
Homepass (Titik Rumah),23/02-08,1,pcs,-7.242085899999999,112.73432709999999
Kabel Drop,23/02 -> 23/02-08,22.54,m,,
ODP,23/03,1,pcs,-7.2422967320619716,112.73432610944609
Kabel Distribusi,ODC 23 -> 23/03,5.02,m,,
Homepass (Titik Rumah),23/03-01,1,pcs,-7.2419944,112.73433275000002
Kabel Drop,23/03 -> 23/03-01,40.35,m,,
Homepass (Titik Rumah),23/03-02,1,pcs,-7.241978400000002,112.73425510000001
Kabel Drop,23/03 -> 23/03-02,43.5,m,,
Homepass (Titik Rumah),23/03-03,1,pcs,-7.2420825341647905,112.73426787757683
Kabel Drop,23/03 -> 23/03-03,29.6,m,,
Homepass (Titik Rumah),23/03-04,1,pcs,-7.2420581727911335,112.7342214922968
Kabel Drop,23/03 -> 23/03-04,34.71,m,,
Homepass (Titik Rumah),23/03-05,1,pcs,-7.242494426386588,112.73434931524805
Kabel Drop,23/03 -> 23/03-05,26.56,m,,
Homepass (Titik Rumah),23/03-06,1,pcs,-7.242535949999999,112.73440084999999
Kabel Drop,23/03 -> 23/03-06,33.42,m,,
Homepass (Titik Rumah),23/03-07,1,pcs,-7.24256495,112.73430714999999
Kabel Drop,23/03 -> 23/03-07,35.88,m,,
Homepass (Titik Rumah),23/03-08,1,pcs,-7.242673450000001,112.73450245000001
Kabel Drop,23/03 -> 23/03-08,55.42,m,,
ODP,23/04,1,pcs,-7.242306874350906,112.73432332397209
Kabel Distribusi,ODC 23 -> 23/04,6.42,m,,
Homepass (Titik Rumah),23/04-01,1,pcs,-7.2422562474873375,112.73426672931625
Kabel Drop,23/04 -> 23/04-01,10.09,m,,
Homepass (Titik Rumah),23/04-02,1,pcs,-7.24229415,112.7342243
Kabel Drop,23/04 -> 23/04-02,13.22,m,,
Homepass (Titik Rumah),23/04-03,1,pcs,-7.242261250000001,112.73417305000001
Kabel Drop,23/04 -> 23/04-03,20.8,m,,
Homepass (Titik Rumah),23/04-04,1,pcs,-7.242194850000001,112.7341887
Kabel Drop,23/04 -> 23/04-04,23.26,m,,
Homepass (Titik Rumah),23/04-05,1,pcs,-7.2423889,112.7342259
Kabel Drop,23/04 -> 23/04-05,16.91,m,,
Homepass (Titik Rumah),23/04-06,1,pcs,-7.242115894540588,112.73421594646626
Kabel Drop,23/04 -> 23/04-06,29.18,m,,
Homepass (Titik Rumah),23/04-07,1,pcs,-7.242361335733093,112.73415282748603
Kabel Drop,23/04 -> 23/04-07,23.71,m,,
Homepass (Titik Rumah),23/04-08,1,pcs,-7.24238592861931,112.73437065411285
Kabel Drop,23/04 -> 23/04-08,12.27,m,,
ODC,ODC 24,1,pcs,-7.2418565224985905,112.73375302405239
Join Closure,JOIN CLOSURE ODC 24,1,pcs,-7.2418565224985905,112.73375302405239
ODP,24/01,1,pcs,-7.2418871,112.7339104
Kabel Distribusi,ODC 24 -> 24/01,21.23,m,,
Homepass (Titik Rumah),24/01-01,1,pcs,-7.242133689196714,112.73389832326171
Kabel Drop,24/01 -> 24/01-01,32.94,m,,
Homepass (Titik Rumah),24/01-02,1,pcs,-7.24206716729564,112.73386677992154
Kabel Drop,24/01 -> 24/01-02,24.71,m,,
Homepass (Titik Rumah),24/01-03,1,pcs,-7.242063319483053,112.73392549604735
Kabel Drop,24/01 -> 24/01-03,23.6,m,,
Homepass (Titik Rumah),24/01-04,1,pcs,-7.2420367811775135,112.73381265721963
Kabel Drop,24/01 -> 24/01-04,23.8,m,,
Homepass (Titik Rumah),24/01-05,1,pcs,-7.24202067329453,112.73398798248137
Kabel Drop,24/01 -> 24/01-05,20.57,m,,
Homepass (Titik Rumah),24/01-06,1,pcs,-7.241939108313436,112.7338667221018
Kabel Drop,24/01 -> 24/01-06,9.03,m,,
Homepass (Titik Rumah),24/01-07,1,pcs,-7.2419286000000005,112.73395494999998
Kabel Drop,24/01 -> 24/01-07,8.09,m,,
Homepass (Titik Rumah),24/01-08,1,pcs,-7.2419606829031,112.7337678667272
Kabel Drop,24/01 -> 24/01-08,21.27,m,,
ODP,24/02,1,pcs,-7.2418463761132355,112.73370080274795
Kabel Distribusi,ODC 24 -> 24/02,7.04,m,,
Homepass (Titik Rumah),24/02-01,1,pcs,-7.2416854,112.73376815000002
Kabel Drop,24/02 -> 24/02-01,23.26,m,,
Homepass (Titik Rumah),24/02-02,1,pcs,-7.24173025,112.73385784999999
Kabel Drop,24/02 -> 24/02-02,25.93,m,,
Homepass (Titik Rumah),24/02-03,1,pcs,-7.241754902602644,112.73367472944895
Kabel Drop,24/02 -> 24/02-03,12.68,m,,
Homepass (Titik Rumah),24/02-04,1,pcs,-7.241808822411727,112.73374419442904
Kabel Drop,24/02 -> 24/02-04,7.62,m,,
Homepass (Titik Rumah),24/02-05,1,pcs,-7.2416584,112.73363965
Kabel Drop,24/02 -> 24/02-05,26.36,m,,
Homepass (Titik Rumah),24/02-06,1,pcs,-7.241614686264442,112.733657276878
Kabel Drop,24/02 -> 24/02-06,31.45,m,,
Homepass (Titik Rumah),24/02-07,1,pcs,-7.241686850000001,112.73362425
Kabel Drop,24/02 -> 24/02-07,23.58,m,,
Homepass (Titik Rumah),24/02-08,1,pcs,-7.241812999999999,112.73383824999998
Kabel Drop,24/02 -> 24/02-08,18.73,m,,
ODP,24/03,1,pcs,-7.241599461856849,112.73384470775623
Kabel Distribusi,ODC 24 -> 24/03,36.38,m,,
Homepass (Titik Rumah),24/03-01,1,pcs,-7.241541000000002,112.7338184
Kabel Drop,24/03 -> 24/03-01,8.54,m,,
Homepass (Titik Rumah),24/03-02,1,pcs,-7.241555049999999,112.73375774999998
Kabel Drop,24/03 -> 24/03-02,12.95,m,,
Homepass (Titik Rumah),24/03-03,1,pcs,-7.241546628947837,112.73391825233061
Kabel Drop,24/03 -> 24/03-03,12.02,m,,
Homepass (Titik Rumah),24/03-04,1,pcs,-7.2416526217817685,112.73381384787403
Kabel Drop,24/03 -> 24/03-04,8.19,m,,
Homepass (Titik Rumah),24/03-05,1,pcs,-7.241655763200354,112.73385968129548
Kabel Drop,24/03 -> 24/03-05,7.77,m,,
Homepass (Titik Rumah),24/03-06,1,pcs,-7.241630014574712,112.73371862395403
Kabel Drop,24/03 -> 24/03-06,17.18,m,,
Homepass (Titik Rumah),24/03-07,1,pcs,-7.241568906661477,112.73395822234852
Kabel Drop,24/03 -> 24/03-07,15.57,m,,
Homepass (Titik Rumah),24/03-08,1,pcs,-7.241663305170238,112.73391007376176
Kabel Drop,24/03 -> 24/03-08,12.14,m,,
ODP,24/04,1,pcs,-7.2418151218404665,112.7336102058302
Kabel Distribusi,ODC 24 -> 24/04,19.7,m,,
Homepass (Titik Rumah),24/04-01,1,pcs,-7.24172445,112.73360565000002
Kabel Drop,24/04 -> 24/04-01,12.11,m,,
Homepass (Titik Rumah),24/04-02,1,pcs,-7.241765,112.73358439999998
Kabel Drop,24/04 -> 24/04-02,7.51,m,,
Homepass (Titik Rumah),24/04-03,1,pcs,-7.241815149999999,112.73355004999999
Kabel Drop,24/04 -> 24/04-03,7.96,m,,
Homepass (Titik Rumah),24/04-04,1,pcs,-7.241866506641225,112.733591152883
Kabel Drop,24/04 -> 24/04-04,7.31,m,,
Homepass (Titik Rumah),24/04-05,1,pcs,-7.241915475440343,112.73368264261832
Kabel Drop,24/04 -> 24/04-05,16.47,m,,
Homepass (Titik Rumah),24/04-06,1,pcs,-7.2418315270299525,112.73378450763042
Kabel Drop,24/04 -> 24/04-06,23.18,m,,
Homepass (Titik Rumah),24/04-07,1,pcs,-7.241322282695946,112.73351931660041
Kabel Drop,24/04 -> 24/04-07,66.85,m,,
Homepass (Titik Rumah),24/04-08,1,pcs,-7.24149915,112.73397185
Kabel Drop,24/04 -> 24/04-08,63.79,m,,
ODC,ODC 25,1,pcs,-7.2410427262159285,112.73347294077345
Join Closure,JOIN CLOSURE ODC 25,1,pcs,-7.2410427262159285,112.73347294077345
ODP,25/01,1,pcs,-7.241388969640416,112.73366601407578
Kabel Distribusi,ODC 25 -> 25/01,52.8,m,,
Homepass (Titik Rumah),25/01-01,1,pcs,-7.2413281335832,112.73380655799252
Kabel Drop,25/01 -> 25/01-01,20.3,m,,
Homepass (Titik Rumah),25/01-02,1,pcs,-7.241353384502699,112.73373574915767
Kabel Drop,25/01 -> 25/01-02,10.38,m,,
Homepass (Titik Rumah),25/01-03,1,pcs,-7.241400613108984,112.73376341860666
Kabel Drop,25/01 -> 25/01-03,12.99,m,,
Homepass (Titik Rumah),25/01-04,1,pcs,-7.24143366561369,112.7338496178348
Kabel Drop,25/01 -> 25/01-04,25.02,m,,
Homepass (Titik Rumah),25/01-05,1,pcs,-7.241466248121651,112.73377159470334
Kabel Drop,25/01 -> 25/01-05,17.37,m,,
Homepass (Titik Rumah),25/01-06,1,pcs,-7.241511720449479,112.73376843750098
Kabel Drop,25/01 -> 25/01-06,21.26,m,,
Homepass (Titik Rumah),25/01-07,1,pcs,-7.241490300000002,112.73369840000001
Kabel Drop,25/01 -> 25/01-07,14.18,m,,
Homepass (Titik Rumah),25/01-08,1,pcs,-7.24152695,112.7338748
Kabel Drop,25/01 -> 25/01-08,33.21,m,,
ODP,25/02,1,pcs,-7.240826478213471,112.73404263223838
Kabel Distribusi,ODC 25 -> 25/02,80.74,m,,
Homepass (Titik Rumah),25/02-01,1,pcs,-7.240728903094151,112.73398337422684
Kabel Drop,25/02 -> 25/02-01,15.2,m,,
Homepass (Titik Rumah),25/02-02,1,pcs,-7.2409641,112.73405754999999
Kabel Drop,25/02 -> 25/02-02,18.47,m,,
Homepass (Titik Rumah),25/02-03,1,pcs,-7.2405903,112.73377485000002
Kabel Drop,25/02 -> 25/02-03,47.43,m,,
Homepass (Titik Rumah),25/02-04,1,pcs,-7.2409748,112.73414790000001
Kabel Drop,25/02 -> 25/02-04,24.2,m,,
Homepass (Titik Rumah),25/02-05,1,pcs,-7.240843079564955,112.73427410486329
Kabel Drop,25/02 -> 25/02-05,30.72,m,,
Homepass (Titik Rumah),25/02-06,1,pcs,-7.240953673355965,112.73420824528881
Kabel Drop,25/02 -> 25/02-06,27.72,m,,
Homepass (Titik Rumah),25/02-07,1,pcs,-7.240488015232475,112.73376093194757
Kabel Drop,25/02 -> 25/02-07,58.57,m,,
Homepass (Titik Rumah),25/02-08,1,pcs,-7.241046299999999,112.7338952
Kabel Drop,25/02 -> 25/02-08,35.23,m,,
ODP,25/03,1,pcs,-7.240831061177455,112.73319746473614
Kabel Distribusi,ODC 25 -> 25/03,46.12,m,,
Homepass (Titik Rumah),25/03-01,1,pcs,-7.2408915999999985,112.73312569999999
Kabel Drop,25/03 -> 25/03-01,12.47,m,,
Homepass (Titik Rumah),25/03-02,1,pcs,-7.2409286392558965,112.73316764204743
Kabel Drop,25/03 -> 25/03-02,13.61,m,,
Homepass (Titik Rumah),25/03-03,1,pcs,-7.2409724,112.73305335
Kabel Drop,25/03 -> 25/03-03,26.83,m,,
Homepass (Titik Rumah),25/03-04,1,pcs,-7.240938849999999,112.73322755
Kabel Drop,25/03 -> 25/03-04,14.92,m,,
Homepass (Titik Rumah),25/03-05,1,pcs,-7.240929883582719,112.73294585568672
Kabel Drop,25/03 -> 25/03-05,35.82,m,,
Homepass (Titik Rumah),25/03-06,1,pcs,-7.241091300000001,112.73308444999998
Kabel Drop,25/03 -> 25/03-06,37.81,m,,
Homepass (Titik Rumah),25/03-07,1,pcs,-7.240769499999999,112.73296189999998
Kabel Drop,25/03 -> 25/03-07,32.25,m,,
Homepass (Titik Rumah),25/03-08,1,pcs,-7.241006421411532,112.73330385473324
Kabel Drop,25/03 -> 25/03-08,27.31,m,,
ODP,25/04,1,pcs,-7.240826057563545,112.73319125722409
Kabel Distribusi,ODC 25 -> 25/04,47.18,m,,
Homepass (Titik Rumah),25/04-01,1,pcs,-7.241045587661996,112.73296659565821
Kabel Drop,25/04 -> 25/04-01,41.74,m,,
Homepass (Titik Rumah),25/04-02,1,pcs,-7.240965934977103,112.7328306187646
Kabel Drop,25/04 -> 25/04-02,51.26,m,,
Homepass (Titik Rumah),25/04-03,1,pcs,-7.241187815651446,112.73317500245858
Kabel Drop,25/04 -> 25/04-03,48.32,m,,
Homepass (Titik Rumah),25/04-04,1,pcs,-7.240725566209336,112.73285975125633
Kabel Drop,25/04 -> 25/04-04,45.88,m,,
Homepass (Titik Rumah),25/04-05,1,pcs,-7.241093283238497,112.73331715069575
Kabel Drop,25/04 -> 25/04-05,39.36,m,,
Homepass (Titik Rumah),25/04-06,1,pcs,-7.24075711571061,112.73269665794717
Kabel Drop,25/04 -> 25/04-06,66.11,m,,
Homepass (Titik Rumah),25/04-07,1,pcs,-7.241102499999998,112.73338205
Kabel Drop,25/04 -> 25/04-07,44.7,m,,
Homepass (Titik Rumah),25/04-08,1,pcs,-7.240533637219931,112.73365498253729
Kabel Drop,25/04 -> 25/04-08,72.73,m,,
ODC,ODC 26,1,pcs,-7.240422114542345,112.7334022119641
Join Closure,JOIN CLOSURE ODC 26,1,pcs,-7.240422114542345,112.7334022119641
ODP,26/01,1,pcs,-7.240804414475827,112.73316440668566
Kabel Distribusi,ODC 26 -> 26/01,59.94,m,,
Homepass (Titik Rumah),26/01-01,1,pcs,-7.240581247277982,112.73325173324623
Kabel Drop,26/01 -> 26/01-01,31.94,m,,
Homepass (Titik Rumah),26/01-02,1,pcs,-7.240622599999999,112.73331499999999
Kabel Drop,26/01 -> 26/01-02,31.4,m,,
Homepass (Titik Rumah),26/01-03,1,pcs,-7.240677633347669,112.73335364926287
Kabel Drop,26/01 -> 26/01-03,30.23,m,,
Homepass (Titik Rumah),26/01-04,1,pcs,-7.2407974868163825,112.73332114459944
Kabel Drop,26/01 -> 26/01-04,20.77,m,,
Homepass (Titik Rumah),26/01-05,1,pcs,-7.240844262363436,112.73337106237639
Kabel Drop,26/01 -> 26/01-05,27.87,m,,
Homepass (Titik Rumah),26/01-06,1,pcs,-7.2408040499999995,112.73305205000001
Kabel Drop,26/01 -> 26/01-06,14.87,m,,
Homepass (Titik Rumah),26/01-07,1,pcs,-7.24084095,112.7330919
Kabel Drop,26/01 -> 26/01-07,10.76,m,,
Homepass (Titik Rumah),26/01-08,1,pcs,-7.240271501443955,112.73336121276418
Kabel Drop,26/01 -> 26/01-08,75.73,m,,
ODP,26/02,1,pcs,-7.2406228107825426,112.73293857616238
Kabel Distribusi,ODC 26 -> 26/02,66.96,m,,
Homepass (Titik Rumah),26/02-01,1,pcs,-7.240318783028828,112.73291170271582
Kabel Drop,26/02 -> 26/02-01,40.72,m,,
Homepass (Titik Rumah),26/02-02,1,pcs,-7.24047035,112.73302559999999
Kabel Drop,26/02 -> 26/02-02,23.38,m,,
Homepass (Titik Rumah),26/02-03,1,pcs,-7.240465150000001,112.73310355000002
Kabel Drop,26/02 -> 26/02-03,30.32,m,,
Homepass (Titik Rumah),26/02-04,1,pcs,-7.240583474624829,112.73302678258936
Kabel Drop,26/02 -> 26/02-04,12.8,m,,
Homepass (Titik Rumah),26/02-05,1,pcs,-7.240515100551562,112.73315011671295
Kabel Drop,26/02 -> 26/02-05,31.47,m,,
Homepass (Titik Rumah),26/02-06,1,pcs,-7.240626999476401,112.73282381253148
Kabel Drop,26/02 -> 26/02-06,15.2,m,,
Homepass (Titik Rumah),26/02-07,1,pcs,-7.240661200000001,112.73290495
Kabel Drop,26/02 -> 26/02-07,6.79,m,,
Homepass (Titik Rumah),26/02-08,1,pcs,-7.240445132253573,112.73328284825648
Kabel Drop,26/02 -> 26/02-08,51.37,m,,
ODP,26/03,1,pcs,-7.240544378740561,112.73406938305047
Kabel Distribusi,ODC 26 -> 26/03,89.81,m,,
Homepass (Titik Rumah),26/03-01,1,pcs,-7.240443066666667,112.73420203333333
Kabel Drop,26/03 -> 26/03-01,22.16,m,,
Homepass (Titik Rumah),26/03-02,1,pcs,-7.240555277664588,112.73416400674986
Kabel Drop,26/03 -> 26/03-02,12.61,m,,
Homepass (Titik Rumah),26/03-03,1,pcs,-7.240574446470781,112.7342694780432
Kabel Drop,26/03 -> 26/03-03,26.79,m,,
Homepass (Titik Rumah),26/03-04,1,pcs,-7.240603245963106,112.73438222847214
Kabel Drop,26/03 -> 26/03-04,42.15,m,,
Homepass (Titik Rumah),26/03-05,1,pcs,-7.240550550000001,112.73397965000001
Kabel Drop,26/03 -> 26/03-05,11.91,m,,
Homepass (Titik Rumah),26/03-06,1,pcs,-7.2406955876111185,112.73427272611882
Kabel Drop,26/03 -> 26/03-06,33.64,m,,
Homepass (Titik Rumah),26/03-07,1,pcs,-7.240266757849698,112.73399856595645
Kabel Drop,26/03 -> 26/03-07,38.21,m,,
Homepass (Titik Rumah),26/03-08,1,pcs,-7.240748599999997,112.7341564
Kabel Drop,26/03 -> 26/03-08,29.58,m,,
ODP,26/04,1,pcs,-7.239866765507014,112.73331253906976
Kabel Distribusi,ODC 26 -> 26/04,75.05,m,,
Homepass (Titik Rumah),26/04-01,1,pcs,-7.2399894171092125,112.73340088653265
Kabel Drop,26/04 -> 26/04-01,20.11,m,,
Homepass (Titik Rumah),26/04-02,1,pcs,-7.239952249999998,112.73329744999998
Kabel Drop,26/04 -> 26/04-02,11.58,m,,
Homepass (Titik Rumah),26/04-03,1,pcs,-7.240024750000001,112.73328790000001
Kabel Drop,26/04 -> 26/04-03,21.33,m,,
Homepass (Titik Rumah),26/04-04,1,pcs,-7.2398378179057605,112.73340821326518
Kabel Drop,26/04 -> 26/04-04,13.24,m,,
Homepass (Titik Rumah),26/04-05,1,pcs,-7.239951611465897,112.73323258423744
Kabel Drop,26/04 -> 26/04-05,15.5,m,,
Homepass (Titik Rumah),26/04-06,1,pcs,-7.239748388922359,112.73342821669715
Kabel Drop,26/04 -> 26/04-06,22.0,m,,
Homepass (Titik Rumah),26/04-07,1,pcs,-7.239957034193156,112.73313847790422
Kabel Drop,26/04 -> 26/04-07,26.0,m,,
Homepass (Titik Rumah),26/04-08,1,pcs,-7.24013665,112.73317300000001
Kabel Drop,26/04 -> 26/04-08,40.47,m,,
ODC,ODC 27,1,pcs,-7.239922160244845,112.73358780258579
Join Closure,JOIN CLOSURE ODC 27,1,pcs,-7.239922160244845,112.73358780258579
ODP,27/01,1,pcs,-7.239940785819727,112.73367798530572
Kabel Distribusi,ODC 27 -> 27/01,12.19,m,,
Homepass (Titik Rumah),27/01-01,1,pcs,-7.240130220855369,112.73371584020802
Kabel Drop,27/01 -> 27/01-01,25.77,m,,
Homepass (Titik Rumah),27/01-02,1,pcs,-7.240295050000001,112.7337434
Kabel Drop,27/01 -> 27/01-02,48.06,m,,
Homepass (Titik Rumah),27/01-03,1,pcs,-7.240145581043449,112.73352941139176
Kabel Drop,27/01 -> 27/01-03,33.67,m,,
Homepass (Titik Rumah),27/01-04,1,pcs,-7.240131500000001,112.7334676
Kabel Drop,27/01 -> 27/01-04,37.72,m,,
Homepass (Titik Rumah),27/01-05,1,pcs,-7.240230077904448,112.7334867323311
Kabel Drop,27/01 -> 27/01-05,46.16,m,,
Homepass (Titik Rumah),27/01-06,1,pcs,-7.2402849499999995,112.73351635
Kabel Drop,27/01 -> 27/01-06,50.66,m,,
Homepass (Titik Rumah),27/01-07,1,pcs,-7.240008949999999,112.73348249999998
Kabel Drop,27/01 -> 27/01-07,27.43,m,,
Homepass (Titik Rumah),27/01-08,1,pcs,-7.2400704788301455,112.73403671268477
Kabel Drop,27/01 -> 27/01-08,50.54,m,,
ODP,27/02,1,pcs,-7.2399578259940975,112.73374573194289
Kabel Distribusi,ODC 27 -> 27/02,21.44,m,,
Homepass (Titik Rumah),27/02-01,1,pcs,-7.2397524,112.73382464999999
Kabel Drop,27/02 -> 27/02-01,29.33,m,,
Homepass (Titik Rumah),27/02-02,1,pcs,-7.239879050000001,112.73379605
Kabel Drop,27/02 -> 27/02-02,12.44,m,,
Homepass (Titik Rumah),27/02-03,1,pcs,-7.239850699999996,112.73365864999998
Kabel Drop,27/02 -> 27/02-03,18.36,m,,
Homepass (Titik Rumah),27/02-04,1,pcs,-7.2397845750949585,112.73402148566325
Kabel Drop,27/02 -> 27/02-04,43.21,m,,
Homepass (Titik Rumah),27/02-05,1,pcs,-7.239844399353251,112.73354875027876
Kabel Drop,27/02 -> 27/02-05,30.15,m,,
Homepass (Titik Rumah),27/02-06,1,pcs,-7.2400286000000005,112.73393555
Kabel Drop,27/02 -> 27/02-06,26.84,m,,
Homepass (Titik Rumah),27/02-07,1,pcs,-7.240041579949004,112.73370729118183
Kabel Drop,27/02 -> 27/02-07,12.28,m,,
Homepass (Titik Rumah),27/02-08,1,pcs,-7.240026,112.73358795000001
Kabel Drop,27/02 -> 27/02-08,22.78,m,,
ODP,27/03,1,pcs,-7.2394711765856945,112.73366277352093
Kabel Distribusi,ODC 27 -> 27/03,60.99,m,,
Homepass (Titik Rumah),27/03-01,1,pcs,-7.239506950000001,112.7336572
Kabel Drop,27/03 -> 27/03-01,4.83,m,,
Homepass (Titik Rumah),27/03-02,1,pcs,-7.239583727436638,112.73364950660384
Kabel Drop,27/03 -> 27/03-02,15.12,m,,
Homepass (Titik Rumah),27/03-03,1,pcs,-7.239572971625136,112.73357564700969
Kabel Drop,27/03 -> 27/03-03,17.82,m,,
Homepass (Titik Rumah),27/03-04,1,pcs,-7.23963227203188,112.73380798667203
Kabel Drop,27/03 -> 27/03-04,28.84,m,,
Homepass (Titik Rumah),27/03-05,1,pcs,-7.239706497101263,112.73363792855505
Kabel Drop,27/03 -> 27/03-05,31.57,m,,
Homepass (Titik Rumah),27/03-06,1,pcs,-7.239563055313805,112.73345041882311
Kabel Drop,27/03 -> 27/03-06,30.67,m,,
Homepass (Titik Rumah),27/03-07,1,pcs,-7.239557894955573,112.73386957682308
Kabel Drop,27/03 -> 27/03-07,29.72,m,,
Homepass (Titik Rumah),27/03-08,1,pcs,-7.239680778088616,112.73346236964254
Kabel Drop,27/03 -> 27/03-08,38.55,m,,
ODP,27/04,1,pcs,-7.239432992347535,112.73344299236489
Kabel Distribusi,ODC 27 -> 27/04,68.03,m,,
Homepass (Titik Rumah),27/04-01,1,pcs,-7.239305749999998,112.73337790000001
Kabel Drop,27/04 -> 27/04-01,19.04,m,,
Homepass (Titik Rumah),27/04-02,1,pcs,-7.239299099999999,112.73346864999999
Kabel Drop,27/04 -> 27/04-02,18.19,m,,
Homepass (Titik Rumah),27/04-03,1,pcs,-7.239161100000001,112.733402
Kabel Drop,27/04 -> 27/04-03,36.68,m,,
Homepass (Titik Rumah),27/04-04,1,pcs,-7.239174127557494,112.7335013585226
Kabel Drop,27/04 -> 27/04-04,35.39,m,,
Homepass (Titik Rumah),27/04-05,1,pcs,-7.239351494349813,112.7335565272871
Kabel Drop,27/04 -> 27/04-05,18.55,m,,
Homepass (Titik Rumah),27/04-06,1,pcs,-7.239291299999999,112.73356455
Kabel Drop,27/04 -> 27/04-06,24.83,m,,
Homepass (Titik Rumah),27/04-07,1,pcs,-7.239478078651392,112.73329646583497
Kabel Drop,27/04 -> 27/04-07,20.31,m,,
Homepass (Titik Rumah),27/04-08,1,pcs,-7.2391832,112.73358315000002
Kabel Drop,27/04 -> 27/04-08,38.15,m,,
ODC,ODC 28,1,pcs,-7.2401489,112.734801
Join Closure,JOIN CLOSURE ODC 28,1,pcs,-7.2401489,112.734801
ODP,28/01,1,pcs,-7.239720565772016,112.73454339949929
Kabel Distribusi,ODC 28 -> 28/01,66.55,m,,
Homepass (Titik Rumah),28/01-01,1,pcs,-7.23962639380713,112.73480821887942
Kabel Drop,28/01 -> 28/01-01,37.24,m,,
Homepass (Titik Rumah),28/01-02,1,pcs,-7.239476901124324,112.73460308288519
Kabel Drop,28/01 -> 28/01-02,33.46,m,,
Homepass (Titik Rumah),28/01-03,1,pcs,-7.2397706827676025,112.73453543545111
Kabel Drop,28/01 -> 28/01-03,6.77,m,,
Homepass (Titik Rumah),28/01-04,1,pcs,-7.239147273962499,112.73488408966284
Kabel Drop,28/01 -> 28/01-04,88.8,m,,
Homepass (Titik Rumah),28/01-05,1,pcs,-7.239386729749116,112.73433297844358
Kabel Drop,28/01 -> 28/01-05,52.54,m,,
Homepass (Titik Rumah),28/01-06,1,pcs,-7.23998975,112.73441430000001
Kabel Drop,28/01 -> 28/01-06,39.78,m,,
Homepass (Titik Rumah),28/01-07,1,pcs,-7.239526257208484,112.73427395847627
Kabel Drop,28/01 -> 28/01-07,44.09,m,,
Homepass (Titik Rumah),28/01-08,1,pcs,-7.239159542284712,112.73508686185347
Kabel Drop,28/01 -> 28/01-08,103.82,m,,
ODP,28/02,1,pcs,-7.240191333475767,112.7347902168808
Kabel Distribusi,ODC 28 -> 28/02,5.84,m,,
Homepass (Titik Rumah),28/02-01,1,pcs,-7.240171188236483,112.73471823342808
Kabel Drop,28/02 -> 28/02-01,9.9,m,,
Homepass (Titik Rumah),28/02-02,1,pcs,-7.2401304,112.73460595
Kabel Drop,28/02 -> 28/02-02,25.71,m,,
Homepass (Titik Rumah),28/02-03,1,pcs,-7.240321910043784,112.73458167201335
Kabel Drop,28/02 -> 28/02-03,32.64,m,,
Homepass (Titik Rumah),28/02-04,1,pcs,-7.24036925,112.73467115
Kabel Drop,28/02 -> 28/02-04,28.5,m,,
Homepass (Titik Rumah),28/02-05,1,pcs,-7.239962050000002,112.73482105
Kabel Drop,28/02 -> 28/02-05,30.87,m,,
Homepass (Titik Rumah),28/02-06,1,pcs,-7.240093500000001,112.73494005
Kabel Drop,28/02 -> 28/02-06,23.74,m,,
Homepass (Titik Rumah),28/02-07,1,pcs,-7.240047930593813,112.73451795499922
Kabel Drop,28/02 -> 28/02-07,40.8,m,,
Homepass (Titik Rumah),28/02-08,1,pcs,-7.24018405,112.73448034999998
Kabel Drop,28/02 -> 28/02-08,41.03,m,,
ODP,28/03,1,pcs,-7.240278625790074,112.73476803431352
Kabel Distribusi,ODC 28 -> 28/03,17.85,m,,
Homepass (Titik Rumah),28/03-01,1,pcs,-7.2403095641425645,112.73490136109778
Kabel Drop,28/03 -> 28/03-01,18.12,m,,
Homepass (Titik Rumah),28/03-02,1,pcs,-7.240247424468207,112.73493261096766
Kabel Drop,28/03 -> 28/03-02,22.18,m,,
Homepass (Titik Rumah),28/03-03,1,pcs,-7.240274930165919,112.73480495512422
Kabel Drop,28/03 -> 28/03-03,4.91,m,,
Homepass (Titik Rumah),28/03-04,1,pcs,-7.24033615800536,112.73478862136052
Kabel Drop,28/03 -> 28/03-04,8.15,m,,
Homepass (Titik Rumah),28/03-05,1,pcs,-7.24019645,112.73484435
Kabel Drop,28/03 -> 28/03-05,14.91,m,,
Homepass (Titik Rumah),28/03-06,1,pcs,-7.24039232182419,112.73477908595943
Kabel Drop,28/03 -> 28/03-06,15.24,m,,
Homepass (Titik Rumah),28/03-07,1,pcs,-7.240321680388332,112.73505240458216
Kabel Drop,28/03 -> 28/03-07,38.08,m,,
Homepass (Titik Rumah),28/03-08,1,pcs,-7.240319800000001,112.73470720000003
Kabel Drop,28/03 -> 28/03-08,9.75,m,,
ODP,28/04,1,pcs,-7.23992722932937,112.7352028422705
Kabel Distribusi,ODC 28 -> 28/04,60.86,m,,
Homepass (Titik Rumah),28/04-01,1,pcs,-7.239681122550959,112.73541127080942
Kabel Drop,28/04 -> 28/04-01,42.89,m,,
Homepass (Titik Rumah),28/04-02,1,pcs,-7.239578791966698,112.73514953935187
Kabel Drop,28/04 -> 28/04-02,47.03,m,,
Homepass (Titik Rumah),28/04-03,1,pcs,-7.239777021104334,112.73509737147256
Kabel Drop,28/04 -> 28/04-03,24.43,m,,
Homepass (Titik Rumah),28/04-04,1,pcs,-7.239538104810468,112.73504704141656
Kabel Drop,28/04 -> 28/04-04,55.87,m,,
Homepass (Titik Rumah),28/04-05,1,pcs,-7.239887679182648,112.73578249434485
Kabel Drop,28/04 -> 28/04-05,76.91,m,,
Homepass (Titik Rumah),28/04-06,1,pcs,-7.240123050000002,112.7354473
Kabel Drop,28/04 -> 28/04-06,41.59,m,,
Homepass (Titik Rumah),28/04-07,1,pcs,-7.240132830722682,112.73517480529352
Kabel Drop,28/04 -> 28/04-07,27.68,m,,
Homepass (Titik Rumah),28/04-08,1,pcs,-7.239415347029927,112.73488536785243
Kabel Drop,28/04 -> 28/04-08,80.2,m,,
ODC,ODC 29,1,pcs,-7.2387842937652485,112.73352707876025
Join Closure,JOIN CLOSURE ODC 29,1,pcs,-7.2387842937652485,112.73352707876025
ODP,29/01,1,pcs,-7.239201572095759,112.73365906760762
Kabel Distribusi,ODC 29 -> 29/01,58.36,m,,
Homepass (Titik Rumah),29/01-01,1,pcs,-7.238985937099864,112.73378237651852
Kabel Drop,29/01 -> 29/01-01,33.08,m,,
Homepass (Titik Rumah),29/01-02,1,pcs,-7.239088754714414,112.73381413078282
Kabel Drop,29/01 -> 29/01-02,25.45,m,,
Homepass (Titik Rumah),29/01-03,1,pcs,-7.239188072654955,112.73373839353461
Kabel Drop,29/01 -> 29/01-03,10.65,m,,
Homepass (Titik Rumah),29/01-04,1,pcs,-7.2392107,112.73382339999999
Kabel Drop,29/01 -> 29/01-04,21.79,m,,
Homepass (Titik Rumah),29/01-05,1,pcs,-7.239281399999999,112.73371850000001
Kabel Drop,29/01 -> 29/01-05,13.24,m,,
Homepass (Titik Rumah),29/01-06,1,pcs,-7.23933745,112.7338003
Kabel Drop,29/01 -> 29/01-06,26.04,m,,
Homepass (Titik Rumah),29/01-07,1,pcs,-7.239361899999999,112.73371215
Kabel Drop,29/01 -> 29/01-07,22.52,m,,
Homepass (Titik Rumah),29/01-08,1,pcs,-7.239406200000001,112.73386064999998
Kabel Drop,29/01 -> 29/01-08,38.18,m,,
ODP,29/02,1,pcs,-7.23881823035612,112.73387984175716
Kabel Distribusi,ODC 29 -> 29/02,46.91,m,,
Homepass (Titik Rumah),29/02-01,1,pcs,-7.238663066303777,112.73401497251538
Kabel Drop,29/02 -> 29/02-01,27.36,m,,
Homepass (Titik Rumah),29/02-02,1,pcs,-7.238581524777972,112.73403567695293
Kabel Drop,29/02 -> 29/02-02,37.72,m,,
Homepass (Titik Rumah),29/02-03,1,pcs,-7.2386883000000015,112.73388419999999
Kabel Drop,29/02 -> 29/02-03,17.35,m,,
Homepass (Titik Rumah),29/02-04,1,pcs,-7.238597245296787,112.73387232564026
Kabel Drop,29/02 -> 29/02-04,29.5,m,,
Homepass (Titik Rumah),29/02-05,1,pcs,-7.238497324271173,112.73396907165322
Kabel Drop,29/02 -> 29/02-05,44.42,m,,
Homepass (Titik Rumah),29/02-06,1,pcs,-7.238699649999999,112.7338244
Kabel Drop,29/02 -> 29/02-06,17.44,m,,
Homepass (Titik Rumah),29/02-07,1,pcs,-7.23859763232258,112.73377658465007
Kabel Drop,29/02 -> 29/02-07,32.45,m,,
Homepass (Titik Rumah),29/02-08,1,pcs,-7.238691207250056,112.73375827464696
Kabel Drop,29/02 -> 29/02-08,23.37,m,,
ODP,29/03,1,pcs,-7.238768575995423,112.73342571445305
Kabel Distribusi,ODC 29 -> 29/03,13.58,m,,
Homepass (Titik Rumah),29/03-01,1,pcs,-7.238881609657594,112.73345062182491
Kabel Drop,29/03 -> 29/03-01,15.44,m,,
Homepass (Titik Rumah),29/03-02,1,pcs,-7.238866839770721,112.73336677751827
Kabel Drop,29/03 -> 29/03-02,15.26,m,,
Homepass (Titik Rumah),29/03-03,1,pcs,-7.238898231434142,112.73326512831632
Kabel Drop,29/03 -> 29/03-03,27.41,m,,
Homepass (Titik Rumah),29/03-04,1,pcs,-7.238622049999999,112.7335206
Kabel Drop,29/03 -> 29/03-04,23.24,m,,
Homepass (Titik Rumah),29/03-05,1,pcs,-7.2386532999999975,112.73361054999998
Kabel Drop,29/03 -> 29/03-05,28.9,m,,
Homepass (Titik Rumah),29/03-06,1,pcs,-7.238820972100901,112.7331777459016
Kabel Drop,29/03 -> 29/03-06,33.56,m,,
Homepass (Titik Rumah),29/03-07,1,pcs,-7.2386804999999965,112.7336881
Kabel Drop,29/03 -> 29/03-07,36.67,m,,
Homepass (Titik Rumah),29/03-08,1,pcs,-7.238570566443464,112.7333617831506
Kabel Drop,29/03 -> 29/03-08,27.74,m,,
ODP,29/04,1,pcs,-7.238693175970139,112.73309832318803
Kabel Distribusi,ODC 29 -> 29/04,58.04,m,,
Homepass (Titik Rumah),29/04-01,1,pcs,-7.2386116777099945,112.73324245630215
Kabel Drop,29/04 -> 29/04-01,21.96,m,,
Homepass (Titik Rumah),29/04-02,1,pcs,-7.238507595673588,112.7332248745572
Kabel Drop,29/04 -> 29/04-02,29.9,m,,
Homepass (Titik Rumah),29/04-03,1,pcs,-7.238579084976829,112.73311341716597
Kabel Drop,29/04 -> 29/04-03,15.35,m,,
Homepass (Titik Rumah),29/04-04,1,pcs,-7.238499752629051,112.73309337474433
Kabel Drop,29/04 -> 29/04-04,25.82,m,,
Homepass (Titik Rumah),29/04-05,1,pcs,-7.238578120077239,112.7330235226844
Kabel Drop,29/04 -> 29/04-05,18.27,m,,
Homepass (Titik Rumah),29/04-06,1,pcs,-7.238452350000001,112.73308125
Kabel Drop,29/04 -> 29/04-06,32.21,m,,
Homepass (Titik Rumah),29/04-07,1,pcs,-7.238798543571079,112.73310897822695
Kabel Drop,29/04 -> 29/04-07,14.13,m,,
Homepass (Titik Rumah),29/04-08,1,pcs,-7.238348485076984,112.73316812280545
Kabel Drop,29/04 -> 29/04-08,46.91,m,,
ODC,ODC 30,1,pcs,-7.239037349616472,112.7332290578283
Join Closure,JOIN CLOSURE ODC 30,1,pcs,-7.239037349616472,112.7332290578283
ODP,30/01,1,pcs,-7.239039524905555,112.7319099551916
Kabel Distribusi,ODC 30 -> 30/01,174.61,m,,
Homepass (Titik Rumah),30/01-01,1,pcs,-7.239071475725928,112.7319292912745
Kabel Drop,30/01 -> 30/01-01,4.97,m,,
Homepass (Titik Rumah),30/01-02,1,pcs,-7.2390866,112.7318302
Kabel Drop,30/01 -> 30/01-02,12.28,m,,
Homepass (Titik Rumah),30/01-03,1,pcs,-7.239171026824051,112.7318819476657
Kabel Drop,30/01 -> 30/01-03,17.93,m,,
Homepass (Titik Rumah),30/01-04,1,pcs,-7.2391816908655615,112.73191463036089
Kabel Drop,30/01 -> 30/01-04,18.98,m,,
Homepass (Titik Rumah),30/01-05,1,pcs,-7.239177924442306,112.73196419596765
Kabel Drop,30/01 -> 30/01-05,19.81,m,,
Homepass (Titik Rumah),30/01-06,1,pcs,-7.2389953424204485,112.73184516926516
Kabel Drop,30/01 -> 30/01-06,10.41,m,,
Homepass (Titik Rumah),30/01-07,1,pcs,-7.2389278500000005,112.73190139999998
Kabel Drop,30/01 -> 30/01-07,14.94,m,,
Homepass (Titik Rumah),30/01-08,1,pcs,-7.23919165,112.73201789999999
Kabel Drop,30/01 -> 30/01-08,24.82,m,,
ODP,30/02,1,pcs,-7.239039821665433,112.73188299748443
Kabel Distribusi,ODC 30 -> 30/02,178.18,m,,
Homepass (Titik Rumah),30/02-01,1,pcs,-7.239179483573719,112.73181366696002
Kabel Drop,30/02 -> 30/02-01,20.77,m,,
Homepass (Titik Rumah),30/02-02,1,pcs,-7.23901125,112.73176924999999
Kabel Drop,30/02 -> 30/02-02,15.53,m,,
Homepass (Titik Rumah),30/02-03,1,pcs,-7.239354425140716,112.73190830351525
Kabel Drop,30/02 -> 30/02-03,42.11,m,,
Homepass (Titik Rumah),30/02-04,1,pcs,-7.239324255574943,112.73196642322206
Kabel Drop,30/02 -> 30/02-04,39.53,m,,
Homepass (Titik Rumah),30/02-05,1,pcs,-7.239183650000004,112.73205509999998
Kabel Drop,30/02 -> 30/02-05,29.79,m,,
Homepass (Titik Rumah),30/02-06,1,pcs,-7.238924949999998,112.73179055
Kabel Drop,30/02 -> 30/02-06,19.61,m,,
Homepass (Titik Rumah),30/02-07,1,pcs,-7.239334000000001,112.73203235
Kabel Drop,30/02 -> 30/02-07,43.95,m,,
Homepass (Titik Rumah),30/02-08,1,pcs,-7.238922025837755,112.73173925315868
Kabel Drop,30/02 -> 30/02-08,24.68,m,,
ODP,30/03,1,pcs,-7.238843516211423,112.73455014628973
Kabel Distribusi,ODC 30 -> 30/03,176.78,m,,
Homepass (Titik Rumah),30/03-01,1,pcs,-7.239076591117575,112.7346423210718
Kabel Drop,30/03 -> 30/03-01,33.41,m,,
Homepass (Titik Rumah),30/03-02,1,pcs,-7.23906850035003,112.73433562063487
Kabel Drop,30/03 -> 30/03-02,41.32,m,,
Homepass (Titik Rumah),30/03-03,1,pcs,-7.238626407083296,112.73466941881743
Kabel Drop,30/03 -> 30/03-03,32.99,m,,
Homepass (Titik Rumah),30/03-04,1,pcs,-7.238646101885214,112.73488020666969
Kabel Drop,30/03 -> 30/03-04,51.02,m,,
Homepass (Titik Rumah),30/03-05,1,pcs,-7.238535171079653,112.73450384465819
Kabel Drop,30/03 -> 30/03-05,41.6,m,,
Homepass (Titik Rumah),30/03-06,1,pcs,-7.23916733561427,112.73401157637359
Kabel Drop,30/03 -> 30/03-06,83.36,m,,
Homepass (Titik Rumah),30/03-07,1,pcs,-7.238780388800358,112.73525121593323
Kabel Drop,30/03 -> 30/03-07,93.18,m,,
Homepass (Titik Rumah),30/03-08,1,pcs,-7.239364526750983,112.73400040384755
Kabel Drop,30/03 -> 30/03-08,100.64,m,,
ODP,30/04,1,pcs,-7.239704952652624,112.7344990454948
Kabel Distribusi,ODC 30 -> 30/04,190.25,m,,
Homepass (Titik Rumah),30/04-01,1,pcs,-7.239978474801086,112.73419529778094
Kabel Drop,30/04 -> 30/04-01,54.3,m,,
Homepass (Titik Rumah),30/04-02,1,pcs,-7.239845164415765,112.73425344829361
Kabel Drop,30/04 -> 30/04-02,37.51,m,,
Homepass (Titik Rumah),30/04-03,1,pcs,-7.239799399999998,112.73429259999999
Kabel Drop,30/04 -> 30/04-03,30.09,m,,
Homepass (Titik Rumah),30/04-04,1,pcs,-7.240337651584153,112.73516056827619
Kabel Drop,30/04 -> 30/04-04,121.64,m,,
Homepass (Titik Rumah),30/04-05,1,pcs,-7.240378229583908,112.7352623111962
Kabel Drop,30/04 -> 30/04-05,135.2,m,,
Homepass (Titik Rumah),30/04-06,1,pcs,-7.238469610254382,112.73527501867997
Kabel Drop,30/04 -> 30/04-06,194.22,m,,
Homepass (Titik Rumah),30/04-07,1,pcs,-7.238460353136486,112.73551462263968
Kabel Drop,30/04 -> 30/04-07,213.66,m,,
Homepass (Titik Rumah),30/04-08,1,pcs,-7.23872405,112.73261815000001
Kabel Drop,30/04 -> 30/04-08,281.28,m,,
ODC,ODC 31,1,pcs,-7.239397073172608,112.73323098612933
Join Closure,JOIN CLOSURE ODC 31,1,pcs,-7.239397073172608,112.73323098612933
ODP,31/01,1,pcs,-7.239400549679352,112.73325150556245
Kabel Distribusi,ODC 31 -> 31/01,2.76,m,,
Homepass (Titik Rumah),31/01-01,1,pcs,-7.23919905,112.73321620000002
Kabel Drop,31/01 -> 31/01-01,27.29,m,,
Homepass (Titik Rumah),31/01-02,1,pcs,-7.239270477958268,112.73319240903331
Kabel Drop,31/01 -> 31/01-02,19.04,m,,
Homepass (Titik Rumah),31/01-03,1,pcs,-7.23924195,112.73328735
Kabel Drop,31/01 -> 31/01-03,21.69,m,,
Homepass (Titik Rumah),31/01-04,1,pcs,-7.239286649999999,112.73323565000001
Kabel Drop,31/01 -> 31/01-04,15.34,m,,
Homepass (Titik Rumah),31/01-05,1,pcs,-7.239189850000001,112.73330675000001
Kabel Drop,31/01 -> 31/01-05,29.05,m,,
Homepass (Titik Rumah),31/01-06,1,pcs,-7.239135242908169,112.73332082779135
Kabel Drop,31/01 -> 31/01-06,36.57,m,,
Homepass (Titik Rumah),31/01-07,1,pcs,-7.239304777203223,112.73329071036771
Kabel Drop,31/01 -> 31/01-07,13.79,m,,
Homepass (Titik Rumah),31/01-08,1,pcs,-7.2392364781069105,112.73338916358317
Kabel Drop,31/01 -> 31/01-08,28.48,m,,
ODP,31/02,1,pcs,-7.239094631604807,112.73348724549975
Kabel Distribusi,ODC 31 -> 31/02,52.72,m,,
Homepass (Titik Rumah),31/02-01,1,pcs,-7.239039977171254,112.73350826160325
Kabel Drop,31/02 -> 31/02-01,7.81,m,,
Homepass (Titik Rumah),31/02-02,1,pcs,-7.2389742455860215,112.73352397807665
Kabel Drop,31/02 -> 31/02-02,16.78,m,,
Homepass (Titik Rumah),31/02-03,1,pcs,-7.23900277818076,112.73342805883854
Kabel Drop,31/02 -> 31/02-03,14.55,m,,
Homepass (Titik Rumah),31/02-04,1,pcs,-7.2390553725257005,112.73360498994165
Kabel Drop,31/02 -> 31/02-04,16.44,m,,
Homepass (Titik Rumah),31/02-05,1,pcs,-7.238955621461404,112.73343973580529
Kabel Drop,31/02 -> 31/02-05,19.59,m,,
Homepass (Titik Rumah),31/02-06,1,pcs,-7.2389919,112.73360935000001
Kabel Drop,31/02 -> 31/02-06,21.19,m,,
Homepass (Titik Rumah),31/02-07,1,pcs,-7.238895046240386,112.73358320587477
Kabel Drop,31/02 -> 31/02-07,29.51,m,,
Homepass (Titik Rumah),31/02-08,1,pcs,-7.2389934999999985,112.73334765
Kabel Drop,31/02 -> 31/02-08,22.88,m,,
ODP,31/03,1,pcs,-7.239029853162566,112.73311396389303
Kabel Distribusi,ODC 31 -> 31/03,51.39,m,,
Homepass (Titik Rumah),31/03-01,1,pcs,-7.2390590452381955,112.73305022816751
Kabel Drop,31/03 -> 31/03-01,9.29,m,,
Homepass (Titik Rumah),31/03-02,1,pcs,-7.239086636094923,112.733136129449
Kabel Drop,31/03 -> 31/03-02,8.13,m,,
Homepass (Titik Rumah),31/03-03,1,pcs,-7.2389540000000006,112.73308049999999
Kabel Drop,31/03 -> 31/03-03,11.05,m,,
Homepass (Titik Rumah),31/03-04,1,pcs,-7.239206149999999,112.73311654999999
Kabel Drop,31/03 -> 31/03-04,23.53,m,,
Homepass (Titik Rumah),31/03-05,1,pcs,-7.239116299999999,112.73323135
Kabel Drop,31/03 -> 31/03-05,19.35,m,,
Homepass (Titik Rumah),31/03-06,1,pcs,-7.2392550397720905,112.73300282936395
Kabel Drop,31/03 -> 31/03-06,33.46,m,,
Homepass (Titik Rumah),31/03-07,1,pcs,-7.238849406463884,112.73309637162362
Kabel Drop,31/03 -> 31/03-07,24.19,m,,
Homepass (Titik Rumah),31/03-08,1,pcs,-7.239269823060819,112.73310099218396
Kabel Drop,31/03 -> 31/03-08,32.07,m,,
ODP,31/04,1,pcs,-7.23982601113978,112.73311142517333
Kabel Distribusi,ODC 31 -> 31/04,59.38,m,,
Homepass (Titik Rumah),31/04-01,1,pcs,-7.2397760987911655,112.73317993078356
Kabel Drop,31/04 -> 31/04-01,11.25,m,,
Homepass (Titik Rumah),31/04-02,1,pcs,-7.239724419194985,112.73318576754428
Kabel Drop,31/04 -> 31/04-02,16.75,m,,
Homepass (Titik Rumah),31/04-03,1,pcs,-7.239734649999999,112.73298665
Kabel Drop,31/04 -> 31/04-03,20.53,m,,
Homepass (Titik Rumah),31/04-04,1,pcs,-7.239652949066016,112.73300647008236
Kabel Drop,31/04 -> 31/04-04,26.95,m,,
Homepass (Titik Rumah),31/04-05,1,pcs,-7.2396480500000004,112.73336529999999
Kabel Drop,31/04 -> 31/04-05,41.15,m,,
Homepass (Titik Rumah),31/04-06,1,pcs,-7.2399157,112.73297630000002
Kabel Drop,31/04 -> 31/04-06,21.52,m,,
Homepass (Titik Rumah),31/04-07,1,pcs,-7.23953535,112.7331251
Kabel Drop,31/04 -> 31/04-07,38.83,m,,
Homepass (Titik Rumah),31/04-08,1,pcs,-7.2395399,112.73328504999998
Kabel Drop,31/04 -> 31/04-08,44.56,m,,
ODC,ODC 32,1,pcs,-7.2395725810212195,112.7324110519256
Join Closure,JOIN CLOSURE ODC 32,1,pcs,-7.2395725810212195,112.7324110519256
ODP,32/01,1,pcs,-7.239466882572286,112.7327847791331
Kabel Distribusi,ODC 32 -> 32/01,51.44,m,,
Homepass (Titik Rumah),32/01-01,1,pcs,-7.239470350000001,112.7330451
Kabel Drop,32/01 -> 32/01-01,34.46,m,,
Homepass (Titik Rumah),32/01-02,1,pcs,-7.239540749999999,112.73278194999999
Kabel Drop,32/01 -> 32/01-02,9.86,m,,
Homepass (Titik Rumah),32/01-03,1,pcs,-7.239353050000001,112.7327343
Kabel Drop,32/01 -> 32/01-03,16.59,m,,
Homepass (Titik Rumah),32/01-04,1,pcs,-7.239661804833439,112.73272912232065
Kabel Drop,32/01 -> 32/01-04,27.03,m,,
Homepass (Titik Rumah),32/01-05,1,pcs,-7.2395272782085724,112.7326778044918
Kabel Drop,32/01 -> 32/01-05,16.29,m,,
Homepass (Titik Rumah),32/01-06,1,pcs,-7.239760174443319,112.73270689204973
Kabel Drop,32/01 -> 32/01-06,40.47,m,,
Homepass (Titik Rumah),32/01-07,1,pcs,-7.23951375,112.73258704999999
Kabel Drop,32/01 -> 32/01-07,26.91,m,,
Homepass (Titik Rumah),32/01-08,1,pcs,-7.2398793,112.73279900000001
Kabel Drop,32/01 -> 32/01-08,55.06,m,,
ODP,32/02,1,pcs,-7.239747063727191,112.73238498824082
Kabel Distribusi,ODC 32 -> 32/02,23.54,m,,
Homepass (Titik Rumah),32/02-01,1,pcs,-7.239719167535935,112.73260326387148
Kabel Drop,32/02 -> 32/02-01,29.13,m,,
Homepass (Titik Rumah),32/02-02,1,pcs,-7.23973472777553,112.7325232545378
Kabel Drop,32/02 -> 32/02-02,18.38,m,,
Homepass (Titik Rumah),32/02-03,1,pcs,-7.239812926036946,112.73258503964051
Kabel Drop,32/02 -> 32/02-03,27.9,m,,
Homepass (Titik Rumah),32/02-04,1,pcs,-7.239621773726459,112.73253610820163
Kabel Drop,32/02 -> 32/02-04,26.07,m,,
Homepass (Titik Rumah),32/02-05,1,pcs,-7.239706049999999,112.7324681
Kabel Drop,32/02 -> 32/02-05,12.29,m,,
Homepass (Titik Rumah),32/02-06,1,pcs,-7.239801499999999,112.73246859999998
Kabel Drop,32/02 -> 32/02-06,13.24,m,,
Homepass (Titik Rumah),32/02-07,1,pcs,-7.239848949999999,112.73269440000001
Kabel Drop,32/02 -> 32/02-07,43.15,m,,
Homepass (Titik Rumah),32/02-08,1,pcs,-7.2399307,112.73253525
Kabel Drop,32/02 -> 32/02-08,31.56,m,,
ODP,32/03,1,pcs,-7.240047333800516,112.73251249880029
Kabel Distribusi,ODC 32 -> 32/03,64.76,m,,
Homepass (Titik Rumah),32/03-01,1,pcs,-7.239887704683345,112.73245612189261
Kabel Drop,32/03 -> 32/03-01,22.57,m,,
Homepass (Titik Rumah),32/03-02,1,pcs,-7.2399384499999995,112.73244564999999
Kabel Drop,32/03 -> 32/03-02,17.01,m,,
Homepass (Titik Rumah),32/03-03,1,pcs,-7.240093128830684,112.73236696462243
Kabel Drop,32/03 -> 32/03-03,20.21,m,,
Homepass (Titik Rumah),32/03-04,1,pcs,-7.23998845,112.73266855
Kabel Drop,32/03 -> 32/03-04,22.1,m,,
Homepass (Titik Rumah),32/03-05,1,pcs,-7.2394993390349756,112.73249567771225
Kabel Drop,32/03 -> 32/03-05,73.15,m,,
Homepass (Titik Rumah),32/03-06,1,pcs,-7.239609408334419,112.73216542800051
Kabel Drop,32/03 -> 32/03-06,74.33,m,,
Homepass (Titik Rumah),32/03-07,1,pcs,-7.2403652368487466,112.73257485404146
Kabel Drop,32/03 -> 32/03-07,43.21,m,,
Homepass (Titik Rumah),32/03-08,1,pcs,-7.240057517318127,112.73304595042444
Kabel Drop,32/03 -> 32/03-08,70.63,m,,
ODP,32/04,1,pcs,-7.23903812958766,112.73202276487571
Kabel Distribusi,ODC 32 -> 32/04,87.91,m,,
Homepass (Titik Rumah),32/04-01,1,pcs,-7.238973024471799,112.73205595396153
Kabel Drop,32/04 -> 32/04-01,9.73,m,,
Homepass (Titik Rumah),32/04-02,1,pcs,-7.238949249999998,112.73199275
Kabel Drop,32/04 -> 32/04-02,12.51,m,,
Homepass (Titik Rumah),32/04-03,1,pcs,-7.23908652522908,112.73207964289922
Kabel Drop,32/04 -> 32/04-03,9.92,m,,
Homepass (Titik Rumah),32/04-04,1,pcs,-7.238956723883819,112.73194098480892
Kabel Drop,32/04 -> 32/04-04,15.34,m,,
Homepass (Titik Rumah),32/04-05,1,pcs,-7.23908365,112.7320124
Kabel Drop,32/04 -> 32/04-05,6.23,m,,
Homepass (Titik Rumah),32/04-06,1,pcs,-7.239005699999998,112.73193585000001
Kabel Drop,32/04 -> 32/04-06,12.29,m,,
Homepass (Titik Rumah),32/04-07,1,pcs,-7.2388425,112.73198454999999
Kabel Drop,32/04 -> 32/04-07,26.59,m,,
Homepass (Titik Rumah),32/04-08,1,pcs,-7.239082250000003,112.73216295000002
Kabel Drop,32/04 -> 32/04-08,19.47,m,,
ODC,ODC 33,1,pcs,-7.2389226614765985,112.73259484593032
Join Closure,JOIN CLOSURE ODC 33,1,pcs,-7.2389226614765985,112.73259484593032
ODP,33/01,1,pcs,-7.238918817789927,112.73257726205443
Kabel Distribusi,ODC 33 -> 33/01,2.38,m,,
Homepass (Titik Rumah),33/01-01,1,pcs,-7.239123623297808,112.73243674408928
Kabel Drop,33/01 -> 33/01-01,33.06,m,,
Homepass (Titik Rumah),33/01-02,1,pcs,-7.239161250000002,112.73253394999998
Kabel Drop,33/01 -> 33/01-02,32.85,m,,
Homepass (Titik Rumah),33/01-03,1,pcs,-7.2389826500000005,112.73244785000003
Kabel Drop,33/01 -> 33/01-03,19.13,m,,
Homepass (Titik Rumah),33/01-04,1,pcs,-7.239008936461565,112.73255727668418
Kabel Drop,33/01 -> 33/01-04,12.31,m,,
Homepass (Titik Rumah),33/01-05,1,pcs,-7.239193973282394,112.73261169178816
Kabel Drop,33/01 -> 33/01-05,37.0,m,,
Homepass (Titik Rumah),33/01-06,1,pcs,-7.239120949999999,112.73264590000001
Kabel Drop,33/01 -> 33/01-06,28.46,m,,
Homepass (Titik Rumah),33/01-07,1,pcs,-7.239019399999999,112.73265570000001
Kabel Drop,33/01 -> 33/01-07,16.97,m,,
Homepass (Titik Rumah),33/01-08,1,pcs,-7.238839807839091,112.7324885225546
Kabel Drop,33/01 -> 33/01-08,15.78,m,,
ODP,33/02,1,pcs,-7.238948626404973,112.73271362878565
Kabel Distribusi,ODC 33 -> 33/02,16.1,m,,
Homepass (Titik Rumah),33/02-01,1,pcs,-7.238822910855956,112.73191243911914
Kabel Drop,33/02 -> 33/02-01,107.37,m,,
Homepass (Titik Rumah),33/02-02,1,pcs,-7.238846700000002,112.73181844999998
Kabel Drop,33/02 -> 33/02-02,119.27,m,,
Homepass (Titik Rumah),33/02-03,1,pcs,-7.23890695,112.73183084999998
Kabel Drop,33/02 -> 33/02-03,116.99,m,,
Homepass (Titik Rumah),33/02-04,1,pcs,-7.2388141999999975,112.73173125
Kabel Drop,33/02 -> 33/02-04,131.27,m,,
Homepass (Titik Rumah),33/02-05,1,pcs,-7.238933700000004,112.73169305000002
Kabel Drop,33/02 -> 33/02-05,135.11,m,,
Homepass (Titik Rumah),33/02-06,1,pcs,-7.238702023581233,112.7316657963614
Kabel Drop,33/02 -> 33/02-06,142.55,m,,
Homepass (Titik Rumah),33/02-07,1,pcs,-7.238572798451803,112.7315364580799
Kabel Drop,33/02 -> 33/02-07,163.69,m,,
Homepass (Titik Rumah),33/02-08,1,pcs,-7.239627120272892,112.7395999997863
Kabel Drop,33/02 -> 33/02-08,916.04,m,,
ODP,33/03,1,pcs,-7.238966893485629,112.73279719597163
Kabel Distribusi,ODC 33 -> 33/03,27.43,m,,
Homepass (Titik Rumah),33/03-01,1,pcs,-7.239041461919958,112.7327510233657
Kabel Drop,33/03 -> 33/03-01,11.68,m,,
Homepass (Titik Rumah),33/03-02,1,pcs,-7.239076849999997,112.73284565000002
Kabel Drop,33/03 -> 33/03-02,16.01,m,,
Homepass (Titik Rumah),33/03-03,1,pcs,-7.239190600000001,112.73277
Kabel Drop,33/03 -> 33/03-03,30.07,m,,
Homepass (Titik Rumah),33/03-04,1,pcs,-7.238886150000001,112.73278474999998
Kabel Drop,33/03 -> 33/03-04,10.9,m,,
Homepass (Titik Rumah),33/03-05,1,pcs,-7.238857899999999,112.7326999
Kabel Drop,33/03 -> 33/03-05,19.43,m,,
Homepass (Titik Rumah),33/03-06,1,pcs,-7.23884896646969,112.73287042164587
Kabel Drop,33/03 -> 33/03-06,18.48,m,,
Homepass (Titik Rumah),33/03-07,1,pcs,-7.2388411777489186,112.73260030616211
Kabel Drop,33/03 -> 33/03-07,30.99,m,,
Homepass (Titik Rumah),33/03-08,1,pcs,-7.2391221433566395,112.73302707748688
Kabel Drop,33/03 -> 33/03-08,36.81,m,,
ODP,33/04,1,pcs,-7.239311787117786,112.73219173307288
Kabel Distribusi,ODC 33 -> 33/04,74.45,m,,
Homepass (Titik Rumah),33/04-01,1,pcs,-7.239209150000001,112.73211404999998
Kabel Drop,33/04 -> 33/04-01,17.13,m,,
Homepass (Titik Rumah),33/04-02,1,pcs,-7.239210049999997,112.7321901
Kabel Drop,33/04 -> 33/04-02,13.58,m,,
Homepass (Titik Rumah),33/04-03,1,pcs,-7.239333428266486,112.73209526121741
Kabel Drop,33/04 -> 33/04-03,13.09,m,,
Homepass (Titik Rumah),33/04-04,1,pcs,-7.239219550000002,112.73226129999999
Kabel Drop,33/04 -> 33/04-04,15.37,m,,
Homepass (Titik Rumah),33/04-05,1,pcs,-7.2391648500000025,112.7322591
Kabel Drop,33/04 -> 33/04-05,21.54,m,,
Homepass (Titik Rumah),33/04-06,1,pcs,-7.239359256117667,112.73215057311535
Kabel Drop,33/04 -> 33/04-06,8.35,m,,
Homepass (Titik Rumah),33/04-07,1,pcs,-7.239274199999998,112.73226509999998
Kabel Drop,33/04 -> 33/04-07,10.93,m,,
Homepass (Titik Rumah),33/04-08,1,pcs,-7.23936352733369,112.73222920862823
Kabel Drop,33/04 -> 33/04-08,8.5,m,,
ODC,ODC 34,1,pcs,-7.238430950099413,112.73185069962467
Join Closure,JOIN CLOSURE ODC 34,1,pcs,-7.238430950099413,112.73185069962467
ODP,34/01,1,pcs,-7.23843401358076,112.73187358479876
Kabel Distribusi,ODC 34 -> 34/01,3.06,m,,
Homepass (Titik Rumah),34/01-01,1,pcs,-7.238494566158467,112.73178432325643
Kabel Drop,34/01 -> 34/01-01,14.31,m,,
Homepass (Titik Rumah),34/01-02,1,pcs,-7.238494349999999,112.73184890000002
Kabel Drop,34/01 -> 34/01-02,8.69,m,,
Homepass (Titik Rumah),34/01-03,1,pcs,-7.2385774000000005,112.73171215
Kabel Drop,34/01 -> 34/01-03,28.68,m,,
Homepass (Titik Rumah),34/01-04,1,pcs,-7.238600324365785,112.73183543918078
Kabel Drop,34/01 -> 34/01-04,22.76,m,,
Homepass (Titik Rumah),34/01-05,1,pcs,-7.238500912267086,112.73192132261647
Kabel Drop,34/01 -> 34/01-05,10.94,m,,
Homepass (Titik Rumah),34/01-06,1,pcs,-7.238592650000001,112.73189925000001
Kabel Drop,34/01 -> 34/01-06,21.44,m,,
Homepass (Titik Rumah),34/01-07,1,pcs,-7.238353679369847,112.73191267564215
Kabel Drop,34/01 -> 34/01-07,11.9,m,,
Homepass (Titik Rumah),34/01-08,1,pcs,-7.238509473274388,112.7319874397516
Kabel Drop,34/01 -> 34/01-08,18.13,m,,
ODP,34/02,1,pcs,-7.238394967586334,112.73158189887741
Kabel Distribusi,ODC 34 -> 34/02,35.9,m,,
Homepass (Titik Rumah),34/02-01,1,pcs,-7.238194510450186,112.73157922920188
Kabel Drop,34/02 -> 34/02-01,26.75,m,,
Homepass (Titik Rumah),34/02-02,1,pcs,-7.23828135,112.7315782
Kabel Drop,34/02 -> 34/02-02,15.17,m,,
Homepass (Titik Rumah),34/02-03,1,pcs,-7.23814042038084,112.73150792381944
Kabel Drop,34/02 -> 34/02-03,35.35,m,,
Homepass (Titik Rumah),34/02-04,1,pcs,-7.2382704,112.7316421
Kabel Drop,34/02 -> 34/02-04,18.43,m,,
Homepass (Titik Rumah),34/02-05,1,pcs,-7.238257860898977,112.73148941210636
Kabel Drop,34/02 -> 34/02-05,22.01,m,,
Homepass (Titik Rumah),34/02-06,1,pcs,-7.238298300000003,112.7317615
Kabel Drop,34/02 -> 34/02-06,27.05,m,,
Homepass (Titik Rumah),34/02-07,1,pcs,-7.23846082302689,112.73149945434739
Kabel Drop,34/02 -> 34/02-07,14.01,m,,
Homepass (Titik Rumah),34/02-08,1,pcs,-7.238457105015048,112.73170432430322
Kabel Drop,34/02 -> 34/02-08,18.2,m,,
ODP,34/03,1,pcs,-7.238042740296333,112.73174185377253
Kabel Distribusi,ODC 34 -> 34/03,53.77,m,,
Homepass (Titik Rumah),34/03-01,1,pcs,-7.2379041299380695,112.73177970789973
Kabel Drop,34/03 -> 34/03-01,19.16,m,,
Homepass (Titik Rumah),34/03-02,1,pcs,-7.237989146102267,112.73183201968138
Kabel Drop,34/03 -> 34/03-02,13.91,m,,
Homepass (Titik Rumah),34/03-03,1,pcs,-7.23800159607934,112.73175782042033
Kabel Drop,34/03 -> 34/03-03,5.88,m,,
Homepass (Titik Rumah),34/03-04,1,pcs,-7.238002407289203,112.73165982639027
Kabel Drop,34/03 -> 34/03-04,12.12,m,,
Homepass (Titik Rumah),34/03-05,1,pcs,-7.2376902729932855,112.73178095479268
Kabel Drop,34/03 -> 34/03-05,47.32,m,,
Homepass (Titik Rumah),34/03-06,1,pcs,-7.238123683823569,112.73177667003858
Kabel Drop,34/03 -> 34/03-06,11.74,m,,
Homepass (Titik Rumah),34/03-07,1,pcs,-7.238027000000002,112.73158455000001
Kabel Drop,34/03 -> 34/03-07,20.93,m,,
Homepass (Titik Rumah),34/03-08,1,pcs,-7.23811215,112.73166239999999
Kabel Drop,34/03 -> 34/03-08,14.01,m,,
ODP,34/04,1,pcs,-7.238705604924765,112.73222506852144
Kabel Distribusi,ODC 34 -> 34/04,61.63,m,,
Homepass (Titik Rumah),34/04-01,1,pcs,-7.2386469500000015,112.73220305000001
Kabel Drop,34/04 -> 34/04-01,8.35,m,,
Homepass (Titik Rumah),34/04-02,1,pcs,-7.238559349999999,112.7322575
Kabel Drop,34/04 -> 34/04-02,19.98,m,,
Homepass (Titik Rumah),34/04-03,1,pcs,-7.238744900000004,112.73216615
Kabel Drop,34/04 -> 34/04-03,9.4,m,,
Homepass (Titik Rumah),34/04-04,1,pcs,-7.2387469000000015,112.73224735
Kabel Drop,34/04 -> 34/04-04,6.25,m,,
Homepass (Titik Rumah),34/04-05,1,pcs,-7.238663399999999,112.7323141
Kabel Drop,34/04 -> 34/04-05,13.06,m,,
Homepass (Titik Rumah),34/04-06,1,pcs,-7.238758649999999,112.73231879999999
Kabel Drop,34/04 -> 34/04-06,14.28,m,,
Homepass (Titik Rumah),34/04-07,1,pcs,-7.2387525720999815,112.73206819721763
Kabel Drop,34/04 -> 34/04-07,21.69,m,,
Homepass (Titik Rumah),34/04-08,1,pcs,-7.23884435,112.73220515
Kabel Drop,34/04 -> 34/04-08,18.7,m,,
ODC,ODC 35,1,pcs,-7.23825596156768,112.73219683848082
Join Closure,JOIN CLOSURE ODC 35,1,pcs,-7.23825596156768,112.73219683848082
ODP,35/01,1,pcs,-7.238260793775362,112.7322871610477
Kabel Distribusi,ODC 35 -> 35/01,11.97,m,,
Homepass (Titik Rumah),35/01-01,1,pcs,-7.238084549999999,112.73229464999999
Kabel Drop,35/01 -> 35/01-01,23.54,m,,
Homepass (Titik Rumah),35/01-02,1,pcs,-7.238082855186533,112.73238237908835
Kabel Drop,35/01 -> 35/01-02,26.88,m,,
Homepass (Titik Rumah),35/01-03,1,pcs,-7.238181988916704,112.73230863487305
Kabel Drop,35/01 -> 35/01-03,10.89,m,,
Homepass (Titik Rumah),35/01-04,1,pcs,-7.23817303443995,112.73235170072074
Kabel Drop,35/01 -> 35/01-04,14.5,m,,
Homepass (Titik Rumah),35/01-05,1,pcs,-7.238125079001597,112.73217934644701
Kabel Drop,35/01 -> 35/01-05,23.06,m,,
Homepass (Titik Rumah),35/01-06,1,pcs,-7.238196850000005,112.73221975000003
Kabel Drop,35/01 -> 35/01-06,12.35,m,,
Homepass (Titik Rumah),35/01-07,1,pcs,-7.238185249999999,112.73216255000003
Kabel Drop,35/01 -> 35/01-07,19.33,m,,
Homepass (Titik Rumah),35/01-08,1,pcs,-7.238175,112.73244545
Kabel Drop,35/01 -> 35/01-08,23.88,m,,
ODP,35/02,1,pcs,-7.238482304513632,112.73223433333276
Kabel Distribusi,ODC 35 -> 35/02,30.61,m,,
Homepass (Titik Rumah),35/02-01,1,pcs,-7.238312224577413,112.73211334287905
Kabel Drop,35/02 -> 35/02-01,27.78,m,,
Homepass (Titik Rumah),35/02-02,1,pcs,-7.2384244,112.7322445
Kabel Drop,35/02 -> 35/02-02,7.84,m,,
Homepass (Titik Rumah),35/02-03,1,pcs,-7.2384261,112.73243604999999
Kabel Drop,35/02 -> 35/02-03,27.73,m,,
Homepass (Titik Rumah),35/02-04,1,pcs,-7.238442685400818,112.73251457390758
Kabel Drop,35/02 -> 35/02-04,37.47,m,,
Homepass (Titik Rumah),35/02-05,1,pcs,-7.238610549999999,112.73241795
Kabel Drop,35/02 -> 35/02-05,29.73,m,,
Homepass (Titik Rumah),35/02-06,1,pcs,-7.238723049999998,112.73183144999999
Kabel Drop,35/02 -> 35/02-06,62.26,m,,
Homepass (Titik Rumah),35/02-07,1,pcs,-7.2386409094848805,112.73251202209762
Kabel Drop,35/02 -> 35/02-07,42.41,m,,
Homepass (Titik Rumah),35/02-08,1,pcs,-7.238707573617831,112.73174734286287
Kabel Drop,35/02 -> 35/02-08,71.13,m,,
ODP,35/03,1,pcs,-7.23845730007225,112.73204754225138
Kabel Distribusi,ODC 35 -> 35/03,33.35,m,,
Homepass (Titik Rumah),35/03-01,1,pcs,-7.2385516268522965,112.73198311304517
Kabel Drop,35/03 -> 35/03-01,15.2,m,,
Homepass (Titik Rumah),35/03-02,1,pcs,-7.238531110306312,112.73205267281868
Kabel Drop,35/03 -> 35/03-02,9.87,m,,
Homepass (Titik Rumah),35/03-03,1,pcs,-7.238541764979999,112.73211728262802
Kabel Drop,35/03 -> 35/03-03,14.57,m,,
Homepass (Titik Rumah),35/03-04,1,pcs,-7.238722723099639,112.731970392022
Kabel Drop,35/03 -> 35/03-04,36.86,m,,
Homepass (Titik Rumah),35/03-05,1,pcs,-7.23837315,112.7319836
Kabel Drop,35/03 -> 35/03-05,14.06,m,,
Homepass (Titik Rumah),35/03-06,1,pcs,-7.238709466205955,112.73189462263542
Kabel Drop,35/03 -> 35/03-06,39.27,m,,
Homepass (Titik Rumah),35/03-07,1,pcs,-7.238550364455607,112.73217102192194
Kabel Drop,35/03 -> 35/03-07,20.53,m,,
Homepass (Titik Rumah),35/03-08,1,pcs,-7.238393350000002,112.73211190000002
Kabel Drop,35/03 -> 35/03-08,12.06,m,,
ODP,35/04,1,pcs,-7.2379463017229995,112.73221174467996
Kabel Distribusi,ODC 35 -> 35/04,41.37,m,,
Homepass (Titik Rumah),35/04-01,1,pcs,-7.237857399999999,112.73214289999999
Kabel Drop,35/04 -> 35/04-01,14.96,m,,
Homepass (Titik Rumah),35/04-02,1,pcs,-7.237913166964128,112.73206188749896
Kabel Drop,35/04 -> 35/04-02,20.32,m,,
Homepass (Titik Rumah),35/04-03,1,pcs,-7.237848182600352,112.73225569956453
Kabel Drop,35/04 -> 35/04-03,14.33,m,,
Homepass (Titik Rumah),35/04-04,1,pcs,-7.238005749999999,112.7321514
Kabel Drop,35/04 -> 35/04-04,11.26,m,,
Homepass (Titik Rumah),35/04-05,1,pcs,-7.2378355311793525,112.73230659870093
Kabel Drop,35/04 -> 35/04-05,19.39,m,,
Homepass (Titik Rumah),35/04-06,1,pcs,-7.2378769,112.73197720000002
Kabel Drop,35/04 -> 35/04-06,32.4,m,,
Homepass (Titik Rumah),35/04-07,1,pcs,-7.237962199335904,112.73233901811119
Kabel Drop,35/04 -> 35/04-07,16.98,m,,
Homepass (Titik Rumah),35/04-08,1,pcs,-7.237849528275525,112.7323726941283
Kabel Drop,35/04 -> 35/04-08,24.91,m,,
ODC,ODC 36,1,pcs,-7.237902000938517,112.73242264443279
Join Closure,JOIN CLOSURE ODC 36,1,pcs,-7.237902000938517,112.73242264443279
ODP,36/01,1,pcs,-7.23777288118807,112.73217996107374
Kabel Distribusi,ODC 36 -> 36/01,36.45,m,,
Homepass (Titik Rumah),36/01-01,1,pcs,-7.237830049999999,112.732461
Kabel Drop,36/01 -> 36/01-01,37.98,m,,
Homepass (Titik Rumah),36/01-02,1,pcs,-7.23746105,112.73278305000001
Kabel Drop,36/01 -> 36/01-02,90.02,m,,
Homepass (Titik Rumah),36/01-03,1,pcs,-7.238087482926674,112.73204009976251
Kabel Drop,36/01 -> 36/01-03,45.88,m,,
Homepass (Titik Rumah),36/01-04,1,pcs,-7.237954600000001,112.73192339999999
Kabel Drop,36/01 -> 36/01-04,41.73,m,,
Homepass (Titik Rumah),36/01-05,1,pcs,-7.23729594205017,112.7322718744032
Kabel Drop,36/01 -> 36/01-05,64.79,m,,
Homepass (Titik Rumah),36/01-06,1,pcs,-7.237876200000001,112.73188714999999
Kabel Drop,36/01 -> 36/01-06,41.14,m,,
Homepass (Titik Rumah),36/01-07,1,pcs,-7.238093570401708,112.73194675445949
Kabel Drop,36/01 -> 36/01-07,52.76,m,,
Homepass (Titik Rumah),36/01-08,1,pcs,-7.237379872481673,112.73208780349536
Kabel Drop,36/01 -> 36/01-08,53.84,m,,
ODP,36/02,1,pcs,-7.237791378048932,112.73208196016179
Kabel Distribusi,ODC 36 -> 36/02,47.45,m,,
Homepass (Titik Rumah),36/02-01,1,pcs,-7.237619949999999,112.7320899
Kabel Drop,36/02 -> 36/02-01,22.9,m,,
Homepass (Titik Rumah),36/02-02,1,pcs,-7.237678484558595,112.73211556882706
Kabel Drop,36/02 -> 36/02-02,15.71,m,,
Homepass (Titik Rumah),36/02-03,1,pcs,-7.237607048158639,112.73200537791617
Kabel Drop,36/02 -> 36/02-03,26.6,m,,
Homepass (Titik Rumah),36/02-04,1,pcs,-7.23776040299962,112.73211698086206
Kabel Drop,36/02 -> 36/02-04,6.21,m,,
Homepass (Titik Rumah),36/02-05,1,pcs,-7.237752469965073,112.73203385403647
Kabel Drop,36/02 -> 36/02-05,8.22,m,,
Homepass (Titik Rumah),36/02-06,1,pcs,-7.2376606500000005,112.73191075
Kabel Drop,36/02 -> 36/02-06,28.6,m,,
Homepass (Titik Rumah),36/02-07,1,pcs,-7.23744225,112.73199975000001
Kabel Drop,36/02 -> 36/02-07,47.84,m,,
Homepass (Titik Rumah),36/02-08,1,pcs,-7.237832399557994,112.73219902931608
Kabel Drop,36/02 -> 36/02-08,16.43,m,,
ODP,36/03,1,pcs,-7.238896577848994,112.73221977319064
Kabel Distribusi,ODC 36 -> 36/03,135.4,m,,
Homepass (Titik Rumah),36/03-01,1,pcs,-7.238847032285749,112.73225477683879
Kabel Drop,36/03 -> 36/03-01,8.07,m,,
Homepass (Titik Rumah),36/03-02,1,pcs,-7.2389607499999995,112.73228599999997
Kabel Drop,36/03 -> 36/03-02,12.25,m,,
Homepass (Titik Rumah),36/03-03,1,pcs,-7.238960977969475,112.73221367438411
Kabel Drop,36/03 -> 36/03-03,8.63,m,,
Homepass (Titik Rumah),36/03-04,1,pcs,-7.238836700000001,112.73212859999998
Kabel Drop,36/03 -> 36/03-04,14.47,m,,
Homepass (Titik Rumah),36/03-05,1,pcs,-7.238959988715764,112.73214826972121
Kabel Drop,36/03 -> 36/03-05,12.7,m,,
Homepass (Titik Rumah),36/03-06,1,pcs,-7.238779927566449,112.73241540341363
Kabel Drop,36/03 -> 36/03-06,30.21,m,,
Homepass (Titik Rumah),36/03-07,1,pcs,-7.238837016852313,112.73204922587301
Kabel Drop,36/03 -> 36/03-07,23.93,m,,
Homepass (Titik Rumah),36/03-08,1,pcs,-7.239077399999998,112.73225925
Kabel Drop,36/03 -> 36/03-08,24.69,m,,
ODP,36/04,1,pcs,-7.237156266118419,112.73321079595274
Kabel Distribusi,ODC 36 -> 36/04,144.17,m,,
Homepass (Titik Rumah),36/04-01,1,pcs,-7.237292549999999,112.73322494999998
Kabel Drop,36/04 -> 36/04-01,18.28,m,,
Homepass (Titik Rumah),36/04-02,1,pcs,-7.237285849999999,112.73313125
Kabel Drop,36/04 -> 36/04-02,20.24,m,,
Homepass (Titik Rumah),36/04-03,1,pcs,-7.237309409921162,112.73303354217322
Kabel Drop,36/04 -> 36/04-03,31.11,m,,
Homepass (Titik Rumah),36/04-04,1,pcs,-7.237055273892207,112.73325089620815
Kabel Drop,36/04 -> 36/04-04,14.48,m,,
Homepass (Titik Rumah),36/04-05,1,pcs,-7.237058686539087,112.7333243274187
Kabel Drop,36/04 -> 36/04-05,19.88,m,,
Homepass (Titik Rumah),36/04-06,1,pcs,-7.237043026786609,112.73316319273331
Kabel Drop,36/04 -> 36/04-06,16.37,m,,
Homepass (Titik Rumah),36/04-07,1,pcs,-7.237074021672195,112.7330868052287
Kabel Drop,36/04 -> 36/04-07,19.74,m,,
Homepass (Titik Rumah),36/04-08,1,pcs,-7.23710555,112.73300065000002
Kabel Drop,36/04 -> 36/04-08,28.63,m,,
ODC,ODC 37,1,pcs,-7.237644653885638,112.7316210937872
Join Closure,JOIN CLOSURE ODC 37,1,pcs,-7.237644653885638,112.7316210937872
ODP,37/01,1,pcs,-7.237854395261555,112.7316119561704
Kabel Distribusi,ODC 37 -> 37/01,28.01,m,,
Homepass (Titik Rumah),37/01-01,1,pcs,-7.23775085610401,112.73150447230007
Kabel Drop,37/01 -> 37/01-01,19.83,m,,
Homepass (Titik Rumah),37/01-02,1,pcs,-7.237699320628386,112.73157494091114
Kabel Drop,37/01 -> 37/01-02,21.26,m,,
Homepass (Titik Rumah),37/01-03,1,pcs,-7.237714531357138,112.73164512371388
Kabel Drop,37/01 -> 37/01-03,19.17,m,,
Homepass (Titik Rumah),37/01-04,1,pcs,-7.2379235500000005,112.73156890000001
Kabel Drop,37/01 -> 37/01-04,10.85,m,,
Homepass (Titik Rumah),37/01-05,1,pcs,-7.237723850000001,112.73170079999998
Kabel Drop,37/01 -> 37/01-05,21.02,m,,
Homepass (Titik Rumah),37/01-06,1,pcs,-7.2379112792773785,112.73169114623335
Kabel Drop,37/01 -> 37/01-06,12.94,m,,
Homepass (Titik Rumah),37/01-07,1,pcs,-7.237772800000001,112.73176570000001
Kabel Drop,37/01 -> 37/01-07,23.08,m,,
Homepass (Titik Rumah),37/01-08,1,pcs,-7.238013376738817,112.73142036748213
Kabel Drop,37/01 -> 37/01-08,33.06,m,,
ODP,37/02,1,pcs,-7.2375789967784385,112.7318725055671
Kabel Distribusi,ODC 37 -> 37/02,34.41,m,,
Homepass (Titik Rumah),37/02-01,1,pcs,-7.237438707491094,112.73193088011917
Kabel Drop,37/02 -> 37/02-01,20.25,m,,
Homepass (Titik Rumah),37/02-02,1,pcs,-7.2374718711175055,112.73186370265954
Kabel Drop,37/02 -> 37/02-02,14.34,m,,
Homepass (Titik Rumah),37/02-03,1,pcs,-7.237509821562396,112.73181580337352
Kabel Drop,37/02 -> 37/02-03,11.9,m,,
Homepass (Titik Rumah),37/02-04,1,pcs,-7.237312349999998,112.73183984999999
Kabel Drop,37/02 -> 37/02-04,35.84,m,,
Homepass (Titik Rumah),37/02-05,1,pcs,-7.237524900000004,112.731765
Kabel Drop,37/02 -> 37/02-05,15.96,m,,
Homepass (Titik Rumah),37/02-06,1,pcs,-7.23744464657497,112.73173082225941
Kabel Drop,37/02 -> 37/02-06,25.94,m,,
Homepass (Titik Rumah),37/02-07,1,pcs,-7.2372092499999985,112.73192390000003
Kabel Drop,37/02 -> 37/02-07,49.8,m,,
Homepass (Titik Rumah),37/02-08,1,pcs,-7.23753125,112.73171190000001
Kabel Drop,37/02 -> 37/02-08,22.19,m,,
ODP,37/03,1,pcs,-7.237440854467278,112.73156447258054
Kabel Distribusi,ODC 37 -> 37/03,28.21,m,,
Homepass (Titik Rumah),37/03-01,1,pcs,-7.23752467182885,112.73166007558514
Kabel Drop,37/03 -> 37/03-01,16.89,m,,
Homepass (Titik Rumah),37/03-02,1,pcs,-7.23755725,112.7316072
Kabel Drop,37/03 -> 37/03-02,16.53,m,,
Homepass (Titik Rumah),37/03-03,1,pcs,-7.2374776,112.7316054
Kabel Drop,37/03 -> 37/03-03,7.31,m,,
Homepass (Titik Rumah),37/03-04,1,pcs,-7.237501300000002,112.73153485000002
Kabel Drop,37/03 -> 37/03-04,8.97,m,,
Homepass (Titik Rumah),37/03-05,1,pcs,-7.237376725231612,112.7315946529913
Kabel Drop,37/03 -> 37/03-05,9.44,m,,
Homepass (Titik Rumah),37/03-06,1,pcs,-7.237383449999999,112.73154414999999
Kabel Drop,37/03 -> 37/03-06,8.12,m,,
Homepass (Titik Rumah),37/03-07,1,pcs,-7.23750005,112.73147795000001
Kabel Drop,37/03 -> 37/03-07,13.91,m,,
Homepass (Titik Rumah),37/03-08,1,pcs,-7.23757848606705,112.73148046858473
Kabel Drop,37/03 -> 37/03-08,21.47,m,,
ODP,37/04,1,pcs,-7.23743642108509,112.73141471842291
Kabel Distribusi,ODC 37 -> 37/04,38.97,m,,
Homepass (Titik Rumah),37/04-01,1,pcs,-7.2374829,112.73144129999999
Kabel Drop,37/04 -> 37/04-01,7.13,m,,
Homepass (Titik Rumah),37/04-02,1,pcs,-7.23748318136823,112.73141472472999
Kabel Drop,37/04 -> 37/04-02,6.24,m,,
Homepass (Titik Rumah),37/04-03,1,pcs,-7.23754755,112.73143394999998
Kabel Drop,37/04 -> 37/04-03,15.05,m,,
Homepass (Titik Rumah),37/04-04,1,pcs,-7.237483857491968,112.73135937519531
Kabel Drop,37/04 -> 37/04-04,9.68,m,,
Homepass (Titik Rumah),37/04-05,1,pcs,-7.2375958,112.73142005
Kabel Drop,37/04 -> 37/04-05,21.28,m,,
Homepass (Titik Rumah),37/04-06,1,pcs,-7.237374483334356,112.73140152515064
Kabel Drop,37/04 -> 37/04-06,8.45,m,,
Homepass (Titik Rumah),37/04-07,1,pcs,-7.237374150000002,112.73135665000004
Kabel Drop,37/04 -> 37/04-07,11.32,m,,
Homepass (Titik Rumah),37/04-08,1,pcs,-7.23734105,112.73148449999998
Kabel Drop,37/04 -> 37/04-08,15.72,m,,
ODC,ODC 38,1,pcs,-7.237070502135693,112.73155670515249
Join Closure,JOIN CLOSURE ODC 38,1,pcs,-7.237070502135693,112.73155670515249
ODP,38/01,1,pcs,-7.23743426006494,112.7313417218396
Kabel Distribusi,ODC 38 -> 38/01,56.26,m,,
Homepass (Titik Rumah),38/01-01,1,pcs,-7.237484749999999,112.7312741
Kabel Drop,38/01 -> 38/01-01,11.2,m,,
Homepass (Titik Rumah),38/01-02,1,pcs,-7.237590800162724,112.73130470005773
Kabel Drop,38/01 -> 38/01-02,21.45,m,,
Homepass (Titik Rumah),38/01-03,1,pcs,-7.237291121766469,112.73127700426264
Kabel Drop,38/01 -> 38/01-03,20.93,m,,
Homepass (Titik Rumah),38/01-04,1,pcs,-7.237214471953015,112.73130949118288
Kabel Drop,38/01 -> 38/01-04,29.64,m,,
Homepass (Titik Rumah),38/01-05,1,pcs,-7.23777530949978,112.73134192743385
Kabel Drop,38/01 -> 38/01-05,45.51,m,,
Homepass (Titik Rumah),38/01-06,1,pcs,-7.237725550000002,112.73145565
Kabel Drop,38/01 -> 38/01-06,41.69,m,,
Homepass (Titik Rumah),38/01-07,1,pcs,-7.23767962588089,112.7315082595955
Kabel Drop,38/01 -> 38/01-07,39.47,m,,
Homepass (Titik Rumah),38/01-08,1,pcs,-7.237153942432306,112.73124957210217
Kabel Drop,38/01 -> 38/01-08,39.34,m,,
ODP,38/02,1,pcs,-7.237072688089167,112.73145568887945
Kabel Distribusi,ODC 38 -> 38/02,13.37,m,,
Homepass (Titik Rumah),38/02-01,1,pcs,-7.237256325630407,112.73155870907843
Kabel Drop,38/02 -> 38/02-01,28.04,m,,
Homepass (Titik Rumah),38/02-02,1,pcs,-7.237173037554748,112.73140360717777
Kabel Drop,38/02 -> 38/02-02,15.06,m,,
Homepass (Titik Rumah),38/02-03,1,pcs,-7.236998575243151,112.73155359453835
Kabel Drop,38/02 -> 38/02-03,16.3,m,,
Homepass (Titik Rumah),38/02-04,1,pcs,-7.2370079,112.7314686
Kabel Drop,38/02 -> 38/02-04,8.81,m,,
Homepass (Titik Rumah),38/02-05,1,pcs,-7.237143049999999,112.7313044
Kabel Drop,38/02 -> 38/02-05,22.12,m,,
Homepass (Titik Rumah),38/02-06,1,pcs,-7.236937027157597,112.73152521630394
Kabel Drop,38/02 -> 38/02-06,20.31,m,,
Homepass (Titik Rumah),38/02-07,1,pcs,-7.2369831809409995,112.73138487472556
Kabel Drop,38/02 -> 38/02-07,15.18,m,,
Homepass (Titik Rumah),38/02-08,1,pcs,-7.236928339746583,112.73144317522947
Kabel Drop,38/02 -> 38/02-08,19.33,m,,
ODP,38/03,1,pcs,-7.237065775240912,112.73189287713078
Kabel Distribusi,ODC 38 -> 38/03,44.5,m,,
Homepass (Titik Rumah),38/03-01,1,pcs,-7.237178474263985,112.73199650416099
Kabel Drop,38/03 -> 38/03-01,20.35,m,,
Homepass (Titik Rumah),38/03-02,1,pcs,-7.237267888834277,112.73212193026433
Kabel Drop,38/03 -> 38/03-02,40.58,m,,
Homepass (Titik Rumah),38/03-03,1,pcs,-7.237266563984333,112.73218656854647
Kabel Drop,38/03 -> 38/03-03,47.21,m,,
Homepass (Titik Rumah),38/03-04,1,pcs,-7.237150833346009,112.73229512660572
Kabel Drop,38/03 -> 38/03-04,54.44,m,,
Homepass (Titik Rumah),38/03-05,1,pcs,-7.2372402,112.73161059999998
Kabel Drop,38/03 -> 38/03-05,44.02,m,,
Homepass (Titik Rumah),38/03-06,1,pcs,-7.2369748589332605,112.7316622244922
Kabel Drop,38/03 -> 38/03-06,32.85,m,,
Homepass (Titik Rumah),38/03-07,1,pcs,-7.237277017432763,112.73161206543502
Kabel Drop,38/03 -> 38/03-07,46.65,m,,
Homepass (Titik Rumah),38/03-08,1,pcs,-7.237168924098176,112.73159774298844
Kabel Drop,38/03 -> 38/03-08,41.42,m,,
ODP,38/04,1,pcs,-7.236783237432362,112.73153813305922
Kabel Distribusi,ODC 38 -> 38/04,38.41,m,,
Homepass (Titik Rumah),38/04-01,1,pcs,-7.236869051896772,112.73151946158843
Kabel Drop,38/04 -> 38/04-01,11.71,m,,
Homepass (Titik Rumah),38/04-02,1,pcs,-7.236870300000002,112.73158765000001
Kabel Drop,38/04 -> 38/04-02,13.34,m,,
Homepass (Titik Rumah),38/04-03,1,pcs,-7.236843680333365,112.7314552854152
Kabel Drop,38/04 -> 38/04-03,13.61,m,,
Homepass (Titik Rumah),38/04-04,1,pcs,-7.236812230617781,112.73141245136424
Kabel Drop,38/04 -> 38/04-04,17.08,m,,
Homepass (Titik Rumah),38/04-05,1,pcs,-7.236879813005861,112.73165740747152
Kabel Drop,38/04 -> 38/04-05,20.38,m,,
Homepass (Titik Rumah),38/04-06,1,pcs,-7.236755272917864,112.73161519686377
Kabel Drop,38/04 -> 38/04-06,10.86,m,,
Homepass (Titik Rumah),38/04-07,1,pcs,-7.236728371730069,112.73156789701174
Kabel Drop,38/04 -> 38/04-07,8.31,m,,
Homepass (Titik Rumah),38/04-08,1,pcs,-7.236788121473817,112.7313646476593
Kabel Drop,38/04 -> 38/04-08,22.97,m,,
ODC,ODC 39,1,pcs,-7.236704082548924,112.73131774878341
Join Closure,JOIN CLOSURE ODC 39,1,pcs,-7.236704082548924,112.73131774878341
ODP,39/01,1,pcs,-7.236756746277793,112.73147862506977
Kabel Distribusi,ODC 39 -> 39/01,22.42,m,,
Homepass (Titik Rumah),39/01-01,1,pcs,-7.236777923857574,112.73116898950673
Kabel Drop,39/01 -> 39/01-01,41.08,m,,
Homepass (Titik Rumah),39/01-02,1,pcs,-7.236889796398833,112.7312414666066
Kabel Drop,39/01 -> 39/01-02,36.07,m,,
Homepass (Titik Rumah),39/01-03,1,pcs,-7.236964761587816,112.73119297514772
Kabel Drop,39/01 -> 39/01-03,46.91,m,,
Homepass (Titik Rumah),39/01-04,1,pcs,-7.237034976436845,112.73122107596083
Kabel Drop,39/01 -> 39/01-04,50.4,m,,
Homepass (Titik Rumah),39/01-05,1,pcs,-7.23678405,112.73174094999997
Kabel Drop,39/01 -> 39/01-05,34.91,m,,
Homepass (Titik Rumah),39/01-06,1,pcs,-7.236442,112.7317036
Kabel Drop,39/01 -> 39/01-06,51.48,m,,
Homepass (Titik Rumah),39/01-07,1,pcs,-7.236465360729597,112.73177533421041
Kabel Drop,39/01 -> 39/01-07,55.27,m,,
Homepass (Titik Rumah),39/01-08,1,pcs,-7.236558732657892,112.73184531627595
Kabel Drop,39/01 -> 39/01-08,55.26,m,,
ODP,39/02,1,pcs,-7.2367462792561215,112.73145511263986
Kabel Distribusi,ODC 39 -> 39/02,19.03,m,,
Homepass (Titik Rumah),39/02-01,1,pcs,-7.2366812730533905,112.73151464393956
Kabel Drop,39/02 -> 39/02-01,11.72,m,,
Homepass (Titik Rumah),39/02-02,1,pcs,-7.2365924999999995,112.73152485000001
Kabel Drop,39/02 -> 39/02-02,22.5,m,,
Homepass (Titik Rumah),39/02-03,1,pcs,-7.236647636841047,112.73140202864079
Kabel Drop,39/02 -> 39/02-03,14.92,m,,
Homepass (Titik Rumah),39/02-04,1,pcs,-7.236766299999998,112.73166749999997
Kabel Drop,39/02 -> 39/02-04,28.24,m,,
Homepass (Titik Rumah),39/02-05,1,pcs,-7.236497500000002,112.73151829999999
Kabel Drop,39/02 -> 39/02-05,34.23,m,,
Homepass (Titik Rumah),39/02-06,1,pcs,-7.236633728057055,112.73170315568501
Kabel Drop,39/02 -> 39/02-06,36.11,m,,
Homepass (Titik Rumah),39/02-07,1,pcs,-7.236624650000003,112.73131570000001
Kabel Drop,39/02 -> 39/02-07,24.58,m,,
Homepass (Titik Rumah),39/02-08,1,pcs,-7.2367920285721565,112.73132175232637
Kabel Drop,39/02 -> 39/02-08,18.68,m,,
ODP,39/03,1,pcs,-7.236284952062811,112.73141601105303
Kabel Distribusi,ODC 39 -> 39/03,57.42,m,,
Homepass (Titik Rumah),39/03-01,1,pcs,-7.23644225,112.73142345
Kabel Drop,39/03 -> 39/03-01,21.01,m,,
Homepass (Titik Rumah),39/03-02,1,pcs,-7.236397560619878,112.731548670985
Kabel Drop,39/03 -> 39/03-02,23.11,m,,
Homepass (Titik Rumah),39/03-03,1,pcs,-7.236355699999999,112.7313131
Kabel Drop,39/03 -> 39/03-03,16.57,m,,
Homepass (Titik Rumah),39/03-04,1,pcs,-7.236470057662218,112.73125482312743
Kabel Drop,39/03 -> 39/03-04,32.64,m,,
Homepass (Titik Rumah),39/03-05,1,pcs,-7.236351047205749,112.73126386702751
Kabel Drop,39/03 -> 39/03-05,21.99,m,,
Homepass (Titik Rumah),39/03-06,1,pcs,-7.236423047303115,112.73162906200557
Kabel Drop,39/03 -> 39/03-06,33.69,m,,
Homepass (Titik Rumah),39/03-07,1,pcs,-7.236218199999999,112.7314505
Kabel Drop,39/03 -> 39/03-07,10.01,m,,
Homepass (Titik Rumah),39/03-08,1,pcs,-7.236598760294961,112.73125147331002
Kabel Drop,39/03 -> 39/03-08,47.2,m,,
ODP,39/04,1,pcs,-7.2364477042273565,112.73109358685285
Kabel Distribusi,ODC 39 -> 39/04,45.29,m,,
Homepass (Titik Rumah),39/04-01,1,pcs,-7.236342017620483,112.73120227107177
Kabel Drop,39/04 -> 39/04-01,20.15,m,,
Homepass (Titik Rumah),39/04-02,1,pcs,-7.2363306,112.7311339
Kabel Drop,39/04 -> 39/04-02,16.51,m,,
Homepass (Titik Rumah),39/04-03,1,pcs,-7.236470741835366,112.73115869860312
Kabel Drop,39/04 -> 39/04-03,9.15,m,,
Homepass (Titik Rumah),39/04-04,1,pcs,-7.236586827706139,112.73116216696167
Kabel Drop,39/04 -> 39/04-04,20.66,m,,
Homepass (Titik Rumah),39/04-05,1,pcs,-7.236019774113742,112.73131911146811
Kabel Drop,39/04 -> 39/04-05,64.43,m,,
Homepass (Titik Rumah),39/04-06,1,pcs,-7.236715706526258,112.73117282371997
Kabel Drop,39/04 -> 39/04-06,37.27,m,,
Homepass (Titik Rumah),39/04-07,1,pcs,-7.236746791513351,112.73125272705828
Kabel Drop,39/04 -> 39/04-07,45.13,m,,
Homepass (Titik Rumah),39/04-08,1,pcs,-7.236272471169789,112.7316244416353
Kabel Drop,39/04 -> 39/04-08,74.06,m,,
ODC,ODC 40,1,pcs,-7.236198115285123,112.73199228680822
Join Closure,JOIN CLOSURE ODC 40,1,pcs,-7.236198115285123,112.73199228680822
ODP,40/01,1,pcs,-7.2357850509495245,112.73168152483082
Kabel Distribusi,ODC 40 -> 40/01,68.78,m,,
Homepass (Titik Rumah),40/01-01,1,pcs,-7.23630525,112.73181120000001
Kabel Drop,40/01 -> 40/01-01,71.5,m,,
Homepass (Titik Rumah),40/01-02,1,pcs,-7.235881999999999,112.73158939999999
Kabel Drop,40/01 -> 40/01-02,17.78,m,,
Homepass (Titik Rumah),40/01-03,1,pcs,-7.235804099999999,112.73222175
Kabel Drop,40/01 -> 40/01-03,71.56,m,,
Homepass (Titik Rumah),40/01-04,1,pcs,-7.2356997905270255,112.73154851115903
Kabel Drop,40/01 -> 40/01-04,20.96,m,,
Homepass (Titik Rumah),40/01-05,1,pcs,-7.2356530999999995,112.73154890000002
Kabel Drop,40/01 -> 40/01-05,24.86,m,,
Homepass (Titik Rumah),40/01-06,1,pcs,-7.2356064,112.73155714999999
Kabel Drop,40/01 -> 40/01-06,28.97,m,,
Homepass (Titik Rumah),40/01-07,1,pcs,-7.235567000000001,112.73156924999999
Kabel Drop,40/01 -> 40/01-07,32.67,m,,
Homepass (Titik Rumah),40/01-08,1,pcs,-7.2356627680128955,112.73121547331966
Kabel Drop,40/01 -> 40/01-08,63.81,m,,
ODP,40/02,1,pcs,-7.235435958534536,112.73172394461079
Kabel Distribusi,ODC 40 -> 40/02,107.72,m,,
Homepass (Titik Rumah),40/02-01,1,pcs,-7.235200065438551,112.73188362023855
Kabel Drop,40/02 -> 40/02-01,37.91,m,,
Homepass (Titik Rumah),40/02-02,1,pcs,-7.2350062999999984,112.73165105
Kabel Drop,40/02 -> 40/02-02,58.14,m,,
Homepass (Titik Rumah),40/02-03,1,pcs,-7.235010446529227,112.73148707897617
Kabel Drop,40/02 -> 40/02-03,64.86,m,,
Homepass (Titik Rumah),40/02-04,1,pcs,-7.235096628476765,112.73130320319319
Kabel Drop,40/02 -> 40/02-04,71.78,m,,
Homepass (Titik Rumah),40/02-05,1,pcs,-7.23496836755955,112.73128285764383
Kabel Drop,40/02 -> 40/02-05,85.45,m,,
Homepass (Titik Rumah),40/02-06,1,pcs,-7.234768571842053,112.73130436452608
Kabel Drop,40/02 -> 40/02-06,104.95,m,,
Homepass (Titik Rumah),40/02-07,1,pcs,-7.235226276938904,112.73285464511275
Kabel Drop,40/02 -> 40/02-07,152.27,m,,
Homepass (Titik Rumah),40/02-08,1,pcs,-7.238293100000001,112.73200460000002
Kabel Drop,40/02 -> 40/02-08,383.05,m,,
ODP,40/03,1,pcs,-7.236438016738784,112.73219028707938
Kabel Distribusi,ODC 40 -> 40/03,41.37,m,,
Homepass (Titik Rumah),40/03-01,1,pcs,-7.2365296500000005,112.73225479999999
Kabel Drop,40/03 -> 40/03-01,14.91,m,,
Homepass (Titik Rumah),40/03-02,1,pcs,-7.2365865000000005,112.73224160000001
Kabel Drop,40/03 -> 40/03-02,20.94,m,,
Homepass (Titik Rumah),40/03-03,1,pcs,-7.236703133867808,112.73224939636805
Kabel Drop,40/03 -> 40/03-03,36.23,m,,
Homepass (Titik Rumah),40/03-04,1,pcs,-7.236553499999999,112.73206005000002
Kabel Drop,40/03 -> 40/03-04,23.12,m,,
Homepass (Titik Rumah),40/03-05,1,pcs,-7.2367438429632776,112.73233003843475
Kabel Drop,40/03 -> 40/03-05,44.8,m,,
Homepass (Titik Rumah),40/03-06,1,pcs,-7.236343599999999,112.73199889999998
Kabel Drop,40/03 -> 40/03-06,28.29,m,,
Homepass (Titik Rumah),40/03-07,1,pcs,-7.2368592824904105,112.73218643433651
Kabel Drop,40/03 -> 40/03-07,56.21,m,,
Homepass (Titik Rumah),40/03-08,1,pcs,-7.23659521513401,112.73192222140626
Kabel Drop,40/03 -> 40/03-08,41.22,m,,
ODP,40/04,1,pcs,-7.236504115437813,112.73252464664148
Kabel Distribusi,ODC 40 -> 40/04,81.44,m,,
Homepass (Titik Rumah),40/04-01,1,pcs,-7.2364996999999995,112.73272755
Kabel Drop,40/04 -> 40/04-01,26.86,m,,
Homepass (Titik Rumah),40/04-02,1,pcs,-7.236488574910482,112.73264240957815
Kabel Drop,40/04 -> 40/04-02,15.73,m,,
Homepass (Titik Rumah),40/04-03,1,pcs,-7.236458850000002,112.7325396
Kabel Drop,40/04 -> 40/04-03,6.36,m,,
Homepass (Titik Rumah),40/04-04,1,pcs,-7.2364346,112.73243260000001
Kabel Drop,40/04 -> 40/04-04,15.31,m,,
Homepass (Titik Rumah),40/04-05,1,pcs,-7.23680752198868,112.73253794675128
Kabel Drop,40/04 -> 40/04-05,40.52,m,,
Homepass (Titik Rumah),40/04-06,1,pcs,-7.236583350000001,112.73236679999998
Kabel Drop,40/04 -> 40/04-06,23.42,m,,
Homepass (Titik Rumah),40/04-07,1,pcs,-7.236417271615189,112.73232488704859
Kabel Drop,40/04 -> 40/04-07,28.87,m,,
Homepass (Titik Rumah),40/04-08,1,pcs,-7.236070299999999,112.73267930000002
Kabel Drop,40/04 -> 40/04-08,61.4,m,,
ODC,ODC 41,1,pcs,-7.235650719570598,112.73331410929319
Join Closure,JOIN CLOSURE ODC 41,1,pcs,-7.235650719570598,112.73331410929319
ODP,41/01,1,pcs,-7.235211260352589,112.73344634883463
Kabel Distribusi,ODC 41 -> 41/01,61.2,m,,
Homepass (Titik Rumah),41/01-01,1,pcs,-7.235303259200737,112.73340054461868
Kabel Drop,41/01 -> 41/01-01,13.69,m,,
Homepass (Titik Rumah),41/01-02,1,pcs,-7.235289431840963,112.73336187314403
Kabel Drop,41/01 -> 41/01-02,15.29,m,,
Homepass (Titik Rumah),41/01-03,1,pcs,-7.23531646156263,112.73343955970837
Kabel Drop,41/01 -> 41/01-03,14.07,m,,
Homepass (Titik Rumah),41/01-04,1,pcs,-7.235330604789369,112.73347839083472
Kabel Drop,41/01 -> 41/01-04,16.48,m,,
Homepass (Titik Rumah),41/01-05,1,pcs,-7.235261861522137,112.73328533520579
Kabel Drop,41/01 -> 41/01-05,22.36,m,,
Homepass (Titik Rumah),41/01-06,1,pcs,-7.235344695560472,112.73351717478198
Kabel Drop,41/01 -> 41/01-06,20.12,m,,
Homepass (Titik Rumah),41/01-07,1,pcs,-7.235244150000001,112.73323595000001
Kabel Drop,41/01 -> 41/01-07,28.19,m,,
Homepass (Titik Rumah),41/01-08,1,pcs,-7.235364769625329,112.73357373664275
Kabel Drop,41/01 -> 41/01-08,26.53,m,,
ODP,41/02,1,pcs,-7.2355902,112.7333318
Kabel Distribusi,ODC 41 -> 41/02,8.41,m,,
Homepass (Titik Rumah),41/02-01,1,pcs,-7.23566870301703,112.73319285930694
Kabel Drop,41/02 -> 41/02-01,21.17,m,,
Homepass (Titik Rumah),41/02-02,1,pcs,-7.235546817138703,112.73310752906326
Kabel Drop,41/02 -> 41/02-02,30.25,m,,
Homepass (Titik Rumah),41/02-03,1,pcs,-7.235711392341149,112.73335895513749
Kabel Drop,41/02 -> 41/02-03,16.57,m,,
Homepass (Titik Rumah),41/02-04,1,pcs,-7.235652004290161,112.73337899618213
Kabel Drop,41/02 -> 41/02-04,10.35,m,,
Homepass (Titik Rumah),41/02-05,1,pcs,-7.235479211196226,112.7332795701018
Kabel Drop,41/02 -> 41/02-05,16.34,m,,
Homepass (Titik Rumah),41/02-06,1,pcs,-7.235598313717793,112.73339639702151
Kabel Drop,41/02 -> 41/02-06,8.62,m,,
Homepass (Titik Rumah),41/02-07,1,pcs,-7.235707444348021,112.7335573987963
Kabel Drop,41/02 -> 41/02-07,33.71,m,,
Homepass (Titik Rumah),41/02-08,1,pcs,-7.235275475192039,112.73332343604844
Kabel Drop,41/02 -> 41/02-08,42.01,m,,
ODP,41/03,1,pcs,-7.235811214180377,112.73312859390377
Kabel Distribusi,ODC 41 -> 41/03,32.58,m,,
Homepass (Titik Rumah),41/03-01,1,pcs,-7.236004220226619,112.73307819731605
Kabel Drop,41/03 -> 41/03-01,26.6,m,,
Homepass (Titik Rumah),41/03-02,1,pcs,-7.23591318182028,112.73314771340715
Kabel Drop,41/03 -> 41/03-02,13.84,m,,
Homepass (Titik Rumah),41/03-03,1,pcs,-7.235904925631095,112.73329576863335
Kabel Drop,41/03 -> 41/03-03,25.42,m,,
Homepass (Titik Rumah),41/03-04,1,pcs,-7.236019549999999,112.73281985000001
Kabel Drop,41/03 -> 41/03-04,49.43,m,,
Homepass (Titik Rumah),41/03-05,1,pcs,-7.235745,112.73307755
Kabel Drop,41/03 -> 41/03-05,11.12,m,,
Homepass (Titik Rumah),41/03-06,1,pcs,-7.235845588498155,112.73331415197836
Kabel Drop,41/03 -> 41/03-06,24.99,m,,
Homepass (Titik Rumah),41/03-07,1,pcs,-7.2358236,112.73283310000001
Kabel Drop,41/03 -> 41/03-07,39.15,m,,
Homepass (Titik Rumah),41/03-08,1,pcs,-7.235781489984622,112.73333544360018
Kabel Drop,41/03 -> 41/03-08,27.67,m,,
ODP,41/04,1,pcs,-7.2359539,112.7332255
Kabel Distribusi,ODC 41 -> 41/04,42.12,m,,
Homepass (Titik Rumah),41/04-01,1,pcs,-7.236320897346262,112.7334139872478
Kabel Drop,41/04 -> 41/04-01,54.96,m,,
Homepass (Titik Rumah),41/04-02,1,pcs,-7.236222365646695,112.73322716635344
Kabel Drop,41/04 -> 41/04-02,35.82,m,,
Homepass (Titik Rumah),41/04-03,1,pcs,-7.236485154750428,112.73324263925149
Kabel Drop,41/04 -> 41/04-03,70.92,m,,
Homepass (Titik Rumah),41/04-04,1,pcs,-7.236478798575701,112.73317756924092
Kabel Drop,41/04 -> 41/04-04,70.33,m,,
Homepass (Titik Rumah),41/04-05,1,pcs,-7.236033724419528,112.73326740690372
Kabel Drop,41/04 -> 41/04-05,12.01,m,,
Homepass (Titik Rumah),41/04-06,1,pcs,-7.236014591268497,112.73321251442061
Kabel Drop,41/04 -> 41/04-06,8.28,m,,
Homepass (Titik Rumah),41/04-07,1,pcs,-7.23617886330319,112.73305778454942
Kabel Drop,41/04 -> 41/04-07,37.34,m,,
Homepass (Titik Rumah),41/04-08,1,pcs,-7.235960248927229,112.73327897763546
Kabel Drop,41/04 -> 41/04-08,7.13,m,,
ODC,ODC 42,1,pcs,-7.235543875200883,112.73440098463267
Join Closure,JOIN CLOSURE ODC 42,1,pcs,-7.235543875200883,112.73440098463267
ODP,42/01,1,pcs,-7.23586698760789,112.73446703220186
Kabel Distribusi,ODC 42 -> 42/01,43.99,m,,
Homepass (Titik Rumah),42/01-01,1,pcs,-7.235726969772926,112.73431870961012
Kabel Drop,42/01 -> 42/01-01,27.1,m,,
Homepass (Titik Rumah),42/01-02,1,pcs,-7.235770940735807,112.73432654539073
Kabel Drop,42/01 -> 42/01-02,22.58,m,,
Homepass (Titik Rumah),42/01-03,1,pcs,-7.235800053284032,112.73429490469356
Kabel Drop,42/01 -> 42/01-03,24.47,m,,
Homepass (Titik Rumah),42/01-04,1,pcs,-7.2356522767976985,112.7343907339409
Kabel Drop,42/01 -> 42/01-04,30.38,m,,
Homepass (Titik Rumah),42/01-05,1,pcs,-7.235834040477162,112.7342803613914
Kabel Drop,42/01 -> 42/01-05,25.1,m,,
Homepass (Titik Rumah),42/01-06,1,pcs,-7.235871238514793,112.73426789249365
Kabel Drop,42/01 -> 42/01-06,26.37,m,,
Homepass (Titik Rumah),42/01-07,1,pcs,-7.23591318034295,112.73421090006843
Kabel Drop,42/01 -> 42/01-07,34.46,m,,
Homepass (Titik Rumah),42/01-08,1,pcs,-7.235975450000001,112.73452855
Kabel Drop,42/01 -> 42/01-08,16.61,m,,
ODP,42/02,1,pcs,-7.235995904526988,112.73492070957775
Kabel Distribusi,ODC 42 -> 42/02,91.49,m,,
Homepass (Titik Rumah),42/02-01,1,pcs,-7.23625420795292,112.7347818278203
Kabel Drop,42/02 -> 42/02-01,39.06,m,,
Homepass (Titik Rumah),42/02-02,1,pcs,-7.236335834424837,112.73487532930456
Kabel Drop,42/02 -> 42/02-02,45.75,m,,
Homepass (Titik Rumah),42/02-03,1,pcs,-7.236241841963511,112.73499381041542
Kabel Drop,42/02 -> 42/02-03,34.21,m,,
Homepass (Titik Rumah),42/02-04,1,pcs,-7.235969069515902,112.73483098752433
Kabel Drop,42/02 -> 42/02-04,12.4,m,,
Homepass (Titik Rumah),42/02-05,1,pcs,-7.235810486221302,112.73484829510188
Kabel Drop,42/02 -> 42/02-05,26.53,m,,
Homepass (Titik Rumah),42/02-06,1,pcs,-7.2358376732105025,112.73496498630183
Kabel Drop,42/02 -> 42/02-06,21.91,m,,
Homepass (Titik Rumah),42/02-07,1,pcs,-7.23578085146918,112.735028178067
Kabel Drop,42/02 -> 42/02-07,32.03,m,,
Homepass (Titik Rumah),42/02-08,1,pcs,-7.235948963985813,112.73524028723493
Kabel Drop,42/02 -> 42/02-08,42.76,m,,
ODP,42/03,1,pcs,-7.23547311763148,112.73418211516768
Kabel Distribusi,ODC 42 -> 42/03,30.47,m,,
Homepass (Titik Rumah),42/03-01,1,pcs,-7.235535549999995,112.73405334999998
Kabel Drop,42/03 -> 42/03-01,18.97,m,,
Homepass (Titik Rumah),42/03-02,1,pcs,-7.235548850815309,112.73409052985761
Kabel Drop,42/03 -> 42/03-02,15.78,m,,
Homepass (Titik Rumah),42/03-03,1,pcs,-7.235562834551201,112.73412984908812
Kabel Drop,42/03 -> 42/03-03,13.83,m,,
Homepass (Titik Rumah),42/03-04,1,pcs,-7.235577136320442,112.73416893637123
Kabel Drop,42/03 -> 42/03-04,13.99,m,,
Homepass (Titik Rumah),42/03-05,1,pcs,-7.235675193604209,112.73406924175715
Kabel Drop,42/03 -> 42/03-05,30.83,m,,
Homepass (Titik Rumah),42/03-06,1,pcs,-7.235696733052723,112.73419119267245
Kabel Drop,42/03 -> 42/03-06,29.86,m,,
Homepass (Titik Rumah),42/03-07,1,pcs,-7.235621114807402,112.7343039794363
Kabel Drop,42/03 -> 42/03-07,25.5,m,,
Homepass (Titik Rumah),42/03-08,1,pcs,-7.235806207242108,112.73404939370187
Kabel Drop,42/03 -> 42/03-08,47.79,m,,
ODP,42/04,1,pcs,-7.235363386752851,112.73386471310857
Kabel Distribusi,ODC 42 -> 42/04,74.96,m,,
Homepass (Titik Rumah),42/04-01,1,pcs,-7.235391740103096,112.73365047090984
Kabel Drop,42/04 -> 42/04-01,28.61,m,,
Homepass (Titik Rumah),42/04-02,1,pcs,-7.235419299028415,112.73372762271407
Kabel Drop,42/04 -> 42/04-02,19.62,m,,
Homepass (Titik Rumah),42/04-03,1,pcs,-7.235542763935667,112.73367040935578
Kabel Drop,42/04 -> 42/04-03,35.13,m,,
Homepass (Titik Rumah),42/04-04,1,pcs,-7.235447342875032,112.73380587168633
Kabel Drop,42/04 -> 42/04-04,13.64,m,,
Homepass (Titik Rumah),42/04-05,1,pcs,-7.235468939392878,112.73386626634091
Kabel Drop,42/04 -> 42/04-05,14.09,m,,
Homepass (Titik Rumah),42/04-06,1,pcs,-7.235482690355986,112.73390478832737
Kabel Drop,42/04 -> 42/04-06,16.78,m,,
Homepass (Titik Rumah),42/04-07,1,pcs,-7.235502369139343,112.7339598257742
Kabel Drop,42/04 -> 42/04-07,22.41,m,,
Homepass (Titik Rumah),42/04-08,1,pcs,-7.235522300138963,112.73401597112003
Kabel Drop,42/04 -> 42/04-08,29.16,m,,
ODC,ODC 43,1,pcs,-7.2365207043182265,112.73392253665737
Join Closure,JOIN CLOSURE ODC 43,1,pcs,-7.2365207043182265,112.73392253665737
ODP,43/01,1,pcs,-7.236778441794397,112.7339176627648
Kabel Distribusi,ODC 43 -> 43/01,34.4,m,,
Homepass (Titik Rumah),43/01-01,1,pcs,-7.237055200000004,112.73403705
Kabel Drop,43/01 -> 43/01-01,40.17,m,,
Homepass (Titik Rumah),43/01-02,1,pcs,-7.236909083378702,112.73396511668227
Kabel Drop,43/01 -> 43/01-02,18.53,m,,
Homepass (Titik Rumah),43/01-03,1,pcs,-7.23688415,112.73391344999999
Kabel Drop,43/01 -> 43/01-03,14.12,m,,
Homepass (Titik Rumah),43/01-04,1,pcs,-7.2370272185210425,112.733797129356
Kabel Drop,43/01 -> 43/01-04,36.83,m,,
Homepass (Titik Rumah),43/01-05,1,pcs,-7.236849172896367,112.73382374096296
Kabel Drop,43/01 -> 43/01-05,15.61,m,,
Homepass (Titik Rumah),43/01-06,1,pcs,-7.236699050271176,112.73393408025983
Kabel Drop,43/01 -> 43/01-06,10.81,m,,
Homepass (Titik Rumah),43/01-07,1,pcs,-7.236896149999999,112.73369824999999
Kabel Drop,43/01 -> 43/01-07,33.02,m,,
Homepass (Titik Rumah),43/01-08,1,pcs,-7.236675978214832,112.7340065680706
Kabel Drop,43/01 -> 43/01-08,18.04,m,,
ODP,43/02,1,pcs,-7.2365033,112.7339267
Kabel Distribusi,ODC 43 -> 43/02,2.39,m,,
Homepass (Titik Rumah),43/02-01,1,pcs,-7.236596050119241,112.73396958560798
Kabel Drop,43/02 -> 43/02-01,13.62,m,,
Homepass (Titik Rumah),43/02-02,1,pcs,-7.236480226449834,112.73400578510928
Kabel Drop,43/02 -> 43/02-02,10.91,m,,
Homepass (Titik Rumah),43/02-03,1,pcs,-7.2362547,112.73417264999999
Kabel Drop,43/02 -> 43/02-03,46.48,m,,
Homepass (Titik Rumah),43/02-04,1,pcs,-7.236899650000001,112.73359165000001
Kabel Drop,43/02 -> 43/02-04,69.02,m,,
Homepass (Titik Rumah),43/02-05,1,pcs,-7.236250097016362,112.73441397794817
Kabel Drop,43/02 -> 43/02-05,72.81,m,,
Homepass (Titik Rumah),43/02-06,1,pcs,-7.236022611944423,112.73406094584841
Kabel Drop,43/02 -> 43/02-06,66.56,m,,
Homepass (Titik Rumah),43/02-07,1,pcs,-7.236518532795181,112.7333913111648
Kabel Drop,43/02 -> 43/02-07,70.9,m,,
Homepass (Titik Rumah),43/02-08,1,pcs,-7.23686275,112.73344569999999
Kabel Drop,43/02 -> 43/02-08,79.71,m,,
ODP,43/03,1,pcs,-7.236609220631313,112.73305500981573
Kabel Distribusi,ODC 43 -> 43/03,115.44,m,,
Homepass (Titik Rumah),43/03-01,1,pcs,-7.236741705093799,112.73317852479167
Kabel Drop,43/03 -> 43/03-01,24.08,m,,
Homepass (Titik Rumah),43/03-02,1,pcs,-7.236750625759222,112.73310029569099
Kabel Drop,43/03 -> 43/03-02,19.8,m,,
Homepass (Titik Rumah),43/03-03,1,pcs,-7.236839024793974,112.73317880737629
Kabel Drop,43/03 -> 43/03-03,34.77,m,,
Homepass (Titik Rumah),43/03-04,1,pcs,-7.236760087660275,112.73302987083396
Kabel Drop,43/03 -> 43/03-04,20.4,m,,
Homepass (Titik Rumah),43/03-05,1,pcs,-7.236541884198053,112.73309452528426
Kabel Drop,43/03 -> 43/03-05,10.4,m,,
Homepass (Titik Rumah),43/03-06,1,pcs,-7.236521270484147,112.73298837466525
Kabel Drop,43/03 -> 43/03-06,14.68,m,,
Homepass (Titik Rumah),43/03-07,1,pcs,-7.2365028369652435,112.73287406364163
Kabel Drop,43/03 -> 43/03-07,27.84,m,,
Homepass (Titik Rumah),43/03-08,1,pcs,-7.236401083310641,112.7329601690678
Kabel Drop,43/03 -> 43/03-08,30.48,m,,
ODP,43/04,1,pcs,-7.236179689052008,112.73473991650727
Kabel Distribusi,ODC 43 -> 43/04,117.38,m,,
Homepass (Titik Rumah),43/04-01,1,pcs,-7.236075028497049,112.73448025603116
Kabel Drop,43/04 -> 43/04-01,37.1,m,,
Homepass (Titik Rumah),43/04-02,1,pcs,-7.236168588659621,112.7344624046179
Kabel Drop,43/04 -> 43/04-02,36.76,m,,
Homepass (Titik Rumah),43/04-03,1,pcs,-7.236163844779314,112.73462366442628
Kabel Drop,43/04 -> 43/04-03,15.53,m,,
Homepass (Titik Rumah),43/04-04,1,pcs,-7.236049524345938,112.7346593805603
Kabel Drop,43/04 -> 43/04-04,20.38,m,,
Homepass (Titik Rumah),43/04-05,1,pcs,-7.236229350000001,112.73457749999999
Kabel Drop,43/04 -> 43/04-05,22.5,m,,
Homepass (Titik Rumah),43/04-06,1,pcs,-7.236125446230282,112.73466831993416
Kabel Drop,43/04 -> 43/04-06,11.93,m,,
Homepass (Titik Rumah),43/04-07,1,pcs,-7.236095601585848,112.73470324649111
Kabel Drop,43/04 -> 43/04-07,12.23,m,,
Homepass (Titik Rumah),43/04-08,1,pcs,-7.235784312455442,112.73466693627107
Kabel Drop,43/04 -> 43/04-08,53.63,m,,
ODC,ODC 44,1,pcs,-7.2374527734956855,112.73240375361335
Join Closure,JOIN CLOSURE ODC 44,1,pcs,-7.2374527734956855,112.73240375361335
ODP,44/01,1,pcs,-7.23707833275835,112.73210098458466
Kabel Distribusi,ODC 44 -> 44/01,64.05,m,,
Homepass (Titik Rumah),44/01-01,1,pcs,-7.236867584795544,112.73210022648688
Kabel Drop,44/01 -> 44/01-01,28.12,m,,
Homepass (Titik Rumah),44/01-02,1,pcs,-7.236917351010095,112.7320105641389
Kabel Drop,44/01 -> 44/01-02,24.59,m,,
Homepass (Titik Rumah),44/01-03,1,pcs,-7.236948160002421,112.73220082412932
Kabel Drop,44/01 -> 44/01-03,21.83,m,,
Homepass (Titik Rumah),44/01-04,1,pcs,-7.2369903275925624,112.73229454178065
Kabel Drop,44/01 -> 44/01-04,28.18,m,,
Homepass (Titik Rumah),44/01-05,1,pcs,-7.236918577750566,112.73184827740917
Kabel Drop,44/01 -> 44/01-05,39.67,m,,
Homepass (Titik Rumah),44/01-06,1,pcs,-7.2371544,112.73212755
Kabel Drop,44/01 -> 44/01-06,10.74,m,,
Homepass (Titik Rumah),44/01-07,1,pcs,-7.237165744651916,112.73206292873742
Kabel Drop,44/01 -> 44/01-07,12.71,m,,
Homepass (Titik Rumah),44/01-08,1,pcs,-7.237178350000001,112.73219230000001
Kabel Drop,44/01 -> 44/01-08,18.01,m,,
ODP,44/02,1,pcs,-7.2374748926166,112.73221332102568
Kabel Distribusi,ODC 44 -> 44/02,25.38,m,,
Homepass (Titik Rumah),44/02-01,1,pcs,-7.2375543500000035,112.73235389999998
Kabel Drop,44/02 -> 44/02-01,21.42,m,,
Homepass (Titik Rumah),44/02-02,1,pcs,-7.2374976952075425,112.73227627177756
Kabel Drop,44/02 -> 44/02-02,8.87,m,,
Homepass (Titik Rumah),44/02-03,1,pcs,-7.237582,112.73225475
Kabel Drop,44/02 -> 44/02-03,15.31,m,,
Homepass (Titik Rumah),44/02-04,1,pcs,-7.237655850000001,112.7322644
Kabel Drop,44/02 -> 44/02-04,25.07,m,,
Homepass (Titik Rumah),44/02-05,1,pcs,-7.237646079067231,112.73219694714037
Kabel Drop,44/02 -> 44/02-05,22.94,m,,
Homepass (Titik Rumah),44/02-06,1,pcs,-7.237414125944846,112.73220809113899
Kabel Drop,44/02 -> 44/02-06,8.14,m,,
Homepass (Titik Rumah),44/02-07,1,pcs,-7.237426099999998,112.73214809999999
Kabel Drop,44/02 -> 44/02-07,10.81,m,,
Homepass (Titik Rumah),44/02-08,1,pcs,-7.237543999999999,112.73209944999999
Kabel Drop,44/02 -> 44/02-08,17.67,m,,
ODP,44/03,1,pcs,-7.237448102197792,112.73246830047256
Kabel Distribusi,ODC 44 -> 44/03,8.57,m,,
Homepass (Titik Rumah),44/03-01,1,pcs,-7.2373275500000025,112.73255024999999
Kabel Drop,44/03 -> 44/03-01,19.4,m,,
Homepass (Titik Rumah),44/03-02,1,pcs,-7.2373696,112.73248775
Kabel Drop,44/03 -> 44/03-02,10.79,m,,
Homepass (Titik Rumah),44/03-03,1,pcs,-7.237514962107877,112.73253656928844
Kabel Drop,44/03 -> 44/03-03,12.7,m,,
Homepass (Titik Rumah),44/03-04,1,pcs,-7.237234180034465,112.73238068554336
Kabel Drop,44/03 -> 44/03-04,30.81,m,,
Homepass (Titik Rumah),44/03-05,1,pcs,-7.237496075467144,112.73242824408078
Kabel Drop,44/03 -> 44/03-05,8.31,m,,
Homepass (Titik Rumah),44/03-06,1,pcs,-7.237534949999999,112.73269400000001
Kabel Drop,44/03 -> 44/03-06,32.04,m,,
Homepass (Titik Rumah),44/03-07,1,pcs,-7.237170950000002,112.73233874999997
Kabel Drop,44/03 -> 44/03-07,40.76,m,,
Homepass (Titik Rumah),44/03-08,1,pcs,-7.237374100000003,112.73228945000001
Kabel Drop,44/03 -> 44/03-08,25.65,m,,
ODP,44/04,1,pcs,-7.2371931634918365,112.73278778441905
Kabel Distribusi,ODC 44 -> 44/04,61.52,m,,
Homepass (Titik Rumah),44/04-01,1,pcs,-7.2371170000000005,112.73285899999998
Kabel Drop,44/04 -> 44/04-01,13.86,m,,
Homepass (Titik Rumah),44/04-02,1,pcs,-7.237033412792358,112.7327738200302
Kabel Drop,44/04 -> 44/04-02,21.4,m,,
Homepass (Titik Rumah),44/04-03,1,pcs,-7.2369202999999995,112.73279499999998
Kabel Drop,44/04 -> 44/04-03,36.42,m,,
Homepass (Titik Rumah),44/04-04,1,pcs,-7.237286005708984,112.73273738968584
Kabel Drop,44/04 -> 44/04-04,14.07,m,,
Homepass (Titik Rumah),44/04-05,1,pcs,-7.236915739731569,112.73294347106655
Kabel Drop,44/04 -> 44/04-05,42.37,m,,
Homepass (Titik Rumah),44/04-06,1,pcs,-7.237358478693439,112.73291199791655
Kabel Drop,44/04 -> 44/04-06,27.51,m,,
Homepass (Titik Rumah),44/04-07,1,pcs,-7.236846426782302,112.73281006294609
Kabel Drop,44/04 -> 44/04-07,46.36,m,,
Homepass (Titik Rumah),44/04-08,1,pcs,-7.2371875,112.73255610000001
Kabel Drop,44/04 -> 44/04-08,30.68,m,,
ODC,ODC 45,1,pcs,-7.238128797204668,112.73281144562019
Join Closure,JOIN CLOSURE ODC 45,1,pcs,-7.238128797204668,112.73281144562019
ODP,45/01,1,pcs,-7.238240869548831,112.73306857833644
Kabel Distribusi,ODC 45 -> 45/01,37.18,m,,
Homepass (Titik Rumah),45/01-01,1,pcs,-7.238473089986917,112.7329911697096
Kabel Drop,45/01 -> 45/01-01,32.64,m,,
Homepass (Titik Rumah),45/01-02,1,pcs,-7.2383699239744566,112.73303735390208
Kabel Drop,45/01 -> 45/01-02,17.71,m,,
Homepass (Titik Rumah),45/01-03,1,pcs,-7.238709129039034,112.73284363896468
Kabel Drop,45/01 -> 45/01-03,69.21,m,,
Homepass (Titik Rumah),45/01-04,1,pcs,-7.238320400000002,112.73328075
Kabel Drop,45/01 -> 45/01-04,30.02,m,,
Homepass (Titik Rumah),45/01-05,1,pcs,-7.238685249999999,112.73272920000001
Kabel Drop,45/01 -> 45/01-05,74.39,m,,
Homepass (Titik Rumah),45/01-06,1,pcs,-7.2383272,112.73336295
Kabel Drop,45/01 -> 45/01-06,40.63,m,,
Homepass (Titik Rumah),45/01-07,1,pcs,-7.238143649999999,112.73321895
Kabel Drop,45/01 -> 45/01-07,23.76,m,,
Homepass (Titik Rumah),45/01-08,1,pcs,-7.23808406806922,112.7332131360643
Kabel Drop,45/01 -> 45/01-08,28.35,m,,
ODP,45/02,1,pcs,-7.238222978428521,112.7327379572989
Kabel Distribusi,ODC 45 -> 45/02,15.89,m,,
Homepass (Titik Rumah),45/02-01,1,pcs,-7.23828245,112.7327257
Kabel Drop,45/02 -> 45/02-01,8.1,m,,
Homepass (Titik Rumah),45/02-02,1,pcs,-7.23826397816964,112.7328064379397
Kabel Drop,45/02 -> 45/02-02,10.59,m,,
Homepass (Titik Rumah),45/02-03,1,pcs,-7.238361571472923,112.73281615764026
Kabel Drop,45/02 -> 45/02-03,21.19,m,,
Homepass (Titik Rumah),45/02-04,1,pcs,-7.238118202680941,112.73271648059877
Kabel Drop,45/02 -> 45/02-04,14.27,m,,
Homepass (Titik Rumah),45/02-05,1,pcs,-7.2384533499999995,112.73262445000002
Kabel Drop,45/02 -> 45/02-05,34.21,m,,
Homepass (Titik Rumah),45/02-06,1,pcs,-7.238073324305746,112.73269948961814
Kabel Drop,45/02 -> 45/02-06,20.61,m,,
Homepass (Titik Rumah),45/02-07,1,pcs,-7.238471711944495,112.73283972626074
Kabel Drop,45/02 -> 45/02-07,35.82,m,,
Homepass (Titik Rumah),45/02-08,1,pcs,-7.238025400000001,112.73269859999999
Kabel Drop,45/02 -> 45/02-08,26.87,m,,
ODP,45/03,1,pcs,-7.237836949857993,112.73281561791084
Kabel Distribusi,ODC 45 -> 45/03,38.95,m,,
Homepass (Titik Rumah),45/03-01,1,pcs,-7.237984964479226,112.73284304829374
Kabel Drop,45/03 -> 45/03-01,20.08,m,,
Homepass (Titik Rumah),45/03-02,1,pcs,-7.2379721,112.73267274999998
Kabel Drop,45/03 -> 45/03-02,26.13,m,,
Homepass (Titik Rumah),45/03-03,1,pcs,-7.237910806678676,112.7330968047107
Kabel Drop,45/03 -> 45/03-03,38.5,m,,
Homepass (Titik Rumah),45/03-04,1,pcs,-7.237916449999999,112.73258155000002
Kabel Drop,45/03 -> 45/03-04,32.75,m,,
Homepass (Titik Rumah),45/03-05,1,pcs,-7.2377146607819265,112.73274897078151
Kabel Drop,45/03 -> 45/03-05,18.55,m,,
Homepass (Titik Rumah),45/03-06,1,pcs,-7.237691363115879,112.7329026245362
Kabel Drop,45/03 -> 45/03-06,22.58,m,,
Homepass (Titik Rumah),45/03-07,1,pcs,-7.238106965443871,112.73312652711583
Kabel Drop,45/03 -> 45/03-07,54.7,m,,
Homepass (Titik Rumah),45/03-08,1,pcs,-7.2377523764887615,112.73257666343586
Kabel Drop,45/03 -> 45/03-08,33.58,m,,
ODP,45/04,1,pcs,-7.238239591854836,112.73256361516324
Kabel Distribusi,ODC 45 -> 45/04,35.98,m,,
Homepass (Titik Rumah),45/04-01,1,pcs,-7.2381792,112.73248595000003
Kabel Drop,45/04 -> 45/04-01,13.06,m,,
Homepass (Titik Rumah),45/04-02,1,pcs,-7.238186974714095,112.7325620046727
Kabel Drop,45/04 -> 45/04-02,7.02,m,,
Homepass (Titik Rumah),45/04-03,1,pcs,-7.238317126205224,112.73249669238345
Kabel Drop,45/04 -> 45/04-03,13.62,m,,
Homepass (Titik Rumah),45/04-04,1,pcs,-7.2380611,112.73256970000001
Kabel Drop,45/04 -> 45/04-04,23.83,m,,
Homepass (Titik Rumah),45/04-05,1,pcs,-7.238280173345948,112.73263326184237
Kabel Drop,45/04 -> 45/04-05,10.69,m,,
Homepass (Titik Rumah),45/04-06,1,pcs,-7.238158250000001,112.73267215
Kabel Drop,45/04 -> 45/04-06,18.01,m,,
Homepass (Titik Rumah),45/04-07,1,pcs,-7.238197717349417,112.73271863545422
Kabel Drop,45/04 -> 45/04-07,21.27,m,,
Homepass (Titik Rumah),45/04-08,1,pcs,-7.238373742504101,112.73235357115927
Kabel Drop,45/04 -> 45/04-08,33.07,m,,
ODC,ODC 46,1,pcs,-7.238192889516564,112.73367650212127
Join Closure,JOIN CLOSURE ODC 46,1,pcs,-7.238192889516564,112.73367650212127
ODP,46/01,1,pcs,-7.238191635301841,112.73373729986326
Kabel Distribusi,ODC 46 -> 46/01,8.05,m,,
Homepass (Titik Rumah),46/01-01,1,pcs,-7.238251659139002,112.73373437465196
Kabel Drop,46/01 -> 46/01-01,8.02,m,,
Homepass (Titik Rumah),46/01-02,1,pcs,-7.238230099999999,112.73380735
Kabel Drop,46/01 -> 46/01-02,10.6,m,,
Homepass (Titik Rumah),46/01-03,1,pcs,-7.238248261250287,112.73365747454662
Kabel Drop,46/01 -> 46/01-03,12.99,m,,
Homepass (Titik Rumah),46/01-04,1,pcs,-7.238245009885673,112.73387302432806
Kabel Drop,46/01 -> 46/01-04,19.33,m,,
Homepass (Titik Rumah),46/01-05,1,pcs,-7.238124499999998,112.73365670000001
Kabel Drop,46/01 -> 46/01-05,13.93,m,,
Homepass (Titik Rumah),46/01-06,1,pcs,-7.2380974762296555,112.7337769038188
Kabel Drop,46/01 -> 46/01-06,13.61,m,,
Homepass (Titik Rumah),46/01-07,1,pcs,-7.238113149999997,112.73382984999999
Kabel Drop,46/01 -> 46/01-07,16.12,m,,
Homepass (Titik Rumah),46/01-08,1,pcs,-7.238314504563493,112.73356461076395
Kabel Drop,46/01 -> 46/01-08,28.13,m,,
ODP,46/02,1,pcs,-7.238191028310238,112.73376672362794
Kabel Distribusi,ODC 46 -> 46/02,11.95,m,,
Homepass (Titik Rumah),46/02-01,1,pcs,-7.23849903488441,112.73379052595659
Kabel Drop,46/02 -> 46/02-01,41.22,m,,
Homepass (Titik Rumah),46/02-02,1,pcs,-7.238466649999999,112.73372364999999
Kabel Drop,46/02 -> 46/02-02,37.22,m,,
Homepass (Titik Rumah),46/02-03,1,pcs,-7.238399700000003,112.73381555
Kabel Drop,46/02 -> 46/02-03,28.58,m,,
Homepass (Titik Rumah),46/02-04,1,pcs,-7.238578375356654,112.73369406059538
Kabel Drop,46/02 -> 46/02-04,52.57,m,,
Homepass (Titik Rumah),46/02-05,1,pcs,-7.238480637025837,112.73363813628099
Kabel Drop,46/02 -> 46/02-05,42.23,m,,
Homepass (Titik Rumah),46/02-06,1,pcs,-7.2383526499999995,112.73369325000002
Kabel Drop,46/02 -> 46/02-06,23.66,m,,
Homepass (Titik Rumah),46/02-07,1,pcs,-7.238398774252957,112.73395863355003
Kabel Drop,46/02 -> 46/02-07,37.6,m,,
Homepass (Titik Rumah),46/02-08,1,pcs,-7.23831405,112.73386045000001
Kabel Drop,46/02 -> 46/02-08,20.58,m,,
ODP,46/03,1,pcs,-7.238024485853412,112.73346001224526
Kabel Distribusi,ODC 46 -> 46/03,36.42,m,,
Homepass (Titik Rumah),46/03-01,1,pcs,-7.238115413843869,112.73360217386201
Kabel Drop,46/03 -> 46/03-01,22.39,m,,
Homepass (Titik Rumah),46/03-02,1,pcs,-7.238121449999998,112.73352115
Kabel Drop,46/03 -> 46/03-02,15.26,m,,
Homepass (Titik Rumah),46/03-03,1,pcs,-7.238044550000001,112.7337043
Kabel Drop,46/03 -> 46/03-03,32.45,m,,
Homepass (Titik Rumah),46/03-04,1,pcs,-7.238010540300087,112.73351802485958
Kabel Drop,46/03 -> 46/03-04,7.9,m,,
Homepass (Titik Rumah),46/03-05,1,pcs,-7.23792835,112.73352715000001
Kabel Drop,46/03 -> 46/03-05,15.61,m,,
Homepass (Titik Rumah),46/03-06,1,pcs,-7.237904723949888,112.73364999595735
Kabel Drop,46/03 -> 46/03-06,29.8,m,,
Homepass (Titik Rumah),46/03-07,1,pcs,-7.23809520888064,112.73336117617666
Kabel Drop,46/03 -> 46/03-07,16.13,m,,
Homepass (Titik Rumah),46/03-08,1,pcs,-7.237908626035305,112.73373005414177
Kabel Drop,46/03 -> 46/03-08,38.95,m,,
ODP,46/04,1,pcs,-7.237807716826512,112.73373048858826
Kabel Distribusi,ODC 46 -> 46/04,51.89,m,,
Homepass (Titik Rumah),46/04-01,1,pcs,-7.238025504840446,112.73319922674888
Kabel Drop,46/04 -> 46/04-01,76.09,m,,
Homepass (Titik Rumah),46/04-02,1,pcs,-7.238450925786907,112.7335262048998
Kabel Drop,46/04 -> 46/04-02,89.99,m,,
Homepass (Titik Rumah),46/04-03,1,pcs,-7.237730649999998,112.7338083
Kabel Drop,46/04 -> 46/04-03,14.55,m,,
Homepass (Titik Rumah),46/04-04,1,pcs,-7.238118600000001,112.7338838
Kabel Drop,46/04 -> 46/04-04,46.18,m,,
Homepass (Titik Rumah),46/04-05,1,pcs,-7.237596757267671,112.73374402078574
Kabel Drop,46/04 -> 46/04-05,28.21,m,,
Homepass (Titik Rumah),46/04-06,1,pcs,-7.2379547439083805,112.73391687838529
Kabel Drop,46/04 -> 46/04-06,31.52,m,,
Homepass (Titik Rumah),46/04-07,1,pcs,-7.2374535,112.73371515
Kabel Drop,46/04 -> 46/04-07,47.31,m,,
Homepass (Titik Rumah),46/04-08,1,pcs,-7.238119274503828,112.73397174305073
Kabel Drop,46/04 -> 46/04-08,52.42,m,,
ODC,ODC 47,1,pcs,-7.237803665742904,112.73367954531564
Join Closure,JOIN CLOSURE ODC 47,1,pcs,-7.237803665742904,112.73367954531564
ODP,47/01,1,pcs,-7.237847100068218,112.73392063653993
Kabel Distribusi,ODC 47 -> 47/01,32.44,m,,
Homepass (Titik Rumah),47/01-01,1,pcs,-7.23775952392321,112.7339369415178
Kabel Drop,47/01 -> 47/01-01,11.88,m,,
Homepass (Titik Rumah),47/01-02,1,pcs,-7.237648500000001,112.7338887
Kabel Drop,47/01 -> 47/01-02,26.84,m,,
Homepass (Titik Rumah),47/01-03,1,pcs,-7.2376052347894175,112.73401416741159
Kabel Drop,47/01 -> 47/01-03,34.57,m,,
Homepass (Titik Rumah),47/01-04,1,pcs,-7.237543000000001,112.7339087
Kabel Drop,47/01 -> 47/01-04,40.61,m,,
Homepass (Titik Rumah),47/01-05,1,pcs,-7.23747280308551,112.73392337042793
Kabel Drop,47/01 -> 47/01-05,49.95,m,,
Homepass (Titik Rumah),47/01-06,1,pcs,-7.2381308,112.73404105
Kabel Drop,47/01 -> 47/01-06,41.07,m,,
Homepass (Titik Rumah),47/01-07,1,pcs,-7.2373021,112.73392484999998
Kabel Drop,47/01 -> 47/01-07,72.72,m,,
Homepass (Titik Rumah),47/01-08,1,pcs,-7.238241288540884,112.73397402777611
Kabel Drop,47/01 -> 47/01-08,53.07,m,,
ODP,47/02,1,pcs,-7.237749728571432,112.73344101447083
Kabel Distribusi,ODC 47 -> 47/02,32.38,m,,
Homepass (Titik Rumah),47/02-01,1,pcs,-7.2378480499999975,112.733529
Kabel Drop,47/02 -> 47/02-01,17.54,m,,
Homepass (Titik Rumah),47/02-02,1,pcs,-7.237695826311774,112.7336513068603
Kabel Drop,47/02 -> 47/02-02,28.75,m,,
Homepass (Titik Rumah),47/02-03,1,pcs,-7.23763327620345,112.73351341073314
Kabel Drop,47/02 -> 47/02-03,18.26,m,,
Homepass (Titik Rumah),47/02-04,1,pcs,-7.237696515377948,112.73336253187036
Kabel Drop,47/02 -> 47/02-04,12.58,m,,
Homepass (Titik Rumah),47/02-05,1,pcs,-7.2378819,112.73326440000001
Kabel Drop,47/02 -> 47/02-05,29.28,m,,
Homepass (Titik Rumah),47/02-06,1,pcs,-7.237964750000001,112.73328715
Kabel Drop,47/02 -> 47/02-06,35.19,m,,
Homepass (Titik Rumah),47/02-07,1,pcs,-7.23756075,112.73353174999998
Kabel Drop,47/02 -> 47/02-07,27.93,m,,
Homepass (Titik Rumah),47/02-08,1,pcs,-7.23772375,112.73326295000001
Kabel Drop,47/02 -> 47/02-08,23.82,m,,
ODP,47/03,1,pcs,-7.238454421638476,112.73415785792622
Kabel Distribusi,ODC 47 -> 47/03,107.46,m,,
Homepass (Titik Rumah),47/03-01,1,pcs,-7.238245326736172,112.73406795616218
Kabel Drop,47/03 -> 47/03-01,30.33,m,,
Homepass (Titik Rumah),47/03-02,1,pcs,-7.2383166,112.73406779999999
Kabel Drop,47/03 -> 47/03-02,21.92,m,,
Homepass (Titik Rumah),47/03-03,1,pcs,-7.238314199999998,112.73400480000002
Kabel Drop,47/03 -> 47/03-03,27.58,m,,
Homepass (Titik Rumah),47/03-04,1,pcs,-7.238311350000001,112.73394895000001
Kabel Drop,47/03 -> 47/03-04,33.6,m,,
Homepass (Titik Rumah),47/03-05,1,pcs,-7.238411337895132,112.7340895754415
Kabel Drop,47/03 -> 47/03-05,10.71,m,,
Homepass (Titik Rumah),47/03-06,1,pcs,-7.238208934860752,112.73469889038051
Kabel Drop,47/03 -> 47/03-06,78.75,m,,
Homepass (Titik Rumah),47/03-07,1,pcs,-7.23890124353775,112.73379907738111
Kabel Drop,47/03 -> 47/03-07,76.22,m,,
Homepass (Titik Rumah),47/03-08,1,pcs,-7.238962900000001,112.73394385000002
Kabel Drop,47/03 -> 47/03-08,73.52,m,,
ODP,47/04,1,pcs,-7.237536780580629,112.73316898156462
Kabel Distribusi,ODC 47 -> 47/04,76.39,m,,
Homepass (Titik Rumah),47/04-01,1,pcs,-7.237601799999998,112.73332789999999
Kabel Drop,47/04 -> 47/04-01,22.75,m,,
Homepass (Titik Rumah),47/04-02,1,pcs,-7.237588224892341,112.73318030996377
Kabel Drop,47/04 -> 47/04-02,7.03,m,,
Homepass (Titik Rumah),47/04-03,1,pcs,-7.237455322850476,112.7332157451337
Kabel Drop,47/04 -> 47/04-03,12.51,m,,
Homepass (Titik Rumah),47/04-04,1,pcs,-7.237713199999999,112.73312959999998
Kabel Drop,47/04 -> 47/04-04,24.11,m,,
Homepass (Titik Rumah),47/04-05,1,pcs,-7.2374475742819495,112.73313199467373
Kabel Drop,47/04 -> 47/04-05,12.87,m,,
Homepass (Titik Rumah),47/04-06,1,pcs,-7.237326892424801,112.73333497876534
Kabel Drop,47/04 -> 47/04-06,35.6,m,,
Homepass (Titik Rumah),47/04-07,1,pcs,-7.2375767,112.73302775
Kabel Drop,47/04 -> 47/04-07,19.44,m,,
Homepass (Titik Rumah),47/04-08,1,pcs,-7.237689268644851,112.73302127625345
Kabel Drop,47/04 -> 47/04-08,28.22,m,,
ODC,ODC 48,1,pcs,-7.238177314800127,112.7355229108654
Join Closure,JOIN CLOSURE ODC 48,1,pcs,-7.238177314800127,112.7355229108654
ODP,48/01,1,pcs,-7.238177314800128,112.7355229108654
Kabel Distribusi,ODC 48 -> 48/01,0.0,m,,
Homepass (Titik Rumah),48/01-01,1,pcs,-7.238230968477133,112.73530794516138
Kabel Drop,48/01 -> 48/01-01,29.34,m,,
Homepass (Titik Rumah),48/01-02,1,pcs,-7.238043515563161,112.73535526242277
Kabel Drop,48/01 -> 48/01-02,28.48,m,,
Homepass (Titik Rumah),48/01-03,1,pcs,-7.238092034322944,112.73553770789196
Kabel Drop,48/01 -> 48/01-03,11.55,m,,
Homepass (Titik Rumah),48/01-04,1,pcs,-7.238295344780397,112.73558052795059
Kabel Drop,48/01 -> 48/01-04,17.5,m,,
Homepass (Titik Rumah),48/01-05,1,pcs,-7.238031149999999,112.73508430000001
Kabel Drop,48/01 -> 48/01-05,61.25,m,,
Homepass (Titik Rumah),48/01-06,1,pcs,-7.238139769740727,112.73576298323125
Kabel Drop,48/01 -> 48/01-06,32.17,m,,
Homepass (Titik Rumah),48/01-07,1,pcs,-7.23804871164796,112.73580127249957
Kabel Drop,48/01 -> 48/01-07,40.65,m,,
Homepass (Titik Rumah),48/01-08,1,pcs,-7.2385779810525515,112.73574200439123
Kabel Drop,48/01 -> 48/01-08,60.82,m,,
ODC,ODC 49,1,pcs,-7.2373987,112.7349189
Join Closure,JOIN CLOSURE ODC 49,1,pcs,-7.2373987,112.7349189
ODP,49/01,1,pcs,-7.237408508107028,112.7349705326777
Kabel Distribusi,ODC 49 -> 49/01,6.96,m,,
Homepass (Titik Rumah),49/01-01,1,pcs,-7.23755074313581,112.73513876832472
Kabel Drop,49/01 -> 49/01-01,29.26,m,,
Homepass (Titik Rumah),49/01-02,1,pcs,-7.237530914397396,112.73504768752004
Kabel Drop,49/01 -> 49/01-02,19.26,m,,
Homepass (Titik Rumah),49/01-03,1,pcs,-7.2373823,112.73510960000002
Kabel Drop,49/01 -> 49/01-03,18.74,m,,
Homepass (Titik Rumah),49/01-04,1,pcs,-7.237490415552532,112.73497155907285
Kabel Drop,49/01 -> 49/01-04,10.93,m,,
Homepass (Titik Rumah),49/01-05,1,pcs,-7.2373078800631845,112.73491963371156
Kabel Drop,49/01 -> 49/01-05,15.02,m,,
Homepass (Titik Rumah),49/01-06,1,pcs,-7.237227651297637,112.73508291313674
Kabel Drop,49/01 -> 49/01-06,28.35,m,,
Homepass (Titik Rumah),49/01-07,1,pcs,-7.237296823286494,112.73481537753591
Kabel Drop,49/01 -> 49/01-07,25.38,m,,
Homepass (Titik Rumah),49/01-08,1,pcs,-7.237250269551942,112.73472261555263
Kabel Drop,49/01 -> 49/01-08,39.02,m,,
ODP,49/02,1,pcs,-7.237570601362724,112.73553046913054
Kabel Distribusi,ODC 49 -> 49/02,84.14,m,,
Homepass (Titik Rumah),49/02-01,1,pcs,-7.237492786185786,112.73555500532521
Kabel Drop,49/02 -> 49/02-01,10.88,m,,
Homepass (Titik Rumah),49/02-02,1,pcs,-7.237538916418698,112.73571739876346
Kabel Drop,49/02 -> 49/02-02,25.1,m,,
Homepass (Titik Rumah),49/02-03,1,pcs,-7.2376891875971054,112.73554231292277
Kabel Drop,49/02 -> 49/02-03,15.9,m,,
Homepass (Titik Rumah),49/02-04,1,pcs,-7.23763980293813,112.73541779175525
Kabel Drop,49/02 -> 49/02-04,17.54,m,,
Homepass (Titik Rumah),49/02-05,1,pcs,-7.237688076943725,112.73568549198733
Kabel Drop,49/02 -> 49/02-05,25.82,m,,
Homepass (Titik Rumah),49/02-06,1,pcs,-7.237436272181302,112.73578856968345
Kabel Drop,49/02 -> 49/02-06,38.58,m,,
Homepass (Titik Rumah),49/02-07,1,pcs,-7.237597158022009,112.73529378371958
Kabel Drop,49/02 -> 49/02-07,31.53,m,,
Homepass (Titik Rumah),49/02-08,1,pcs,-7.237585709041141,112.73521240318188
Kabel Drop,49/02 -> 49/02-08,42.15,m,,
ODP,49/03,1,pcs,-7.2369649016049875,112.73444630732328
Kabel Distribusi,ODC 49 -> 49/03,85.23,m,,
Homepass (Titik Rumah),49/03-01,1,pcs,-7.23705424415389,112.73487274476184
Kabel Drop,49/03 -> 49/03-01,57.69,m,,
Homepass (Titik Rumah),49/03-02,1,pcs,-7.237030787496739,112.73464678100206
Kabel Drop,49/03 -> 49/03-02,27.96,m,,
Homepass (Titik Rumah),49/03-03,1,pcs,-7.236941149773543,112.73466834515456
Kabel Drop,49/03 -> 49/03-03,29.56,m,,
Homepass (Titik Rumah),49/03-04,1,pcs,-7.237092444677648,112.73459651803857
Kabel Drop,49/03 -> 49/03-04,26.17,m,,
Homepass (Titik Rumah),49/03-05,1,pcs,-7.237157492306301,112.73457969826212
Kabel Drop,49/03 -> 49/03-05,31.18,m,,
Homepass (Titik Rumah),49/03-06,1,pcs,-7.236751691512098,112.7347958958049
Kabel Drop,49/03 -> 49/03-06,54.32,m,,
Homepass (Titik Rumah),49/03-07,1,pcs,-7.237228984186616,112.73457367661943
Kabel Drop,49/03 -> 49/03-07,39.06,m,,
Homepass (Titik Rumah),49/03-08,1,pcs,-7.236833406434224,112.73460555196924
Kabel Drop,49/03 -> 49/03-08,27.43,m,,
ODP,49/04,1,pcs,-7.236872119652264,112.7344670872554
Kabel Distribusi,ODC 49 -> 49/04,92.27,m,,
Homepass (Titik Rumah),49/04-01,1,pcs,-7.236872812991424,112.7345336025349
Kabel Drop,49/04 -> 49/04-01,8.81,m,,
Homepass (Titik Rumah),49/04-02,1,pcs,-7.236762244695382,112.73461393725893
Kabel Drop,49/04 -> 49/04-02,24.35,m,,
Homepass (Titik Rumah),49/04-03,1,pcs,-7.236676640194409,112.7346233736659
Kabel Drop,49/04 -> 49/04-03,33.29,m,,
Homepass (Titik Rumah),49/04-04,1,pcs,-7.236573319346446,112.73469191576812
Kabel Drop,49/04 -> 49/04-04,49.75,m,,
Homepass (Titik Rumah),49/04-05,1,pcs,-7.237296674875372,112.73451802514491
Kabel Drop,49/04 -> 49/04-05,57.05,m,,
Homepass (Titik Rumah),49/04-06,1,pcs,-7.236475382238629,112.7347204318281
Kabel Drop,49/04 -> 49/04-06,62.67,m,,
Homepass (Titik Rumah),49/04-07,1,pcs,-7.237318051070211,112.73456336670051
Kabel Drop,49/04 -> 49/04-07,60.85,m,,
Homepass (Titik Rumah),49/04-08,1,pcs,-7.237332865229465,112.7345963810253
Kabel Drop,49/04 -> 49/04-08,63.82,m,,
ODC,ODC 50,1,pcs,-7.236649543688261,112.73544979236168
Join Closure,JOIN CLOSURE ODC 50,1,pcs,-7.236649543688261,112.73544979236168
ODP,50/01,1,pcs,-7.2365261,112.7357395
Kabel Distribusi,ODC 50 -> 50/01,41.74,m,,
Homepass (Titik Rumah),50/01-01,1,pcs,-7.236509543842488,112.73585133520513
Kabel Drop,50/01 -> 50/01-01,14.97,m,,
Homepass (Titik Rumah),50/01-02,1,pcs,-7.236499709262859,112.7356743252357
Kabel Drop,50/01 -> 50/01-02,9.32,m,,
Homepass (Titik Rumah),50/01-03,1,pcs,-7.236678797997355,112.7357338467116
Kabel Drop,50/01 -> 50/01-03,20.39,m,,
Homepass (Titik Rumah),50/01-04,1,pcs,-7.236302635555676,112.73586034000724
Kabel Drop,50/01 -> 50/01-04,33.84,m,,
Homepass (Titik Rumah),50/01-05,1,pcs,-7.236435549759984,112.73557801995953
Kabel Drop,50/01 -> 50/01-05,24.55,m,,
Homepass (Titik Rumah),50/01-06,1,pcs,-7.236584647499294,112.73552794039942
Kabel Drop,50/01 -> 50/01-06,29.07,m,,
Homepass (Titik Rumah),50/01-07,1,pcs,-7.236231133333334,112.73610053333331
Kabel Drop,50/01 -> 50/01-07,61.91,m,,
Homepass (Titik Rumah),50/01-08,1,pcs,-7.236175978907378,112.73566846062208
Kabel Drop,50/01 -> 50/01-08,47.66,m,,
ODP,50/02,1,pcs,-7.236620805480246,112.73537344880529
Kabel Distribusi,ODC 50 -> 50/02,10.81,m,,
Homepass (Titik Rumah),50/02-01,1,pcs,-7.236802855382884,112.73520129711726
Kabel Drop,50/02 -> 50/02-01,33.31,m,,
Homepass (Titik Rumah),50/02-02,1,pcs,-7.2369583827447705,112.73526059845912
Kabel Drop,50/02 -> 50/02-02,47.46,m,,
Homepass (Titik Rumah),50/02-03,1,pcs,-7.236742570167853,112.73498103102158
Kabel Drop,50/02 -> 50/02-03,54.43,m,,
Homepass (Titik Rumah),50/02-04,1,pcs,-7.236979412573219,112.73503917206861
Kabel Drop,50/02 -> 50/02-04,65.17,m,,
Homepass (Titik Rumah),50/02-05,1,pcs,-7.23698127779619,112.73541993159324
Kabel Drop,50/02 -> 50/02-05,48.49,m,,
Homepass (Titik Rumah),50/02-06,1,pcs,-7.237086690099555,112.73521090787393
Kabel Drop,50/02 -> 50/02-06,65.78,m,,
Homepass (Titik Rumah),50/02-07,1,pcs,-7.237167974502545,112.73531908232019
Kabel Drop,50/02 -> 50/02-07,73.36,m,,
Homepass (Titik Rumah),50/02-08,1,pcs,-7.236802955192676,112.73559344072308
Kabel Drop,50/02 -> 50/02-08,37.93,m,,
ODP,50/03,1,pcs,-7.2365962308678,112.73530817201191
Kabel Distribusi,ODC 50 -> 50/03,20.05,m,,
Homepass (Titik Rumah),50/03-01,1,pcs,-7.236454766984632,112.73542194413426
Kabel Drop,50/03 -> 50/03-01,24.15,m,,
Homepass (Titik Rumah),50/03-02,1,pcs,-7.236422007974589,112.73532988420375
Kabel Drop,50/03 -> 50/03-02,23.42,m,,
Homepass (Titik Rumah),50/03-03,1,pcs,-7.236337532110015,112.73514387371765
Kabel Drop,50/03 -> 50/03-03,40.8,m,,
Homepass (Titik Rumah),50/03-04,1,pcs,-7.236760174839246,112.73533850021609
Kabel Drop,50/03 -> 50/03-04,22.24,m,,
Homepass (Titik Rumah),50/03-05,1,pcs,-7.236682064388707,112.73516325620933
Kabel Drop,50/03 -> 50/03-05,22.34,m,,
Homepass (Titik Rumah),50/03-06,1,pcs,-7.236132166145873,112.73554564585773
Kabel Drop,50/03 -> 50/03-06,69.44,m,,
Homepass (Titik Rumah),50/03-07,1,pcs,-7.236806895247122,112.7354664038378
Kabel Drop,50/03 -> 50/03-07,35.06,m,,
Homepass (Titik Rumah),50/03-08,1,pcs,-7.236096555059676,112.73546158134296
Kabel Drop,50/03 -> 50/03-08,69.7,m,,
ODP,50/04,1,pcs,-7.2373036,112.7352092
Kabel Distribusi,ODC 50 -> 50/04,92.9,m,,
Homepass (Titik Rumah),50/04-01,1,pcs,-7.237166467451395,112.73547830765844
Kabel Drop,50/04 -> 50/04-01,40.05,m,,
Homepass (Titik Rumah),50/04-02,1,pcs,-7.237305826013319,112.73527543711666
Kabel Drop,50/04 -> 50/04-02,8.77,m,,
Homepass (Titik Rumah),50/04-03,1,pcs,-7.2369900572238075,112.73565430149884
Kabel Drop,50/04 -> 50/04-03,72.26,m,,
Homepass (Titik Rumah),50/04-04,1,pcs,-7.237096932705866,112.73574008083618
Kabel Drop,50/04 -> 50/04-04,75.49,m,,
Homepass (Titik Rumah),50/04-05,1,pcs,-7.237410525261429,112.73534339544806
Kabel Drop,50/04 -> 50/04-05,22.78,m,,
Homepass (Titik Rumah),50/04-06,1,pcs,-7.237447350591495,112.73545234145202
Kabel Drop,50/04 -> 50/04-06,37.47,m,,
Homepass (Titik Rumah),50/04-07,1,pcs,-7.236931157127539,112.73566904816542
Kabel Drop,50/04 -> 50/04-07,78.58,m,,
Homepass (Titik Rumah),50/04-08,1,pcs,-7.237395919813143,112.73523979436357
Kabel Drop,50/04 -> 50/04-08,12.97,m,,
ODC,ODC 51,1,pcs,-7.2369225654340275,112.73603557363003
Join Closure,JOIN CLOSURE ODC 51,1,pcs,-7.2369225654340275,112.73603557363003
ODP,51/01,1,pcs,-7.236934935283526,112.73624296905301
Kabel Distribusi,ODC 51 -> 51/01,27.5,m,,
Homepass (Titik Rumah),51/01-01,1,pcs,-7.23712199334075,112.73613575278621
Kabel Drop,51/01 -> 51/01-01,28.71,m,,
Homepass (Titik Rumah),51/01-02,1,pcs,-7.23706270473258,112.73608558728034
Kabel Drop,51/01 -> 51/01-02,26.92,m,,
Homepass (Titik Rumah),51/01-03,1,pcs,-7.237005915783011,112.73609353064708
Kabel Drop,51/01 -> 51/01-03,21.93,m,,
Homepass (Titik Rumah),51/01-04,1,pcs,-7.236998593730241,112.7361862548766
Kabel Drop,51/01 -> 51/01-04,11.34,m,,
Homepass (Titik Rumah),51/01-05,1,pcs,-7.237037139907828,112.73628411620534
Kabel Drop,51/01 -> 51/01-05,14.69,m,,
Homepass (Titik Rumah),51/01-06,1,pcs,-7.236944077819621,112.73611170233008
Kabel Drop,51/01 -> 51/01-06,17.42,m,,
Homepass (Titik Rumah),51/01-07,1,pcs,-7.237236108419148,112.73635144328813
Kabel Drop,51/01 -> 51/01-07,42.67,m,,
Homepass (Titik Rumah),51/01-08,1,pcs,-7.237091984262738,112.73638129513215
Kabel Drop,51/01 -> 51/01-08,27.83,m,,
ODP,51/02,1,pcs,-7.236678426050168,112.73612394138354
Kabel Distribusi,ODC 51 -> 51/02,34.61,m,,
Homepass (Titik Rumah),51/02-01,1,pcs,-7.2368444192486665,112.7362829930923
Kabel Drop,51/02 -> 51/02-01,30.56,m,,
Homepass (Titik Rumah),51/02-02,1,pcs,-7.236693639303611,112.73630691476026
Kabel Drop,51/02 -> 51/02-02,24.31,m,,
Homepass (Titik Rumah),51/02-03,1,pcs,-7.236554853544574,112.73629501447259
Kabel Drop,51/02 -> 51/02-03,28.01,m,,
Homepass (Titik Rumah),51/02-04,1,pcs,-7.236746695891804,112.73595543834884
Kabel Drop,51/02 -> 51/02-04,24.09,m,,
Homepass (Titik Rumah),51/02-05,1,pcs,-7.236911756966154,112.73589903852643
Kabel Drop,51/02 -> 51/02-05,43.08,m,,
Homepass (Titik Rumah),51/02-06,1,pcs,-7.236481261257872,112.73647207767317
Kabel Drop,51/02 -> 51/02-06,53.06,m,,
Homepass (Titik Rumah),51/02-07,1,pcs,-7.237035249278816,112.73587368514812
Kabel Drop,51/02 -> 51/02-07,58.0,m,,
Homepass (Titik Rumah),51/02-08,1,pcs,-7.236323918633886,112.73634309822289
Kabel Drop,51/02 -> 51/02-08,55.49,m,,
ODP,51/03,1,pcs,-7.237331735865209,112.73607760212445
Kabel Distribusi,ODC 51 -> 51/03,54.88,m,,
Homepass (Titik Rumah),51/03-01,1,pcs,-7.237416841455135,112.73608653690484
Kabel Drop,51/03 -> 51/03-01,11.42,m,,
Homepass (Titik Rumah),51/03-02,1,pcs,-7.237353604733614,112.73602793068734
Kabel Drop,51/03 -> 51/03-02,7.19,m,,
Homepass (Titik Rumah),51/03-03,1,pcs,-7.237390086565283,112.73597721153232
Kabel Drop,51/03 -> 51/03-03,15.4,m,,
Homepass (Titik Rumah),51/03-04,1,pcs,-7.237504747850414,112.73594494361973
Kabel Drop,51/03 -> 51/03-04,29.01,m,,
Homepass (Titik Rumah),51/03-05,1,pcs,-7.237237959428689,112.73607453358727
Kabel Drop,51/03 -> 51/03-05,12.52,m,,
Homepass (Titik Rumah),51/03-06,1,pcs,-7.23730801015768,112.73626346376341
Kabel Drop,51/03 -> 51/03-06,24.81,m,,
Homepass (Titik Rumah),51/03-07,1,pcs,-7.237225951266251,112.73621567712293
Kabel Drop,51/03 -> 51/03-07,23.09,m,,
Homepass (Titik Rumah),51/03-08,1,pcs,-7.237143988879851,112.73605957641999
Kabel Drop,51/03 -> 51/03-08,25.17,m,,
ODP,51/04,1,pcs,-7.236754326869209,112.73572815832122
Kabel Distribusi,ODC 51 -> 51/04,46.47,m,,
Homepass (Titik Rumah),51/04-01,1,pcs,-7.2368456608333895,112.73566416970077
Kabel Drop,51/04 -> 51/04-01,14.84,m,,
Homepass (Titik Rumah),51/04-02,1,pcs,-7.236333547382586,112.73642399820007
Kabel Drop,51/04 -> 51/04-02,107.87,m,,
Homepass (Titik Rumah),51/04-03,1,pcs,-7.2370533169584,112.73753482729404
Kabel Drop,51/04 -> 51/04-03,242.46,m,,
Homepass (Titik Rumah),51/04-04,1,pcs,-7.2367883624534155,112.73766183555671
Kabel Drop,51/04 -> 51/04-04,256.0,m,,
Homepass (Titik Rumah),51/04-05,1,pcs,-7.23723769784477,112.73366613066108
Kabel Drop,51/04 -> 51/04-05,280.47,m,,
Homepass (Titik Rumah),51/04-06,1,pcs,-7.23711993974034,112.73768922674178
Kabel Drop,51/04 -> 51/04-06,264.13,m,,
Homepass (Titik Rumah),51/04-07,1,pcs,-7.235854813829111,112.73386455413518
Kabel Drop,51/04 -> 51/04-07,274.34,m,,
Homepass (Titik Rumah),51/04-08,1,pcs,-7.236881894842135,112.7332901775094
Kabel Drop,51/04 -> 51/04-08,323.17,m,,
ODC,ODC 52,1,pcs,-7.237206358650398,112.7370291083702
Join Closure,JOIN CLOSURE ODC 52,1,pcs,-7.237206358650398,112.7370291083702
ODP,52/01,1,pcs,-7.237389317991876,112.73684496907642
Kabel Distribusi,ODC 52 -> 52/01,34.5,m,,
Homepass (Titik Rumah),52/01-01,1,pcs,-7.237419952949793,112.7367124758177
Kabel Drop,52/01 -> 52/01-01,18.01,m,,
Homepass (Titik Rumah),52/01-02,1,pcs,-7.237316099028837,112.73671788154043
Kabel Drop,52/01 -> 52/01-02,19.45,m,,
Homepass (Titik Rumah),52/01-03,1,pcs,-7.237286679788729,112.73680575714334
Kabel Drop,52/01 -> 52/01-03,14.65,m,,
Homepass (Titik Rumah),52/01-04,1,pcs,-7.237475132899107,112.73687987458824
Kabel Drop,52/01 -> 52/01-04,12.35,m,,
Homepass (Titik Rumah),52/01-05,1,pcs,-7.237419415607103,112.736917312923
Kabel Drop,52/01 -> 52/01-05,10.38,m,,
Homepass (Titik Rumah),52/01-06,1,pcs,-7.2375746520076705,112.7368746628384
Kabel Drop,52/01 -> 52/01-06,25.04,m,,
Homepass (Titik Rumah),52/01-07,1,pcs,-7.2373437951165185,112.73692949308419
Kabel Drop,52/01 -> 52/01-07,12.73,m,,
Homepass (Titik Rumah),52/01-08,1,pcs,-7.237191478861154,112.73675057491357
Kabel Drop,52/01 -> 52/01-08,29.21,m,,
ODP,52/02,1,pcs,-7.237142120199132,112.73687826291888
Kabel Distribusi,ODC 52 -> 52/02,21.73,m,,
Homepass (Titik Rumah),52/02-01,1,pcs,-7.237228784580446,112.7368747119213
Kabel Drop,52/02 -> 52/02-01,11.57,m,,
Homepass (Titik Rumah),52/02-02,1,pcs,-7.237210022019861,112.73682433359669
Kabel Drop,52/02 -> 52/02-02,11.53,m,,
Homepass (Titik Rumah),52/02-03,1,pcs,-7.237276504239021,112.73698222856245
Kabel Drop,52/02 -> 52/02-03,22.6,m,,
Homepass (Titik Rumah),52/02-04,1,pcs,-7.2370816436496135,112.73693409606716
Kabel Drop,52/02 -> 52/02-04,10.94,m,,
Homepass (Titik Rumah),52/02-05,1,pcs,-7.237049652637523,112.73684124742168
Kabel Drop,52/02 -> 52/02-05,13.28,m,,
Homepass (Titik Rumah),52/02-06,1,pcs,-7.23716477733531,112.73666974728147
Kabel Drop,52/02 -> 52/02-06,27.77,m,,
Homepass (Titik Rumah),52/02-07,1,pcs,-7.237337724619468,112.73707500401679
Kabel Drop,52/02 -> 52/02-07,36.87,m,,
Homepass (Titik Rumah),52/02-08,1,pcs,-7.237015233330832,112.73673747210786
Kabel Drop,52/02 -> 52/02-08,25.18,m,,
ODP,52/03,1,pcs,-7.237352790890553,112.73734057873125
Kabel Distribusi,ODC 52 -> 52/03,45.63,m,,
Homepass (Titik Rumah),52/03-01,1,pcs,-7.237411646078897,112.73711778636464
Kabel Drop,52/03 -> 52/03-01,30.52,m,,
Homepass (Titik Rumah),52/03-02,1,pcs,-7.237479762616776,112.73700955107965
Kabel Drop,52/03 -> 52/03-02,46.98,m,,
Homepass (Titik Rumah),52/03-03,1,pcs,-7.23747628489914,112.73730098950244
Kabel Drop,52/03 -> 52/03-03,17.29,m,,
Homepass (Titik Rumah),52/03-04,1,pcs,-7.237643408848879,112.73707161347295
Kabel Drop,52/03 -> 52/03-04,52.64,m,,
Homepass (Titik Rumah),52/03-05,1,pcs,-7.2376382589217565,112.73740890697357
Kabel Drop,52/03 -> 52/03-05,39.15,m,,
Homepass (Titik Rumah),52/03-06,1,pcs,-7.237823644657086,112.73697093700709
Kabel Drop,52/03 -> 52/03-06,79.63,m,,
Homepass (Titik Rumah),52/03-07,1,pcs,-7.237297365694851,112.73757160877392
Kabel Drop,52/03 -> 52/03-07,31.46,m,,
Homepass (Titik Rumah),52/03-08,1,pcs,-7.2375612620672305,112.73756366304387
Kabel Drop,52/03 -> 52/03-08,40.57,m,,
ODP,52/04,1,pcs,-7.23692641389072,112.73705957677524
Kabel Distribusi,ODC 52 -> 52/04,37.57,m,,
Homepass (Titik Rumah),52/04-01,1,pcs,-7.236969292927832,112.73693981008537
Kabel Drop,52/04 -> 52/04-01,16.85,m,,
Homepass (Titik Rumah),52/04-02,1,pcs,-7.236907804648846,112.73678973113968
Kabel Drop,52/04 -> 52/04-02,35.81,m,,
Homepass (Titik Rumah),52/04-03,1,pcs,-7.236841248983164,112.73704355188919
Kabel Drop,52/04 -> 52/04-03,11.56,m,,
Homepass (Titik Rumah),52/04-04,1,pcs,-7.237107726981998,112.73723211767508
Kabel Drop,52/04 -> 52/04-04,33.27,m,,
Homepass (Titik Rumah),52/04-05,1,pcs,-7.236612037755201,112.73702164142615
Kabel Drop,52/04 -> 52/04-05,42.25,m,,
Homepass (Titik Rumah),52/04-06,1,pcs,-7.236700482635747,112.7372294905521
Kabel Drop,52/04 -> 52/04-06,37.61,m,,
Homepass (Titik Rumah),52/04-07,1,pcs,-7.236605922817452,112.73667988781878
Kabel Drop,52/04 -> 52/04-07,65.99,m,,
Homepass (Titik Rumah),52/04-08,1,pcs,-7.237201318317021,112.73652751542198
Kabel Drop,52/04 -> 52/04-08,79.41,m,,
ODC,ODC 53,1,pcs,-7.237845446482427,112.73659380671192
Join Closure,JOIN CLOSURE ODC 53,1,pcs,-7.237845446482427,112.73659380671192
ODP,53/01,1,pcs,-7.238091159044455,112.73691020844416
Kabel Distribusi,ODC 53 -> 53/01,53.19,m,,
Homepass (Titik Rumah),53/01-01,1,pcs,-7.23788736309396,112.73728563607574
Kabel Drop,53/01 -> 53/01-01,56.65,m,,
Homepass (Titik Rumah),53/01-02,1,pcs,-7.2381883507538385,112.73714835590118
Kabel Drop,53/01 -> 53/01-02,34.09,m,,
Homepass (Titik Rumah),53/01-03,1,pcs,-7.237925604245178,112.7368652576911
Kabel Drop,53/01 -> 53/01-03,22.88,m,,
Homepass (Titik Rumah),53/01-04,1,pcs,-7.2380430183895035,112.7367194608805
Kabel Drop,53/01 -> 53/01-04,26.05,m,,
Homepass (Titik Rumah),53/01-05,1,pcs,-7.238021604929186,112.73667232680529
Kabel Drop,53/01 -> 53/01-05,32.83,m,,
Homepass (Titik Rumah),53/01-06,1,pcs,-7.238472966931913,112.73701882049966
Kabel Drop,53/01 -> 53/01-06,52.94,m,,
Homepass (Titik Rumah),53/01-07,1,pcs,-7.237769775909203,112.73665166774765
Kabel Drop,53/01 -> 53/01-07,54.87,m,,
Homepass (Titik Rumah),53/01-08,1,pcs,-7.238383324997458,112.7368353199238
Kabel Drop,53/01 -> 53/01-08,40.23,m,,
ODP,53/02,1,pcs,-7.237993362231506,112.73647946754309
Kabel Distribusi,ODC 53 -> 53/02,24.87,m,,
Homepass (Titik Rumah),53/02-01,1,pcs,-7.238021321888963,112.73662802778225
Kabel Drop,53/02 -> 53/02-01,20.02,m,,
Homepass (Titik Rumah),53/02-02,1,pcs,-7.238007902216197,112.73659291362546
Kabel Drop,53/02 -> 53/02-02,15.14,m,,
Homepass (Titik Rumah),53/02-03,1,pcs,-7.237981055452797,112.73653484219368
Kabel Drop,53/02 -> 53/02-03,7.51,m,,
Homepass (Titik Rumah),53/02-04,1,pcs,-7.237950912662142,112.73647075593199
Kabel Drop,53/02 -> 53/02-04,5.78,m,,
Homepass (Titik Rumah),53/02-05,1,pcs,-7.23841797668222,112.73663170317263
Kabel Drop,53/02 -> 53/02-05,60.13,m,,
Homepass (Titik Rumah),53/02-06,1,pcs,-7.237468118812767,112.73618307713652
Kabel Drop,53/02 -> 53/02-06,80.32,m,,
Homepass (Titik Rumah),53/02-07,1,pcs,-7.237335890362371,112.73631711274733
Kabel Drop,53/02 -> 53/02-07,90.32,m,,
Homepass (Titik Rumah),53/02-08,1,pcs,-7.238819968786683,112.7366366231386
Kabel Drop,53/02 -> 53/02-08,112.24,m,,
ODP,53/03,1,pcs,-7.237555536556781,112.7365423814058
Kabel Distribusi,ODC 53 -> 53/03,39.28,m,,
Homepass (Titik Rumah),53/03-01,1,pcs,-7.237565070177023,112.73645702108307
Kabel Drop,53/03 -> 53/03-01,11.37,m,,
Homepass (Titik Rumah),53/03-02,1,pcs,-7.237577184264085,112.7365050674314
Kabel Drop,53/03 -> 53/03-02,5.72,m,,
Homepass (Titik Rumah),53/03-03,1,pcs,-7.23759459682436,112.73654814564783
Kabel Drop,53/03 -> 53/03-03,5.27,m,,
Homepass (Titik Rumah),53/03-04,1,pcs,-7.23762590093522,112.73657503108588
Kabel Drop,53/03 -> 53/03-04,10.34,m,,
Homepass (Titik Rumah),53/03-05,1,pcs,-7.2374031468605375,112.73651198881558
Kabel Drop,53/03 -> 53/03-05,20.73,m,,
Homepass (Titik Rumah),53/03-06,1,pcs,-7.237366551092144,112.73636752318046
Kabel Drop,53/03 -> 53/03-06,34.23,m,,
Homepass (Titik Rumah),53/03-07,1,pcs,-7.2377373976890285,112.73660051892877
Kabel Drop,53/03 -> 53/03-07,25.46,m,,
Homepass (Titik Rumah),53/03-08,1,pcs,-7.237549065409672,112.73670192286735
Kabel Drop,53/03 -> 53/03-08,21.14,m,,
ODP,53/04,1,pcs,-7.237712495315859,112.73636837675389
Kabel Distribusi,ODC 53 -> 53/04,34.72,m,,
Homepass (Titik Rumah),53/04-01,1,pcs,-7.237739246554403,112.73625183412335
Kabel Drop,53/04 -> 53/04-01,15.83,m,,
Homepass (Titik Rumah),53/04-02,1,pcs,-7.237794400517508,112.73640557700688
Kabel Drop,53/04 -> 53/04-02,11.99,m,,
Homepass (Titik Rumah),53/04-03,1,pcs,-7.237568866315563,112.73632038860772
Kabel Drop,53/04 -> 53/04-03,20.19,m,,
Homepass (Titik Rumah),53/04-04,1,pcs,-7.237610557981366,112.73611858711224
Kabel Drop,53/04 -> 53/04-04,35.75,m,,
Homepass (Titik Rumah),53/04-05,1,pcs,-7.237713473885439,112.7364821487465
Kabel Drop,53/04 -> 53/04-05,15.06,m,,
Homepass (Titik Rumah),53/04-06,1,pcs,-7.237928265546169,112.73640742796796
Kabel Drop,53/04 -> 53/04-06,29.25,m,,
Homepass (Titik Rumah),53/04-07,1,pcs,-7.2376468876120255,112.73648170825209
Kabel Drop,53/04 -> 53/04-07,17.37,m,,
Homepass (Titik Rumah),53/04-08,1,pcs,-7.23754029523172,112.73607516833366
Kabel Drop,53/04 -> 53/04-08,45.1,m,,
ODC,ODC 54,1,pcs,-7.239093705862698,112.73654979088519
Join Closure,JOIN CLOSURE ODC 54,1,pcs,-7.239093705862698,112.73654979088519
ODP,54/01,1,pcs,-7.23938524357776,112.73621359280186
Kabel Distribusi,ODC 54 -> 54/01,59.11,m,,
Homepass (Titik Rumah),54/01-01,1,pcs,-7.239539642819532,112.73644179003571
Kabel Drop,54/01 -> 54/01-01,36.56,m,,
Homepass (Titik Rumah),54/01-02,1,pcs,-7.239496299617603,112.73636248431079
Kabel Drop,54/01 -> 54/01-02,24.66,m,,
Homepass (Titik Rumah),54/01-03,1,pcs,-7.2395395051951725,112.73661037707892
Kabel Drop,54/01 -> 54/01-03,56.41,m,,
Homepass (Titik Rumah),54/01-04,1,pcs,-7.239120973916499,112.736502246054
Kabel Drop,54/01 -> 54/01-04,51.99,m,,
Homepass (Titik Rumah),54/01-05,1,pcs,-7.239318126432322,112.73605378800835
Kabel Drop,54/01 -> 54/01-05,22.97,m,,
Homepass (Titik Rumah),54/01-06,1,pcs,-7.239171761751958,112.73675271888405
Kabel Drop,54/01 -> 54/01-06,76.84,m,,
Homepass (Titik Rumah),54/01-07,1,pcs,-7.239413053786775,112.7359723122562
Kabel Drop,54/01 -> 54/01-07,32.15,m,,
Homepass (Titik Rumah),54/01-08,1,pcs,-7.239600535851182,112.7359046001294
Kabel Drop,54/01 -> 54/01-08,49.98,m,,
ODP,54/02,1,pcs,-7.239785323169922,112.7366937746866
Kabel Distribusi,ODC 54 -> 54/02,94.23,m,,
Homepass (Titik Rumah),54/02-01,1,pcs,-7.239896437715947,112.736763122392
Kabel Drop,54/02 -> 54/02-01,17.44,m,,
Homepass (Titik Rumah),54/02-02,1,pcs,-7.239877589731952,112.73670890020584
Kabel Drop,54/02 -> 54/02-02,12.47,m,,
Homepass (Titik Rumah),54/02-03,1,pcs,-7.2399895912127805,112.73672318373531
Kabel Drop,54/02 -> 54/02-03,27.53,m,,
Homepass (Titik Rumah),54/02-04,1,pcs,-7.239865751370531,112.7366480771764
Kabel Drop,54/02 -> 54/02-04,12.32,m,,
Homepass (Titik Rumah),54/02-05,1,pcs,-7.239861227251739,112.73657874062324
Kabel Drop,54/02 -> 54/02-05,18.29,m,,
Homepass (Titik Rumah),54/02-06,1,pcs,-7.240077245077187,112.73666052657309
Kabel Drop,54/02 -> 54/02-06,39.2,m,,
Homepass (Titik Rumah),54/02-07,1,pcs,-7.240055176836674,112.73660654188146
Kabel Drop,54/02 -> 54/02-07,37.81,m,,
Homepass (Titik Rumah),54/02-08,1,pcs,-7.2401301610295965,112.73674783985909
Kabel Drop,54/02 -> 54/02-08,46.57,m,,
ODP,54/03,1,pcs,-7.239276740598921,112.73721398878507
Kabel Distribusi,ODC 54 -> 54/03,91.25,m,,
Homepass (Titik Rumah),54/03-01,1,pcs,-7.23910786699762,112.73758616896959
Kabel Drop,54/03 -> 54/03-01,54.17,m,,
Homepass (Titik Rumah),54/03-02,1,pcs,-7.239592960614168,112.73774554383301
Kabel Drop,54/03 -> 54/03-02,82.04,m,,
Homepass (Titik Rumah),54/03-03,1,pcs,-7.239174400480925,112.73705739219609
Kabel Drop,54/03 -> 54/03-03,24.82,m,,
Homepass (Titik Rumah),54/03-04,1,pcs,-7.239548528740945,112.73720041815864
Kabel Drop,54/03 -> 54/03-04,36.31,m,,
Homepass (Titik Rumah),54/03-05,1,pcs,-7.239171786317317,112.7369423449022
Kabel Drop,54/03 -> 54/03-05,38.59,m,,
Homepass (Titik Rumah),54/03-06,1,pcs,-7.239606965416454,112.73708813493876
Kabel Drop,54/03 -> 54/03-06,47.11,m,,
Homepass (Titik Rumah),54/03-07,1,pcs,-7.239468369205559,112.73692727210889
Kabel Drop,54/03 -> 54/03-07,45.76,m,,
Homepass (Titik Rumah),54/03-08,1,pcs,-7.239836292164749,112.7373594586104
Kabel Drop,54/03 -> 54/03-08,77.11,m,,
ODP,54/04,1,pcs,-7.2380490441566,112.73604838837272
Kabel Distribusi,ODC 54 -> 54/04,154.39,m,,
Homepass (Titik Rumah),54/04-01,1,pcs,-7.2383529585402036,112.73586886019376
Kabel Drop,54/04 -> 54/04-01,47.0,m,,
Homepass (Titik Rumah),54/04-02,1,pcs,-7.238663540964517,112.73601130284973
Kabel Drop,54/04 -> 54/04-02,82.14,m,,
Homepass (Titik Rumah),54/04-03,1,pcs,-7.238146847497663,112.73619665380761
Kabel Drop,54/04 -> 54/04-03,23.57,m,,
Homepass (Titik Rumah),54/04-04,1,pcs,-7.237825649516735,112.73611435064572
Kabel Drop,54/04 -> 54/04-04,31.06,m,,
Homepass (Titik Rumah),54/04-05,1,pcs,-7.237791877233778,112.73566248847237
Kabel Drop,54/04 -> 54/04-05,61.54,m,,
Homepass (Titik Rumah),54/04-06,1,pcs,-7.237866977933566,112.73624038866765
Kabel Drop,54/04 -> 54/04-06,35.16,m,,
Homepass (Titik Rumah),54/04-07,1,pcs,-7.237901141647237,112.73634280501344
Kabel Drop,54/04 -> 54/04-07,43.68,m,,
Homepass (Titik Rumah),54/04-08,1,pcs,-7.237700698771854,112.73597972038857
Kabel Drop,54/04 -> 54/04-08,47.36,m,,
ODC,ODC 55,1,pcs,-7.240152217088517,112.7383500668173
Join Closure,JOIN CLOSURE ODC 55,1,pcs,-7.240152217088517,112.7383500668173
ODP,55/01,1,pcs,-7.240268923635334,112.73798543006497
Kabel Distribusi,ODC 55 -> 55/01,50.72,m,,
Homepass (Titik Rumah),55/01-01,1,pcs,-7.240060107706426,112.73766651166287
Kabel Drop,55/01 -> 55/01-01,50.58,m,,
Homepass (Titik Rumah),55/01-02,1,pcs,-7.240061175661193,112.73789478627783
Kabel Drop,55/01 -> 55/01-02,30.21,m,,
Homepass (Titik Rumah),55/01-03,1,pcs,-7.239880848388467,112.73792711236239
Kabel Drop,55/01 -> 55/01-03,52.35,m,,
Homepass (Titik Rumah),55/01-04,1,pcs,-7.2398820062194575,112.73735788474364
Kabel Drop,55/01 -> 55/01-04,97.8,m,,
Homepass (Titik Rumah),55/01-05,1,pcs,-7.240038115898939,112.73807492959493
Kabel Drop,55/01 -> 55/01-05,33.0,m,,
Homepass (Titik Rumah),55/01-06,1,pcs,-7.240640073528511,112.73821963399449
Kabel Drop,55/01 -> 55/01-06,58.43,m,,
Homepass (Titik Rumah),55/01-07,1,pcs,-7.240548524715554,112.73834022719065
Kabel Drop,55/01 -> 55/01-07,59.98,m,,
Homepass (Titik Rumah),55/01-08,1,pcs,-7.240684220787682,112.7383088641152
Kabel Drop,55/01 -> 55/01-08,70.03,m,,
ODP,55/02,1,pcs,-7.240808001970779,112.73839101657516
Kabel Distribusi,ODC 55 -> 55/02,87.67,m,,
Homepass (Titik Rumah),55/02-01,1,pcs,-7.240703402719017,112.7383870368784
Kabel Drop,55/02 -> 55/02-01,13.97,m,,
Homepass (Titik Rumah),55/02-02,1,pcs,-7.2406106961167485,112.73848516795854
Kabel Drop,55/02 -> 55/02-02,29.13,m,,
Homepass (Titik Rumah),55/02-03,1,pcs,-7.240854950262104,112.7385714634014
Kabel Drop,55/02 -> 55/02-03,24.69,m,,
Homepass (Titik Rumah),55/02-04,1,pcs,-7.2409558467806105,112.73848166973549
Kabel Drop,55/02 -> 55/02-04,23.09,m,,
Homepass (Titik Rumah),55/02-05,1,pcs,-7.240999872251809,112.738386658956
Kabel Drop,55/02 -> 55/02-05,25.61,m,,
Homepass (Titik Rumah),55/02-06,1,pcs,-7.240978997674494,112.73862208616092
Kabel Drop,55/02 -> 55/02-06,38.16,m,,
Homepass (Titik Rumah),55/02-07,1,pcs,-7.241093830415483,112.73810672208975
Kabel Drop,55/02 -> 55/02-07,53.58,m,,
Homepass (Titik Rumah),55/02-08,1,pcs,-7.241205128317913,112.73830691480897
Kabel Drop,55/02 -> 55/02-08,54.15,m,,
ODP,55/03,1,pcs,-7.239825782503048,112.73863077799953
Kabel Distribusi,ODC 55 -> 55/03,57.25,m,,
Homepass (Titik Rumah),55/03-01,1,pcs,-7.239746322344757,112.73888606383902
Kabel Drop,55/03 -> 55/03-01,35.42,m,,
Homepass (Titik Rumah),55/03-02,1,pcs,-7.239649320507014,112.73913009330596
Kabel Drop,55/03 -> 55/03-02,70.16,m,,
Homepass (Titik Rumah),55/03-03,1,pcs,-7.2395622,112.73909520000004
Kabel Drop,55/03 -> 55/03-03,70.83,m,,
Homepass (Titik Rumah),55/03-04,1,pcs,-7.239778673249405,112.73853076197541
Kabel Drop,55/03 -> 55/03-04,14.66,m,,
Homepass (Titik Rumah),55/03-05,1,pcs,-7.239923129945772,112.73855544655444
Kabel Drop,55/03 -> 55/03-05,16.38,m,,
Homepass (Titik Rumah),55/03-06,1,pcs,-7.239691044332629,112.73849587317345
Kabel Drop,55/03 -> 55/03-06,25.34,m,,
Homepass (Titik Rumah),55/03-07,1,pcs,-7.240045127320651,112.73861633448107
Kabel Drop,55/03 -> 55/03-07,29.33,m,,
Homepass (Titik Rumah),55/03-08,1,pcs,-7.239802350000001,112.73939965
Kabel Drop,55/03 -> 55/03-08,101.82,m,,
ODP,55/04,1,pcs,-7.239579153079871,112.73857026356058
Kabel Distribusi,ODC 55 -> 55/04,81.83,m,,
Homepass (Titik Rumah),55/04-01,1,pcs,-7.23936342532963,112.7387096176924
Kabel Drop,55/04 -> 55/04-01,34.19,m,,
Homepass (Titik Rumah),55/04-02,1,pcs,-7.2394490039157215,112.73870857467114
Kabel Drop,55/04 -> 55/04-02,25.23,m,,
Homepass (Titik Rumah),55/04-03,1,pcs,-7.239554105483341,112.73877212459814
Kabel Drop,55/04 -> 55/04-03,26.93,m,,
Homepass (Titik Rumah),55/04-04,1,pcs,-7.239676122726769,112.73868680845975
Kabel Drop,55/04 -> 55/04-04,20.13,m,,
Homepass (Titik Rumah),55/04-05,1,pcs,-7.239586650000001,112.73848145000002
Kabel Drop,55/04 -> 55/04-05,11.8,m,,
Homepass (Titik Rumah),55/04-06,1,pcs,-7.239372723774091,112.73905792790787
Kabel Drop,55/04 -> 55/04-06,70.18,m,,
Homepass (Titik Rumah),55/04-07,1,pcs,-7.2394684,112.73906840000001
Kabel Drop,55/04 -> 55/04-07,67.57,m,,
Homepass (Titik Rumah),55/04-08,1,pcs,-7.239751423568407,112.73875376216132
Kabel Drop,55/04 -> 55/04-08,33.44,m,,
ODC,ODC 56,1,pcs,-7.239024452218375,112.73863604164866
Join Closure,JOIN CLOSURE ODC 56,1,pcs,-7.239024452218375,112.73863604164866
ODP,56/01,1,pcs,-7.239194335614942,112.73850280049435
Kabel Distribusi,ODC 56 -> 56/01,28.72,m,,
Homepass (Titik Rumah),56/01-01,1,pcs,-7.239050902663562,112.73825439635914
Kabel Drop,56/01 -> 56/01-01,38.05,m,,
Homepass (Titik Rumah),56/01-02,1,pcs,-7.23917850305689,112.73830340091405
Kabel Drop,56/01 -> 56/01-02,26.48,m,,
Homepass (Titik Rumah),56/01-03,1,pcs,-7.239297443287809,112.73835237304681
Kabel Drop,56/01 -> 56/01-03,24.2,m,,
Homepass (Titik Rumah),56/01-04,1,pcs,-7.239377473460292,112.73839747206463
Kabel Drop,56/01 -> 56/01-04,28.13,m,,
Homepass (Titik Rumah),56/01-05,1,pcs,-7.239257727261406,112.73862584208332
Kabel Drop,56/01 -> 56/01-05,18.35,m,,
Homepass (Titik Rumah),56/01-06,1,pcs,-7.239451749999999,112.73841454999999
Kabel Drop,56/01 -> 56/01-06,36.28,m,,
Homepass (Titik Rumah),56/01-07,1,pcs,-7.238903839346926,112.73867684190076
Kabel Drop,56/01 -> 56/01-07,45.09,m,,
Homepass (Titik Rumah),56/01-08,1,pcs,-7.239081877002104,112.73870843189557
Kabel Drop,56/01 -> 56/01-08,31.08,m,,
ODP,56/02,1,pcs,-7.238693063335859,112.73848514545939
Kabel Distribusi,ODC 56 -> 56/02,48.52,m,,
Homepass (Titik Rumah),56/02-01,1,pcs,-7.238400075985361,112.73885511143018
Kabel Drop,56/02 -> 56/02-01,62.66,m,,
Homepass (Titik Rumah),56/02-02,1,pcs,-7.238274401956604,112.73882776552591
Kabel Drop,56/02 -> 56/02-02,71.96,m,,
Homepass (Titik Rumah),56/02-03,1,pcs,-7.2386558,112.73878350000001
Kabel Drop,56/02 -> 56/02-03,39.81,m,,
Homepass (Titik Rumah),56/02-04,1,pcs,-7.2388727500000005,112.73883269999999
Kabel Drop,56/02 -> 56/02-04,51.88,m,,
Homepass (Titik Rumah),56/02-05,1,pcs,-7.238249592169564,112.73760198944326
Kabel Drop,56/02 -> 56/02-05,131.03,m,,
Homepass (Titik Rumah),56/02-06,1,pcs,-7.238475062185073,112.7375763312346
Kabel Drop,56/02 -> 56/02-06,123.77,m,,
Homepass (Titik Rumah),56/02-07,1,pcs,-7.239435615382598,112.73976368226671
Kabel Drop,56/02 -> 56/02-07,196.11,m,,
Homepass (Titik Rumah),56/02-08,1,pcs,-7.239184235097635,112.73769405497922
Kabel Drop,56/02 -> 56/02-08,123.54,m,,
ODP,56/03,1,pcs,-7.238624856449836,112.73833318975437
Kabel Distribusi,ODC 56 -> 56/03,66.71,m,,
Homepass (Titik Rumah),56/03-01,1,pcs,-7.238451723468093,112.73826101112962
Kabel Drop,56/03 -> 56/03-01,25.0,m,,
Homepass (Titik Rumah),56/03-02,1,pcs,-7.2387004,112.73820934999998
Kabel Drop,56/03 -> 56/03-02,19.24,m,,
Homepass (Titik Rumah),56/03-03,1,pcs,-7.238711400000002,112.73835075
Kabel Drop,56/03 -> 56/03-03,11.78,m,,
Homepass (Titik Rumah),56/03-04,1,pcs,-7.2387044499999975,112.73813345
Kabel Drop,56/03 -> 56/03-04,28.49,m,,
Homepass (Titik Rumah),56/03-05,1,pcs,-7.238704185752577,112.73805542529523
Kabel Drop,56/03 -> 56/03-05,38.26,m,,
Homepass (Titik Rumah),56/03-06,1,pcs,-7.238823501858393,112.73822692439957
Kabel Drop,56/03 -> 56/03-06,30.01,m,,
Homepass (Titik Rumah),56/03-07,1,pcs,-7.238406175957197,112.73867266100487
Kabel Drop,56/03 -> 56/03-07,53.58,m,,
Homepass (Titik Rumah),56/03-08,1,pcs,-7.238387114855642,112.7387568238987
Kabel Drop,56/03 -> 56/03-08,64.43,m,,
ODP,56/04,1,pcs,-7.239190981803079,112.73922972035605
Kabel Distribusi,ODC 56 -> 56/04,81.67,m,,
Homepass (Titik Rumah),56/04-01,1,pcs,-7.239230900000002,112.73913880000002
Kabel Drop,56/04 -> 56/04-01,13.16,m,,
Homepass (Titik Rumah),56/04-02,1,pcs,-7.239093250000001,112.73910324999999
Kabel Drop,56/04 -> 56/04-02,21.22,m,,
Homepass (Titik Rumah),56/04-03,1,pcs,-7.238894049999995,112.73914529999998
Kabel Drop,56/04 -> 56/04-03,41.17,m,,
Homepass (Titik Rumah),56/04-04,1,pcs,-7.239312197678449,112.73947857474181
Kabel Drop,56/04 -> 56/04-04,36.7,m,,
Homepass (Titik Rumah),56/04-05,1,pcs,-7.238890999999998,112.73928765
Kabel Drop,56/04 -> 56/04-05,40.76,m,,
Homepass (Titik Rumah),56/04-06,1,pcs,-7.239416027165189,112.7394987979812
Kabel Drop,56/04 -> 56/04-06,46.59,m,,
Homepass (Titik Rumah),56/04-07,1,pcs,-7.239161552407906,112.73956342388044
Kabel Drop,56/04 -> 56/04-07,44.35,m,,
Homepass (Titik Rumah),56/04-08,1,pcs,-7.2395231332211205,112.73950285871553
Kabel Drop,56/04 -> 56/04-08,57.2,m,,
ODC,ODC 57,1,pcs,-7.2376311,112.7389849
Join Closure,JOIN CLOSURE ODC 57,1,pcs,-7.2376311,112.7389849
ODP,57/01,1,pcs,-7.238064213077586,112.73852322943624
Kabel Distribusi,ODC 57 -> 57/01,84.11,m,,
Homepass (Titik Rumah),57/01-01,1,pcs,-7.237641338504836,112.7383826894437
Kabel Drop,57/01 -> 57/01-01,59.41,m,,
Homepass (Titik Rumah),57/01-02,1,pcs,-7.2377593357695575,112.73835661998181
Kabel Drop,57/01 -> 57/01-02,46.27,m,,
Homepass (Titik Rumah),57/01-03,1,pcs,-7.2378795670968845,112.73834598257339
Kabel Drop,57/01 -> 57/01-03,34.02,m,,
Homepass (Titik Rumah),57/01-04,1,pcs,-7.238052974624095,112.7383015145038
Kabel Drop,57/01 -> 57/01-04,29.39,m,,
Homepass (Titik Rumah),57/01-05,1,pcs,-7.238242929383505,112.73827754509735
Kabel Drop,57/01 -> 57/01-05,40.33,m,,
Homepass (Titik Rumah),57/01-06,1,pcs,-7.23813004041474,112.7388077009567
Kabel Drop,57/01 -> 57/01-06,38.67,m,,
Homepass (Titik Rumah),57/01-07,1,pcs,-7.2383527152863225,112.73825070894773
Kabel Drop,57/01 -> 57/01-07,52.76,m,,
Homepass (Titik Rumah),57/01-08,1,pcs,-7.23838255,112.73860260000001
Kabel Drop,57/01 -> 57/01-08,43.76,m,,
ODP,57/02,1,pcs,-7.237201080835437,112.738626661666
Kabel Distribusi,ODC 57 -> 57/02,74.44,m,,
Homepass (Titik Rumah),57/02-01,1,pcs,-7.23698450264984,112.73884011476402
Kabel Drop,57/02 -> 57/02-01,40.42,m,,
Homepass (Titik Rumah),57/02-02,1,pcs,-7.236985905579077,112.73880034192662
Kabel Drop,57/02 -> 57/02-02,36.78,m,,
Homepass (Titik Rumah),57/02-03,1,pcs,-7.23699580072838,112.73875035242783
Kabel Drop,57/02 -> 57/02-03,31.91,m,,
Homepass (Titik Rumah),57/02-04,1,pcs,-7.236987893066116,112.738519775377
Kabel Drop,57/02 -> 57/02-04,31.77,m,,
Homepass (Titik Rumah),57/02-05,1,pcs,-7.237117684627198,112.7384803639659
Kabel Drop,57/02 -> 57/02-05,22.34,m,,
Homepass (Titik Rumah),57/02-06,1,pcs,-7.237498187195545,112.73889181378112
Kabel Drop,57/02 -> 57/02-06,52.95,m,,
Homepass (Titik Rumah),57/02-07,1,pcs,-7.2373858901466,112.73844009396561
Kabel Drop,57/02 -> 57/02-07,34.9,m,,
Homepass (Titik Rumah),57/02-08,1,pcs,-7.237750099566648,112.73881242500265
Kabel Drop,57/02 -> 57/02-08,77.27,m,,
ODP,57/03,1,pcs,-7.23712192748438,112.73896691091191
Kabel Distribusi,ODC 57 -> 57/03,67.98,m,,
Homepass (Titik Rumah),57/03-01,1,pcs,-7.237190307726401,112.73907898123309
Kabel Drop,57/03 -> 57/03-01,17.42,m,,
Homepass (Titik Rumah),57/03-02,1,pcs,-7.237194201976181,112.73898733990441
Kabel Drop,57/03 -> 57/03-02,10.02,m,,
Homepass (Titik Rumah),57/03-03,1,pcs,-7.237276743564786,112.73895040546259
Kabel Drop,57/03 -> 57/03-03,20.77,m,,
Homepass (Titik Rumah),57/03-04,1,pcs,-7.236989797929386,112.73914310418226
Kabel Drop,57/03 -> 57/03-04,29.24,m,,
Homepass (Titik Rumah),57/03-05,1,pcs,-7.236984136429019,112.73898913224716
Kabel Drop,57/03 -> 57/03-05,18.62,m,,
Homepass (Titik Rumah),57/03-06,1,pcs,-7.237363873578782,112.73890138836121
Kabel Drop,57/03 -> 57/03-06,33.43,m,,
Homepass (Titik Rumah),57/03-07,1,pcs,-7.237208080596455,112.7388029929494
Kabel Drop,57/03 -> 57/03-07,24.56,m,,
Homepass (Titik Rumah),57/03-08,1,pcs,-7.236985716459745,112.73888501879726
Kabel Drop,57/03 -> 57/03-08,21.16,m,,
ODP,57/04,1,pcs,-7.237909974692956,112.73964268431642
Kabel Distribusi,ODC 57 -> 57/04,94.69,m,,
Homepass (Titik Rumah),57/04-01,1,pcs,-7.238321549999999,112.73994195000003
Kabel Drop,57/04 -> 57/04-01,67.71,m,,
Homepass (Titik Rumah),57/04-02,1,pcs,-7.23816295,112.74013875
Kabel Drop,57/04 -> 57/04-02,73.83,m,,
Homepass (Titik Rumah),57/04-03,1,pcs,-7.238174724015449,112.74017979666061
Kabel Drop,57/04 -> 57/04-03,79.39,m,,
Homepass (Titik Rumah),57/04-04,1,pcs,-7.238272524388843,112.73936543590587
Kabel Drop,57/04 -> 57/04-04,60.72,m,,
Homepass (Titik Rumah),57/04-05,1,pcs,-7.237986972870452,112.73936743656945
Kabel Drop,57/04 -> 57/04-05,37.86,m,,
Homepass (Titik Rumah),57/04-06,1,pcs,-7.238297622689677,112.73916628430119
Kabel Drop,57/04 -> 57/04-06,81.56,m,,
Homepass (Titik Rumah),57/04-07,1,pcs,-7.2381972,112.73917100000001
Kabel Drop,57/04 -> 57/04-07,73.26,m,,
Homepass (Titik Rumah),57/04-08,1,pcs,-7.2384160500000005,112.73909925
Kabel Drop,57/04 -> 57/04-08,98.66,m,,
ODC,ODC 58,1,pcs,-7.237454063119375,112.73960387207272
Join Closure,JOIN CLOSURE ODC 58,1,pcs,-7.237454063119375,112.73960387207272
ODP,58/01,1,pcs,-7.237425652163864,112.73960530641918
Kabel Distribusi,ODC 58 -> 58/01,3.8,m,,
Homepass (Titik Rumah),58/01-01,1,pcs,-7.237471690495961,112.73976623332354
Kabel Drop,58/01 -> 58/01-01,22.17,m,,
Homepass (Titik Rumah),58/01-02,1,pcs,-7.237457006495364,112.73966960838239
Kabel Drop,58/01 -> 58/01-02,9.48,m,,
Homepass (Titik Rumah),58/01-03,1,pcs,-7.237411395730403,112.739677305094
Kabel Drop,58/01 -> 58/01-03,9.72,m,,
Homepass (Titik Rumah),58/01-04,1,pcs,-7.237508934980365,112.73966198232206
Kabel Drop,58/01 -> 58/01-04,13.41,m,,
Homepass (Titik Rumah),58/01-05,1,pcs,-7.237370685726326,112.73968265126655
Kabel Drop,58/01 -> 58/01-05,12.59,m,,
Homepass (Titik Rumah),58/01-06,1,pcs,-7.237328852914202,112.73969596669198
Kabel Drop,58/01 -> 58/01-06,17.63,m,,
Homepass (Titik Rumah),58/01-07,1,pcs,-7.237597681393103,112.73966777617903
Kabel Drop,58/01 -> 58/01-07,24.4,m,,
Homepass (Titik Rumah),58/01-08,1,pcs,-7.237280554451374,112.73985429200714
Kabel Drop,58/01 -> 58/01-08,38.22,m,,
ODP,58/02,1,pcs,-7.237375507291634,112.73960660521654
Kabel Distribusi,ODC 58 -> 58/02,10.49,m,,
Homepass (Titik Rumah),58/02-01,1,pcs,-7.237528802625257,112.73955081547543
Kabel Drop,58/02 -> 58/02-01,21.75,m,,
Homepass (Titik Rumah),58/02-02,1,pcs,-7.237544689213297,112.73932627535018
Kabel Drop,58/02 -> 58/02-02,43.43,m,,
Homepass (Titik Rumah),58/02-03,1,pcs,-7.237752121959832,112.73963089547146
Kabel Drop,58/02 -> 58/02-03,50.36,m,,
Homepass (Titik Rumah),58/02-04,1,pcs,-7.237281377709411,112.73955038916613
Kabel Drop,58/02 -> 58/02-04,14.6,m,,
Homepass (Titik Rumah),58/02-05,1,pcs,-7.237211048849105,112.73968631490841
Kabel Drop,58/02 -> 58/02-05,24.35,m,,
Homepass (Titik Rumah),58/02-06,1,pcs,-7.23720930907288,112.73973559690211
Kabel Drop,58/02 -> 58/02-06,27.99,m,,
Homepass (Titik Rumah),58/02-07,1,pcs,-7.237259678352441,112.73980639419507
Kabel Drop,58/02 -> 58/02-07,30.63,m,,
Homepass (Titik Rumah),58/02-08,1,pcs,-7.237222348476191,112.73977147842434
Kabel Drop,58/02 -> 58/02-08,29.9,m,,
ODP,58/03,1,pcs,-7.2373214994344375,112.73961170298172
Kabel Distribusi,ODC 58 -> 58/03,17.72,m,,
Homepass (Titik Rumah),58/03-01,1,pcs,-7.2372868814517775,112.73990517208453
Kabel Drop,58/03 -> 58/03-01,39.12,m,,
Homepass (Titik Rumah),58/03-02,1,pcs,-7.237311491186376,112.73993750243392
Kabel Drop,58/03 -> 58/03-02,43.15,m,,
Homepass (Titik Rumah),58/03-03,1,pcs,-7.237163507487751,112.73943625483481
Kabel Drop,58/03 -> 58/03-03,31.37,m,,
Homepass (Titik Rumah),58/03-04,1,pcs,-7.237178832990233,112.73923082348946
Kabel Drop,58/03 -> 58/03-04,53.89,m,,
Homepass (Titik Rumah),58/03-05,1,pcs,-7.237003559066984,112.73926271736923
Kabel Drop,58/03 -> 58/03-05,62.72,m,,
Homepass (Titik Rumah),58/03-06,1,pcs,-7.237279874204455,112.7391795775784
Kabel Drop,58/03 -> 58/03-06,57.47,m,,
Homepass (Titik Rumah),58/03-07,1,pcs,-7.237984500000004,112.74014374999999
Kabel Drop,58/03 -> 58/03-07,113.08,m,,
Homepass (Titik Rumah),58/03-08,1,pcs,-7.237185524662446,112.73912169299876
Kabel Drop,58/03 -> 58/03-08,67.35,m,,
ODP,58/04,1,pcs,-7.237706174636793,112.7398400106753
Kabel Distribusi,ODC 58 -> 58/04,45.92,m,,
Homepass (Titik Rumah),58/04-01,1,pcs,-7.237660124050228,112.73995584727044
Kabel Drop,58/04 -> 58/04-01,16.52,m,,
Homepass (Titik Rumah),58/04-02,1,pcs,-7.23765190557758,112.7399177598834
Kabel Drop,58/04 -> 58/04-02,12.58,m,,
Homepass (Titik Rumah),58/04-03,1,pcs,-7.237646038564207,112.73988136971501
Kabel Drop,58/04 -> 58/04-03,9.71,m,,
Homepass (Titik Rumah),58/04-04,1,pcs,-7.2376387580491865,112.73984644692885
Kabel Drop,58/04 -> 58/04-04,9.04,m,,
Homepass (Titik Rumah),58/04-05,1,pcs,-7.2376306963500046,112.73981044574688
Kabel Drop,58/04 -> 58/04-05,10.81,m,,
Homepass (Titik Rumah),58/04-06,1,pcs,-7.23750245751633,112.73986301540084
Kabel Drop,58/04 -> 58/04-06,27.35,m,,
Homepass (Titik Rumah),58/04-07,1,pcs,-7.237621433332219,112.73977432768402
Kabel Drop,58/04 -> 58/04-07,14.26,m,,
Homepass (Titik Rumah),58/04-08,1,pcs,-7.237614489235518,112.73973674874286
Kabel Drop,58/04 -> 58/04-08,18.34,m,,
ODC,ODC 59,1,pcs,-7.23765055004556,112.740434329044
Join Closure,JOIN CLOSURE ODC 59,1,pcs,-7.23765055004556,112.740434329044
ODP,59/01,1,pcs,-7.2377243013954375,112.74002808438983
Kabel Distribusi,ODC 59 -> 59/01,54.67,m,,
Homepass (Titik Rumah),59/01-01,1,pcs,-7.237447879460694,112.74014516878316
Kabel Drop,59/01 -> 59/01-01,40.01,m,,
Homepass (Titik Rumah),59/01-02,1,pcs,-7.237327984117665,112.74008815925883
Kabel Drop,59/01 -> 59/01-02,53.48,m,,
Homepass (Titik Rumah),59/01-03,1,pcs,-7.237458924810181,112.73996338552695
Kabel Drop,59/01 -> 59/01-03,36.43,m,,
Homepass (Titik Rumah),59/01-04,1,pcs,-7.237632427327317,112.7400740785999
Kabel Drop,59/01 -> 59/01-04,13.69,m,,
Homepass (Titik Rumah),59/01-05,1,pcs,-7.2373099854240674,112.73999797533548
Kabel Drop,59/01 -> 59/01-05,55.43,m,,
Homepass (Titik Rumah),59/01-06,1,pcs,-7.237650856408074,112.74016616513279
Kabel Drop,59/01 -> 59/01-06,20.74,m,,
Homepass (Titik Rumah),59/01-07,1,pcs,-7.2376163533616,112.74001205343313
Kabel Drop,59/01 -> 59/01-07,14.56,m,,
Homepass (Titik Rumah),59/01-08,1,pcs,-7.237548507600895,112.73995131896046
Kabel Drop,59/01 -> 59/01-08,25.56,m,,
ODP,59/02,1,pcs,-7.237486716845344,112.74046585278755
Kabel Distribusi,ODC 59 -> 59/02,22.26,m,,
Homepass (Titik Rumah),59/02-01,1,pcs,-7.237435849999997,112.74065440000001
Kabel Drop,59/02 -> 59/02-01,25.86,m,,
Homepass (Titik Rumah),59/02-02,1,pcs,-7.237416564260543,112.74056152112347
Kabel Drop,59/02 -> 59/02-02,15.75,m,,
Homepass (Titik Rumah),59/02-03,1,pcs,-7.237626100000002,112.74052465
Kabel Drop,59/02 -> 59/02-03,20.16,m,,
Homepass (Titik Rumah),59/02-04,1,pcs,-7.237523180889687,112.7403622306524
Kabel Drop,59/02 -> 59/02-04,14.55,m,,
Homepass (Titik Rumah),59/02-05,1,pcs,-7.2373686831756165,112.74033471011688
Kabel Drop,59/02 -> 59/02-05,23.44,m,,
Homepass (Titik Rumah),59/02-06,1,pcs,-7.237387607967308,112.74028018168895
Kabel Drop,59/02 -> 59/02-06,27.91,m,,
Homepass (Titik Rumah),59/02-07,1,pcs,-7.237373656624244,112.74022712144148
Kabel Drop,59/02 -> 59/02-07,35.02,m,,
Homepass (Titik Rumah),59/02-08,1,pcs,-7.237658749160434,112.74024492123078
Kabel Drop,59/02 -> 59/02-08,37.18,m,,
ODP,59/03,1,pcs,-7.237956281137495,112.74098370908506
Kabel Distribusi,ODC 59 -> 59/03,83.38,m,,
Homepass (Titik Rumah),59/03-01,1,pcs,-7.238179302173275,112.74079342144552
Kabel Drop,59/03 -> 59/03-01,38.99,m,,
Homepass (Titik Rumah),59/03-02,1,pcs,-7.237999669587709,112.74084405054614
Kabel Drop,59/03 -> 59/03-02,19.37,m,,
Homepass (Titik Rumah),59/03-03,1,pcs,-7.237941675331564,112.74087130304194
Kabel Drop,59/03 -> 59/03-03,15.01,m,,
Homepass (Titik Rumah),59/03-04,1,pcs,-7.237767899999999,112.74069965000001
Kabel Drop,59/03 -> 59/03-04,45.23,m,,
Homepass (Titik Rumah),59/03-05,1,pcs,-7.237753850000001,112.74086925
Kabel Drop,59/03 -> 59/03-05,30.97,m,,
Homepass (Titik Rumah),59/03-06,1,pcs,-7.238094749999999,112.7412772
Kabel Drop,59/03 -> 59/03-06,43.02,m,,
Homepass (Titik Rumah),59/03-07,1,pcs,-7.2378339,112.74043995
Kabel Drop,59/03 -> 59/03-07,73.81,m,,
Homepass (Titik Rumah),59/03-08,1,pcs,-7.23800160099104,112.74127516951313
Kabel Drop,59/03 -> 59/03-08,39.05,m,,
ODP,59/04,1,pcs,-7.23758121893805,112.74102010523828
Kabel Distribusi,ODC 59 -> 59/04,78.09,m,,
Homepass (Titik Rumah),59/04-01,1,pcs,-7.237637076810843,112.74092701059331
Kabel Drop,59/04 -> 59/04-01,14.4,m,,
Homepass (Titik Rumah),59/04-02,1,pcs,-7.237591349999999,112.74080845000002
Kabel Drop,59/04 -> 59/04-02,28.05,m,,
Homepass (Titik Rumah),59/04-03,1,pcs,-7.2374747474668295,112.74093343185201
Kabel Drop,59/04 -> 59/04-03,18.26,m,,
Homepass (Titik Rumah),59/04-04,1,pcs,-7.2375097,112.74075535
Kabel Drop,59/04 -> 59/04-04,36.32,m,,
Homepass (Titik Rumah),59/04-05,1,pcs,-7.237449477015332,112.74070871893
Kabel Drop,59/04 -> 59/04-05,44.81,m,,
Homepass (Titik Rumah),59/04-06,1,pcs,-7.23767435,112.7406336
Kabel Drop,59/04 -> 59/04-06,52.65,m,,
Homepass (Titik Rumah),59/04-07,1,pcs,-7.237566899999998,112.74122184999997
Kabel Drop,59/04 -> 59/04-07,26.77,m,,
Homepass (Titik Rumah),59/04-08,1,pcs,-7.237655399999998,112.74123724999998
Kabel Drop,59/04 -> 59/04-08,30.4,m,,
ODC,ODC 60,1,pcs,-7.238608805931079,112.74127465582477
Join Closure,JOIN CLOSURE ODC 60,1,pcs,-7.238608805931079,112.74127465582477
ODP,60/01,1,pcs,-7.2383902247157605,112.74094159906441
Kabel Distribusi,ODC 60 -> 60/01,52.86,m,,
Homepass (Titik Rumah),60/01-01,1,pcs,-7.2384985,112.7411243
Kabel Drop,60/01 -> 60/01-01,28.17,m,,
Homepass (Titik Rumah),60/01-02,1,pcs,-7.238639609901352,112.74104132271071
Kabel Drop,60/01 -> 60/01-02,35.8,m,,
Homepass (Titik Rumah),60/01-03,1,pcs,-7.238284299742178,112.74110687569673
Kabel Drop,60/01 -> 60/01-03,26.05,m,,
Homepass (Titik Rumah),60/01-04,1,pcs,-7.238786599999998,112.74103405000001
Kabel Drop,60/01 -> 60/01-04,54.29,m,,
Homepass (Titik Rumah),60/01-05,1,pcs,-7.238213149999999,112.74124834999999
Kabel Drop,60/01 -> 60/01-05,46.98,m,,
Homepass (Titik Rumah),60/01-06,1,pcs,-7.238233100000002,112.7413878
Kabel Drop,60/01 -> 60/01-06,62.67,m,,
Homepass (Titik Rumah),60/01-07,1,pcs,-7.238315599999999,112.74077679999999
Kabel Drop,60/01 -> 60/01-07,23.98,m,,
Homepass (Titik Rumah),60/01-08,1,pcs,-7.2382455203109615,112.74078796355705
Kabel Drop,60/01 -> 60/01-08,28.04,m,,
ODP,60/02,1,pcs,-7.2386352596338215,112.74148799700882
Kabel Distribusi,ODC 60 -> 60/02,28.46,m,,
Homepass (Titik Rumah),60/02-01,1,pcs,-7.238730018053703,112.74151186325925
Kabel Drop,60/02 -> 60/02-01,13.03,m,,
Homepass (Titik Rumah),60/02-02,1,pcs,-7.238693277191406,112.7413167587158
Kabel Drop,60/02 -> 60/02-02,23.95,m,,
Homepass (Titik Rumah),60/02-03,1,pcs,-7.23853312162144,112.7413355275038
Kabel Drop,60/02 -> 60/02-03,24.35,m,,
Homepass (Titik Rumah),60/02-04,1,pcs,-7.238469709961801,112.74161947274409
Kabel Drop,60/02 -> 60/02-04,28.12,m,,
Homepass (Titik Rumah),60/02-05,1,pcs,-7.23874844468577,112.74184044358904
Kabel Drop,60/02 -> 60/02-05,49.04,m,,
Homepass (Titik Rumah),60/02-06,1,pcs,-7.238685750000001,112.74115235
Kabel Drop,60/02 -> 60/02-06,44.94,m,,
Homepass (Titik Rumah),60/02-07,1,pcs,-7.2389745067220375,112.7417935243408
Kabel Drop,60/02 -> 60/02-07,60.7,m,,
Homepass (Titik Rumah),60/02-08,1,pcs,-7.238386772443023,112.74131673538541
Kabel Drop,60/02 -> 60/02-08,40.17,m,,
ODP,60/03,1,pcs,-7.239064803380551,112.74085889159667
Kabel Distribusi,ODC 60 -> 60/03,82.04,m,,
Homepass (Titik Rumah),60/03-01,1,pcs,-7.239247550000001,112.74107735000003
Kabel Drop,60/03 -> 60/03-01,37.83,m,,
Homepass (Titik Rumah),60/03-02,1,pcs,-7.239176349052944,112.74108373058051
Kabel Drop,60/03 -> 60/03-02,33.28,m,,
Homepass (Titik Rumah),60/03-03,1,pcs,-7.239110850087688,112.74108641698606
Kabel Drop,60/03 -> 60/03-03,30.74,m,,
Homepass (Titik Rumah),60/03-04,1,pcs,-7.239058617553469,112.74111017989051
Kabel Drop,60/03 -> 60/03-04,33.27,m,,
Homepass (Titik Rumah),60/03-05,1,pcs,-7.239006749999999,112.74112794999998
Kabel Drop,60/03 -> 60/03-05,36.45,m,,
Homepass (Titik Rumah),60/03-06,1,pcs,-7.2389465500000005,112.74113570000002
Kabel Drop,60/03 -> 60/03-06,39.89,m,,
Homepass (Titik Rumah),60/03-07,1,pcs,-7.239102500488949,112.74139886827228
Kabel Drop,60/03 -> 60/03-07,71.65,m,,
Homepass (Titik Rumah),60/03-08,1,pcs,-7.239258183604851,112.74145006400538
Kabel Drop,60/03 -> 60/03-08,82.4,m,,
ODP,60/04,1,pcs,-7.238342411487291,112.74181044866081
Kabel Distribusi,ODC 60 -> 60/04,79.33,m,,
Homepass (Titik Rumah),60/04-01,1,pcs,-7.2384378,112.7420148
Kabel Drop,60/04 -> 60/04-01,29.89,m,,
Homepass (Titik Rumah),60/04-02,1,pcs,-7.2384282,112.7419122
Kabel Drop,60/04 -> 60/04-02,17.68,m,,
Homepass (Titik Rumah),60/04-03,1,pcs,-7.238418250809892,112.74184557975046
Kabel Drop,60/04 -> 60/04-03,11.14,m,,
Homepass (Titik Rumah),60/04-04,1,pcs,-7.238139523958626,112.74206509434543
Kabel Drop,60/04 -> 60/04-04,43.23,m,,
Homepass (Titik Rumah),60/04-05,1,pcs,-7.238786210517967,112.74199022361354
Kabel Drop,60/04 -> 60/04-05,63.82,m,,
Homepass (Titik Rumah),60/04-06,1,pcs,-7.2381843,112.74237225
Kabel Drop,60/04 -> 60/04-06,77.3,m,,
Homepass (Titik Rumah),60/04-07,1,pcs,-7.23825634198876,112.74161112718956
Kabel Drop,60/04 -> 60/04-07,28.78,m,,
Homepass (Titik Rumah),60/04-08,1,pcs,-7.23819752567897,112.74160610033343
Kabel Drop,60/04 -> 60/04-08,33.25,m,,
ODC,ODC 61,1,pcs,-7.238127919306178,112.74232968831102
Join Closure,JOIN CLOSURE ODC 61,1,pcs,-7.238127919306178,112.74232968831102
ODP,61/01,1,pcs,-7.237983443407627,112.74185462347617
Kabel Distribusi,ODC 61 -> 61/01,65.77,m,,
Homepass (Titik Rumah),61/01-01,1,pcs,-7.2381233393278634,112.74159102727975
Kabel Drop,61/01 -> 61/01-01,39.57,m,,
Homepass (Titik Rumah),61/01-02,1,pcs,-7.238034949082472,112.74164377909977
Kabel Drop,61/01 -> 61/01-02,28.74,m,,
Homepass (Titik Rumah),61/01-03,1,pcs,-7.23824392234501,112.74151018439927
Kabel Drop,61/01 -> 61/01-03,57.33,m,,
Homepass (Titik Rumah),61/01-04,1,pcs,-7.237959073863841,112.74175108754595
Kabel Drop,61/01 -> 61/01-04,14.09,m,,
Homepass (Titik Rumah),61/01-05,1,pcs,-7.237900299999999,112.74149309999999
Kabel Drop,61/01 -> 61/01-05,49.12,m,,
Homepass (Titik Rumah),61/01-06,1,pcs,-7.2378861,112.74174154999999
Kabel Drop,61/01 -> 61/01-06,19.82,m,,
Homepass (Titik Rumah),61/01-07,1,pcs,-7.237705920063681,112.74156954870355
Kabel Drop,61/01 -> 61/01-07,52.87,m,,
Homepass (Titik Rumah),61/01-08,1,pcs,-7.237710875897784,112.74151723296521
Kabel Drop,61/01 -> 61/01-08,57.6,m,,
ODP,61/02,1,pcs,-7.23758525875694,112.74173063862638
Kabel Distribusi,ODC 61 -> 61/02,107.38,m,,
Homepass (Titik Rumah),61/02-01,1,pcs,-7.237725599999998,112.7417342
Kabel Drop,61/02 -> 61/02-01,18.73,m,,
Homepass (Titik Rumah),61/02-02,1,pcs,-7.237824531737342,112.74197096310255
Kabel Drop,61/02 -> 61/02-02,45.07,m,,
Homepass (Titik Rumah),61/02-03,1,pcs,-7.2376943,112.74146695
Kabel Drop,61/02 -> 61/02-03,37.82,m,,
Homepass (Titik Rumah),61/02-04,1,pcs,-7.237593849999998,112.74142334999999
Kabel Drop,61/02 -> 61/02-04,40.69,m,,
Homepass (Titik Rumah),61/02-05,1,pcs,-7.237676322802885,112.7413975409546
Kabel Drop,61/02 -> 61/02-05,45.74,m,,
Homepass (Titik Rumah),61/02-06,1,pcs,-7.2378947,112.7420684
Kabel Drop,61/02 -> 61/02-06,60.86,m,,
Homepass (Titik Rumah),61/02-07,1,pcs,-7.237802935909412,112.74212967837964
Kabel Drop,61/02 -> 61/02-07,60.28,m,,
Homepass (Titik Rumah),61/02-08,1,pcs,-7.2375832,112.74133920000001
Kabel Drop,61/02 -> 61/02-08,51.82,m,,
ODP,61/03,1,pcs,-7.237995852859004,112.74235822884523
Kabel Distribusi,ODC 61 -> 61/03,18.02,m,,
Homepass (Titik Rumah),61/03-01,1,pcs,-7.237879992777989,112.74226167941987
Kabel Drop,61/03 -> 61/03-01,20.06,m,,
Homepass (Titik Rumah),61/03-02,1,pcs,-7.237945366747383,112.74242479997092
Kabel Drop,61/03 -> 61/03-02,11.09,m,,
Homepass (Titik Rumah),61/03-03,1,pcs,-7.238137317137292,112.74244704976842
Kabel Drop,61/03 -> 61/03-03,22.24,m,,
Homepass (Titik Rumah),61/03-04,1,pcs,-7.237983663555139,112.74256537088702
Kabel Drop,61/03 -> 61/03-04,27.47,m,,
Homepass (Titik Rumah),61/03-05,1,pcs,-7.238120100000001,112.74253855
Kabel Drop,61/03 -> 61/03-05,29.06,m,,
Homepass (Titik Rumah),61/03-06,1,pcs,-7.238005410456669,112.74268276069448
Kabel Drop,61/03 -> 61/03-06,42.98,m,,
Homepass (Titik Rumah),61/03-07,1,pcs,-7.238143059519246,112.74265522340119
Kabel Drop,61/03 -> 61/03-07,43.95,m,,
Homepass (Titik Rumah),61/03-08,1,pcs,-7.238086470958138,112.74283850791473
Kabel Drop,61/03 -> 61/03-08,64.71,m,,
ODP,61/04,1,pcs,-7.238804755150938,112.74271648308884
Kabel Distribusi,ODC 61 -> 61/04,103.82,m,,
Homepass (Titik Rumah),61/04-01,1,pcs,-7.2390573788067645,112.74274815285999
Kabel Drop,61/04 -> 61/04-01,33.97,m,,
Homepass (Titik Rumah),61/04-02,1,pcs,-7.239027906089734,112.74261771462855
Kabel Drop,61/04 -> 61/04-02,32.52,m,,
Homepass (Titik Rumah),61/04-03,1,pcs,-7.238928476826399,112.74294110503044
Kabel Drop,61/04 -> 61/04-03,34.01,m,,
Homepass (Titik Rumah),61/04-04,1,pcs,-7.238965024120153,112.74246281713106
Kabel Drop,61/04 -> 61/04-04,39.81,m,,
Homepass (Titik Rumah),61/04-05,1,pcs,-7.238970788541821,112.74311051733069
Kabel Drop,61/04 -> 61/04-05,56.67,m,,
Homepass (Titik Rumah),61/04-06,1,pcs,-7.238687464603311,112.74281349697783
Kabel Drop,61/04 -> 61/04-06,20.24,m,,
Homepass (Titik Rumah),61/04-07,1,pcs,-7.238952849999991,112.7423654
Kabel Drop,61/04 -> 61/04-07,50.5,m,,
Homepass (Titik Rumah),61/04-08,1,pcs,-7.2386612999999995,112.74255705000002
Kabel Drop,61/04 -> 61/04-08,28.49,m,,
ODC,ODC 62,1,pcs,-7.239075964121012,112.74171492908593
Join Closure,JOIN CLOSURE ODC 62,1,pcs,-7.239075964121012,112.74171492908593
ODP,62/01,1,pcs,-7.2390798903283,112.7417143218763
Kabel Distribusi,ODC 62 -> 62/01,0.53,m,,
Homepass (Titik Rumah),62/01-01,1,pcs,-7.23905695,112.74140895
Kabel Drop,62/01 -> 62/01-01,40.54,m,,
Homepass (Titik Rumah),62/01-02,1,pcs,-7.239147449999999,112.74146929999999
Kabel Drop,62/01 -> 62/01-02,33.66,m,,
Homepass (Titik Rumah),62/01-03,1,pcs,-7.2392013309306344,112.74145959321326
Kabel Drop,62/01 -> 62/01-03,37.41,m,,
Homepass (Titik Rumah),62/01-04,1,pcs,-7.23890165,112.7414998
Kabel Drop,62/01 -> 62/01-04,37.04,m,,
Homepass (Titik Rumah),62/01-05,1,pcs,-7.238858722312445,112.74131909604671
Kabel Drop,62/01 -> 62/01-05,60.07,m,,
Homepass (Titik Rumah),62/01-06,1,pcs,-7.238845081541166,112.74124432797204
Kabel Drop,62/01 -> 62/01-06,69.66,m,,
Homepass (Titik Rumah),62/01-07,1,pcs,-7.239349328358845,112.74144417227481
Kabel Drop,62/01 -> 62/01-07,50.71,m,,
Homepass (Titik Rumah),62/01-08,1,pcs,-7.2388604,112.74116520000001
Kabel Drop,62/01 -> 62/01-08,78.37,m,,
ODP,62/02,1,pcs,-7.239176760793218,112.74170719016388
Kabel Distribusi,ODC 62 -> 62/02,13.49,m,,
Homepass (Titik Rumah),62/02-01,1,pcs,-7.239184521018532,112.74177994766471
Kabel Drop,62/02 -> 62/02-01,9.69,m,,
Homepass (Titik Rumah),62/02-02,1,pcs,-7.2390942,112.74191915
Kabel Drop,62/02 -> 62/02-02,30.14,m,,
Homepass (Titik Rumah),62/02-03,1,pcs,-7.239237422105123,112.74197464258393
Kabel Drop,62/02 -> 62/02-03,36.32,m,,
Homepass (Titik Rumah),62/02-04,1,pcs,-7.239471448541302,112.74189677169522
Kabel Drop,62/02 -> 62/02-04,46.65,m,,
Homepass (Titik Rumah),62/02-05,1,pcs,-7.23903435,112.74205124999999
Kabel Drop,62/02 -> 62/02-05,49.35,m,,
Homepass (Titik Rumah),62/02-06,1,pcs,-7.2392631000000005,112.74211930000001
Kabel Drop,62/02 -> 62/02-06,55.75,m,,
Homepass (Titik Rumah),62/02-07,1,pcs,-7.239487128966645,112.7419680066513
Kabel Drop,62/02 -> 62/02-07,53.92,m,,
Homepass (Titik Rumah),62/02-08,1,pcs,-7.238922098255646,112.74208307837652
Kabel Drop,62/02 -> 62/02-08,60.25,m,,
ODP,62/03,1,pcs,-7.238750760728919,112.74233671352881
Kabel Distribusi,ODC 62 -> 62/03,93.04,m,,
Homepass (Titik Rumah),62/03-01,1,pcs,-7.238616882943221,112.74245057680939
Kabel Drop,62/03 -> 62/03-01,23.37,m,,
Homepass (Titik Rumah),62/03-02,1,pcs,-7.238469849999996,112.74256925
Kabel Drop,62/03 -> 62/03-02,48.5,m,,
Homepass (Titik Rumah),62/03-03,1,pcs,-7.238426055617269,112.74232850951209
Kabel Drop,62/03 -> 62/03-03,43.34,m,,
Homepass (Titik Rumah),62/03-04,1,pcs,-7.238463100000001,112.74218694999998
Kabel Drop,62/03 -> 62/03-04,43.2,m,,
Homepass (Titik Rumah),62/03-05,1,pcs,-7.2385853000000004,112.74209295000001
Kabel Drop,62/03 -> 62/03-05,39.1,m,,
Homepass (Titik Rumah),62/03-06,1,pcs,-7.238518306533285,112.74279668773141
Kabel Drop,62/03 -> 62/03-06,68.33,m,,
Homepass (Titik Rumah),62/03-07,1,pcs,-7.238815974100449,112.74214827907528
Kabel Drop,62/03 -> 62/03-07,26.42,m,,
Homepass (Titik Rumah),62/03-08,1,pcs,-7.238953628589347,112.74228500196443
Kabel Drop,62/03 -> 62/03-08,27.92,m,,
ODP,62/04,1,pcs,-7.2392556315725995,112.74083759420691
Kabel Distribusi,ODC 62 -> 62/04,118.58,m,,
Homepass (Titik Rumah),62/04-01,1,pcs,-7.2392388,112.73998085
Kabel Drop,62/04 -> 62/04-01,113.43,m,,
Homepass (Titik Rumah),62/04-02,1,pcs,-7.239250200000002,112.74066429999999
Kabel Drop,62/04 -> 62/04-02,22.95,m,,
Homepass (Titik Rumah),62/04-03,1,pcs,-7.239076950000001,112.74069615000002
Kabel Drop,62/04 -> 62/04-03,30.32,m,,
Homepass (Titik Rumah),62/04-04,1,pcs,-7.23901209709923,112.74073472815817
Kabel Drop,62/04 -> 62/04-04,35.23,m,,
Homepass (Titik Rumah),62/04-05,1,pcs,-7.238942899999999,112.74074305
Kabel Drop,62/04 -> 62/04-05,43.57,m,,
Homepass (Titik Rumah),62/04-06,1,pcs,-7.239606774262115,112.74126660347122
Kabel Drop,62/04 -> 62/04-06,73.62,m,,
Homepass (Titik Rumah),62/04-07,1,pcs,-7.239532278534077,112.741456223793
Kabel Drop,62/04 -> 62/04-07,89.82,m,,
Homepass (Titik Rumah),62/04-08,1,pcs,-7.239474200000001,112.7417314
Kabel Drop,62/04 -> 62/04-08,121.85,m,,
ODC,ODC 63,1,pcs,-7.240857702823013,112.74231871238855
Join Closure,JOIN CLOSURE ODC 63,1,pcs,-7.240857702823013,112.74231871238855
ODP,63/01,1,pcs,-7.2408078,112.7426058
Kabel Distribusi,ODC 63 -> 63/01,38.58,m,,
Homepass (Titik Rumah),63/01-01,1,pcs,-7.240962861415516,112.74259547533424
Kabel Drop,63/01 -> 63/01-01,20.74,m,,
Homepass (Titik Rumah),63/01-02,1,pcs,-7.241009121633957,112.74243917140105
Kabel Drop,63/01 -> 63/01-02,34.76,m,,
Homepass (Titik Rumah),63/01-03,1,pcs,-7.24069772865303,112.74261042050014
Kabel Drop,63/01 -> 63/01-03,14.7,m,,
Homepass (Titik Rumah),63/01-04,1,pcs,-7.240716600000001,112.74278725
Kabel Drop,63/01 -> 63/01-04,26.93,m,,
Homepass (Titik Rumah),63/01-05,1,pcs,-7.240667422113616,112.74246123493877
Kabel Drop,63/01 -> 63/01-05,26.78,m,,
Homepass (Titik Rumah),63/01-06,1,pcs,-7.240909868401468,112.74226980898038
Kabel Drop,63/01 -> 63/01-06,46.51,m,,
Homepass (Titik Rumah),63/01-07,1,pcs,-7.24104101311949,112.74225436637384
Kabel Drop,63/01 -> 63/01-07,55.97,m,,
Homepass (Titik Rumah),63/01-08,1,pcs,-7.240731224712511,112.74286375438619
Kabel Drop,63/01 -> 63/01-08,35.64,m,,
ODP,63/02,1,pcs,-7.241248472371155,112.7427654213559
Kabel Distribusi,ODC 63 -> 63/02,78.84,m,,
Homepass (Titik Rumah),63/02-01,1,pcs,-7.2415690178884615,112.74296353179432
Kabel Drop,63/02 -> 63/02-01,50.17,m,,
Homepass (Titik Rumah),63/02-02,1,pcs,-7.241081649999999,112.7427208
Kabel Drop,63/02 -> 63/02-02,23.03,m,,
Homepass (Titik Rumah),63/02-03,1,pcs,-7.241103550000001,112.74267935000002
Kabel Drop,63/02 -> 63/02-03,22.44,m,,
Homepass (Titik Rumah),63/02-04,1,pcs,-7.241783616131231,112.74243372828833
Kabel Drop,63/02 -> 63/02-04,83.82,m,,
Homepass (Titik Rumah),63/02-05,1,pcs,-7.241099834152944,112.74262500070219
Kabel Drop,63/02 -> 63/02-05,27.18,m,,
Homepass (Titik Rumah),63/02-06,1,pcs,-7.2410208090654775,112.74277438094678
Kabel Drop,63/02 -> 63/02-06,30.4,m,,
Homepass (Titik Rumah),63/02-07,1,pcs,-7.240943350000001,112.7429123
Kabel Drop,63/02 -> 63/02-07,45.12,m,,
Homepass (Titik Rumah),63/02-08,1,pcs,-7.240901695414035,112.74274427709669
Kabel Drop,63/02 -> 63/02-08,46.36,m,,
ODP,63/03,1,pcs,-7.240709,112.7421042
Kabel Distribusi,ODC 63 -> 63/03,34.64,m,,
Homepass (Titik Rumah),63/03-01,1,pcs,-7.240677878855032,112.74235325199776
Kabel Drop,63/03 -> 63/03-01,33.23,m,,
Homepass (Titik Rumah),63/03-02,1,pcs,-7.24082935,112.74204895
Kabel Drop,63/03 -> 63/03-02,17.65,m,,
Homepass (Titik Rumah),63/03-03,1,pcs,-7.24048915,112.74206145
Kabel Drop,63/03 -> 63/03-03,29.88,m,,
Homepass (Titik Rumah),63/03-04,1,pcs,-7.240586916137841,112.74200101757474
Kabel Drop,63/03 -> 63/03-04,21.26,m,,
Homepass (Titik Rumah),63/03-05,1,pcs,-7.240930222434247,112.74206648997632
Kabel Drop,63/03 -> 63/03-05,29.94,m,,
Homepass (Titik Rumah),63/03-06,1,pcs,-7.240425644624084,112.7426959755598
Kabel Drop,63/03 -> 63/03-06,86.98,m,,
Homepass (Titik Rumah),63/03-07,1,pcs,-7.2402661481333075,112.74213312902529
Kabel Drop,63/03 -> 63/03-07,59.22,m,,
Homepass (Titik Rumah),63/03-08,1,pcs,-7.241088,112.74211525000001
Kabel Drop,63/03 -> 63/03-08,50.59,m,,
ODP,63/04,1,pcs,-7.240665255959717,112.74180741484132
Kabel Distribusi,ODC 63 -> 63/04,72.39,m,,
Homepass (Titik Rumah),63/04-01,1,pcs,-7.24046920556545,112.74184107324835
Kabel Drop,63/04 -> 63/04-01,26.54,m,,
Homepass (Titik Rumah),63/04-02,1,pcs,-7.2405598,112.74179290000001
Kabel Drop,63/04 -> 63/04-02,14.2,m,,
Homepass (Titik Rumah),63/04-03,1,pcs,-7.240344180989886,112.7419289389544
Kabel Drop,63/04 -> 63/04-03,45.76,m,,
Homepass (Titik Rumah),63/04-04,1,pcs,-7.240527567904372,112.74164671344903
Kabel Drop,63/04 -> 63/04-04,28.11,m,,
Homepass (Titik Rumah),63/04-05,1,pcs,-7.2402079760302085,112.74187790088631
Kabel Drop,63/04 -> 63/04-05,61.73,m,,
Homepass (Titik Rumah),63/04-06,1,pcs,-7.240801477798072,112.74181586892026
Kabel Drop,63/04 -> 63/04-06,18.21,m,,
Homepass (Titik Rumah),63/04-07,1,pcs,-7.240093480856077,112.74194649327296
Kabel Drop,63/04 -> 63/04-07,78.48,m,,
Homepass (Titik Rumah),63/04-08,1,pcs,-7.240901828245072,112.74181821657837
Kabel Drop,63/04 -> 63/04-08,31.6,m,,
ODC,ODC 64,1,pcs,-7.239842474744472,112.74266474076862
Join Closure,JOIN CLOSURE ODC 64,1,pcs,-7.239842474744472,112.74266474076862
ODP,64/01,1,pcs,-7.239845566483277,112.7428463325582
Kabel Distribusi,ODC 64 -> 64/01,24.04,m,,
Homepass (Titik Rumah),64/01-01,1,pcs,-7.239698227667344,112.74277405578054
Kabel Drop,64/01 -> 64/01-01,21.86,m,,
Homepass (Titik Rumah),64/01-02,1,pcs,-7.239708264522511,112.74282628222126
Kabel Drop,64/01 -> 64/01-02,18.51,m,,
Homepass (Titik Rumah),64/01-03,1,pcs,-7.23961915,112.74280905000003
Kabel Drop,64/01 -> 64/01-03,30.61,m,,
Homepass (Titik Rumah),64/01-04,1,pcs,-7.23971515,112.74287245000001
Kabel Drop,64/01 -> 64/01-04,17.74,m,,
Homepass (Titik Rumah),64/01-05,1,pcs,-7.2397915604031695,112.74282217293018
Kabel Drop,64/01 -> 64/01-05,7.88,m,,
Homepass (Titik Rumah),64/01-06,1,pcs,-7.239632199999999,112.74286195
Kabel Drop,64/01 -> 64/01-06,28.55,m,,
Homepass (Titik Rumah),64/01-07,1,pcs,-7.239742376921101,112.74291170811472
Kabel Drop,64/01 -> 64/01-07,16.26,m,,
Homepass (Titik Rumah),64/01-08,1,pcs,-7.239617799999999,112.7429141
Kabel Drop,64/01 -> 64/01-08,31.69,m,,
ODP,64/02,1,pcs,-7.239837876806619,112.74239468310343
Kabel Distribusi,ODC 64 -> 64/02,35.75,m,,
Homepass (Titik Rumah),64/02-01,1,pcs,-7.239826202107083,112.74191597115042
Kabel Drop,64/02 -> 64/02-01,63.39,m,,
Homepass (Titik Rumah),64/02-02,1,pcs,-7.239967800728898,112.74196576878302
Kabel Drop,64/02 -> 64/02-02,59.36,m,,
Homepass (Titik Rumah),64/02-03,1,pcs,-7.239823380096606,112.74234931466275
Kabel Drop,64/02 -> 64/02-03,6.31,m,,
Homepass (Titik Rumah),64/02-04,1,pcs,-7.239787723946044,112.74262730912906
Kabel Drop,64/02 -> 64/02-04,31.51,m,,
Homepass (Titik Rumah),64/02-05,1,pcs,-7.239331027806707,112.74248800420567
Kabel Drop,64/02 -> 64/02-05,68.75,m,,
Homepass (Titik Rumah),64/02-06,1,pcs,-7.239187350000001,112.74237244999999
Kabel Drop,64/02 -> 64/02-06,86.85,m,,
Homepass (Titik Rumah),64/02-07,1,pcs,-7.239690337708839,112.7427243288211
Kabel Drop,64/02 -> 64/02-07,47.87,m,,
Homepass (Titik Rumah),64/02-08,1,pcs,-7.2396088645784715,112.74273952178059
Kabel Drop,64/02 -> 64/02-08,54.93,m,,
ODP,64/03,1,pcs,-7.239832486510408,112.7420780866517
Kabel Distribusi,ODC 64 -> 64/03,77.67,m,,
Homepass (Titik Rumah),64/03-01,1,pcs,-7.23950668795949,112.74203771735246
Kabel Drop,64/03 -> 64/03-01,43.8,m,,
Homepass (Titik Rumah),64/03-02,1,pcs,-7.23952837746701,112.74216111125646
Kabel Drop,64/03 -> 64/03-02,42.04,m,,
Homepass (Titik Rumah),64/03-03,1,pcs,-7.239453380482533,112.74216113885714
Kabel Drop,64/03 -> 64/03-03,51.77,m,,
Homepass (Titik Rumah),64/03-04,1,pcs,-7.23968535,112.7419845
Kabel Drop,64/03 -> 64/03-04,23.21,m,,
Homepass (Titik Rumah),64/03-05,1,pcs,-7.23958585,112.7418157
Kabel Drop,64/03 -> 64/03-05,47.85,m,,
Homepass (Titik Rumah),64/03-06,1,pcs,-7.239668499999998,112.74177604999998
Kabel Drop,64/03 -> 64/03-06,45.58,m,,
Homepass (Titik Rumah),64/03-07,1,pcs,-7.2395773000000005,112.74235749999998
Kabel Drop,64/03 -> 64/03-07,50.27,m,,
Homepass (Titik Rumah),64/03-08,1,pcs,-7.2394844790226545,112.74236792109436
Kabel Drop,64/03 -> 64/03-08,60.23,m,,
ODP,64/04,1,pcs,-7.240556361855721,112.74332790198974
Kabel Distribusi,ODC 64 -> 64/04,129.54,m,,
Homepass (Titik Rumah),64/04-01,1,pcs,-7.240432390542621,112.74342402453732
Kabel Drop,64/04 -> 64/04-01,20.87,m,,
Homepass (Titik Rumah),64/04-02,1,pcs,-7.240508272253864,112.743458272064
Kabel Drop,64/04 -> 64/04-02,18.41,m,,
Homepass (Titik Rumah),64/04-03,1,pcs,-7.240549229667378,112.74343470605535
Kabel Drop,64/04 -> 64/04-03,14.17,m,,
Homepass (Titik Rumah),64/04-04,1,pcs,-7.240598899999999,112.74341584999999
Kabel Drop,64/04 -> 64/04-04,12.95,m,,
Homepass (Titik Rumah),64/04-05,1,pcs,-7.240636650000001,112.74342285
Kabel Drop,64/04 -> 64/04-05,16.51,m,,
Homepass (Titik Rumah),64/04-06,1,pcs,-7.2406724996368945,112.74345958392487
Kabel Drop,64/04 -> 64/04-06,23.32,m,,
Homepass (Titik Rumah),64/04-07,1,pcs,-7.240454046777561,112.7436790822558
Kabel Drop,64/04 -> 64/04-07,48.45,m,,
Homepass (Titik Rumah),64/04-08,1,pcs,-7.240457299999998,112.74373870000001
Kabel Drop,64/04 -> 64/04-08,55.96,m,,
ODC,ODC 65,1,pcs,-7.239399247083265,112.74324050908129
Join Closure,JOIN CLOSURE ODC 65,1,pcs,-7.239399247083265,112.74324050908129
ODP,65/01,1,pcs,-7.239392636432084,112.74324006362183
Kabel Distribusi,ODC 65 -> 65/01,0.88,m,,
Homepass (Titik Rumah),65/01-01,1,pcs,-7.239469082942926,112.74332623371242
Kabel Drop,65/01 -> 65/01-01,15.3,m,,
Homepass (Titik Rumah),65/01-02,1,pcs,-7.2393959500000005,112.7433305
Kabel Drop,65/01 -> 65/01-02,11.98,m,,
Homepass (Titik Rumah),65/01-03,1,pcs,-7.239403663370082,112.7434353195453
Kabel Drop,65/01 -> 65/01-03,25.89,m,,
Homepass (Titik Rumah),65/01-04,1,pcs,-7.239305132895659,112.7433263486363
Kabel Drop,65/01 -> 65/01-04,16.33,m,,
Homepass (Titik Rumah),65/01-05,1,pcs,-7.239406310091597,112.74348212403748
Kabel Drop,65/01 -> 65/01-05,32.09,m,,
Homepass (Titik Rumah),65/01-06,1,pcs,-7.239414999999997,112.7435337
Kabel Drop,65/01 -> 65/01-06,38.98,m,,
Homepass (Titik Rumah),65/01-07,1,pcs,-7.239227528455529,112.7434103762182
Kabel Drop,65/01 -> 65/01-07,31.52,m,,
Homepass (Titik Rumah),65/01-08,1,pcs,-7.239417050000001,112.74358030000002
Kabel Drop,65/01 -> 65/01-08,45.15,m,,
ODP,65/02,1,pcs,-7.23930465276261,112.74323381079542
Kabel Distribusi,ODC 65 -> 65/02,12.65,m,,
Homepass (Titik Rumah),65/02-01,1,pcs,-7.239366350000001,112.74288365000001
Kabel Drop,65/02 -> 65/02-01,47.08,m,,
Homepass (Titik Rumah),65/02-02,1,pcs,-7.239518349999997,112.74282020000001
Kabel Drop,65/02 -> 65/02-02,61.73,m,,
Homepass (Titik Rumah),65/02-03,1,pcs,-7.2394864,112.74276079999999
Kabel Drop,65/02 -> 65/02-03,67.15,m,,
Homepass (Titik Rumah),65/02-04,1,pcs,-7.239284349999999,112.74306315
Kabel Drop,65/02 -> 65/02-04,22.75,m,,
Homepass (Titik Rumah),65/02-05,1,pcs,-7.2395317499999985,112.74275700000001
Kabel Drop,65/02 -> 65/02-05,70.01,m,,
Homepass (Titik Rumah),65/02-06,1,pcs,-7.2391161623258515,112.74294517240071
Kabel Drop,65/02 -> 65/02-06,45.74,m,,
Homepass (Titik Rumah),65/02-07,1,pcs,-7.239231189939715,112.7426363839651
Kabel Drop,65/02 -> 65/02-07,79.69,m,,
Homepass (Titik Rumah),65/02-08,1,pcs,-7.239127724855039,112.74311726352394
Kabel Drop,65/02 -> 65/02-08,28.2,m,,
ODP,65/03,1,pcs,-7.239059540373637,112.74340166771742
Kabel Distribusi,ODC 65 -> 65/03,50.1,m,,
Homepass (Titik Rumah),65/03-01,1,pcs,-7.238356700000001,112.74399065
Kabel Drop,65/03 -> 65/03-01,121.96,m,,
Homepass (Titik Rumah),65/03-02,1,pcs,-7.238866718698894,112.74347924780425
Kabel Drop,65/03 -> 65/03-02,27.7,m,,
Homepass (Titik Rumah),65/03-03,1,pcs,-7.239128490322868,112.74365777861304
Kabel Drop,65/03 -> 65/03-03,35.13,m,,
Homepass (Titik Rumah),65/03-04,1,pcs,-7.23885140179041,112.74328621916462
Kabel Drop,65/03 -> 65/03-04,31.7,m,,
Homepass (Titik Rumah),65/03-05,1,pcs,-7.239130550000002,112.74354375000001
Kabel Drop,65/03 -> 65/03-05,21.06,m,,
Homepass (Titik Rumah),65/03-06,1,pcs,-7.23870695,112.74313319999999
Kabel Drop,65/03 -> 65/03-06,58.96,m,,
Homepass (Titik Rumah),65/03-07,1,pcs,-7.239029989631264,112.74327562378753
Kabel Drop,65/03 -> 65/03-07,17.14,m,,
Homepass (Titik Rumah),65/03-08,1,pcs,-7.23985037516895,112.74348696032882
Kabel Drop,65/03 -> 65/03-08,106.13,m,,
ODP,65/04,1,pcs,-7.2398477399332055,112.74297398909289
Kabel Distribusi,ODC 65 -> 65/04,69.47,m,,
Homepass (Titik Rumah),65/04-01,1,pcs,-7.239808059670427,112.74290257407444
Kabel Drop,65/04 -> 65/04-01,10.83,m,,
Homepass (Titik Rumah),65/04-02,1,pcs,-7.239865300000001,112.74289554999997
Kabel Drop,65/04 -> 65/04-02,10.64,m,,
Homepass (Titik Rumah),65/04-03,1,pcs,-7.239846172974756,112.74298534312727
Kabel Drop,65/04 -> 65/04-03,1.52,m,,
Homepass (Titik Rumah),65/04-04,1,pcs,-7.2398677000000005,112.74281819999999
Kabel Drop,65/04 -> 65/04-04,20.79,m,,
Homepass (Titik Rumah),65/04-05,1,pcs,-7.239709400000001,112.74311344999998
Kabel Drop,65/04 -> 65/04-05,26.11,m,,
Homepass (Titik Rumah),65/04-06,1,pcs,-7.23982925,112.74316030000001
Kabel Drop,65/04 -> 65/04-06,24.79,m,,
Homepass (Titik Rumah),65/04-07,1,pcs,-7.239613397815057,112.74308207455545
Kabel Drop,65/04 -> 65/04-07,34.39,m,,
Homepass (Titik Rumah),65/04-08,1,pcs,-7.240083498438838,112.74283713047568
Kabel Drop,65/04 -> 65/04-08,36.3,m,,
ODC,ODC 66,1,pcs,-7.239854480281676,112.74336988021382
Join Closure,JOIN CLOSURE ODC 66,1,pcs,-7.239854480281676,112.74336988021382
ODP,66/01,1,pcs,-7.239857671769522,112.74355733071528
Kabel Distribusi,ODC 66 -> 66/01,24.82,m,,
Homepass (Titik Rumah),66/01-01,1,pcs,-7.239720100000001,112.74362330000001
Kabel Drop,66/01 -> 66/01-01,20.33,m,,
Homepass (Titik Rumah),66/01-02,1,pcs,-7.239704566243205,112.74357378309438
Kabel Drop,66/01 -> 66/01-02,20.55,m,,
Homepass (Titik Rumah),66/01-03,1,pcs,-7.23963142490289,112.74355259310235
Kabel Drop,66/01 -> 66/01-03,30.2,m,,
Homepass (Titik Rumah),66/01-04,1,pcs,-7.239838935531795,112.74359013618282
Kabel Drop,66/01 -> 66/01-04,5.01,m,,
Homepass (Titik Rumah),66/01-05,1,pcs,-7.239791499999999,112.74352095
Kabel Drop,66/01 -> 66/01-05,10.06,m,,
Homepass (Titik Rumah),66/01-06,1,pcs,-7.2396311875802555,112.74351328045063
Kabel Drop,66/01 -> 66/01-06,30.78,m,,
Homepass (Titik Rumah),66/01-07,1,pcs,-7.239691699999999,112.7434768
Kabel Drop,66/01 -> 66/01-07,24.58,m,,
Homepass (Titik Rumah),66/01-08,1,pcs,-7.239542350000001,112.74363009999999
Kabel Drop,66/01 -> 66/01-08,43.16,m,,
ODP,66/02,1,pcs,-7.2401575,112.7434292
Kabel Distribusi,ODC 66 -> 66/02,41.19,m,,
Homepass (Titik Rumah),66/02-01,1,pcs,-7.2398426,112.7433871
Kabel Drop,66/02 -> 66/02-01,42.39,m,,
Homepass (Titik Rumah),66/02-02,1,pcs,-7.2399802000000015,112.74344510000002
Kabel Drop,66/02 -> 66/02-02,23.75,m,,
Homepass (Titik Rumah),66/02-03,1,pcs,-7.240030082862335,112.74347983617619
Kabel Drop,66/02 -> 66/02-03,18.28,m,,
Homepass (Titik Rumah),66/02-04,1,pcs,-7.24005908500024,112.74338330483907
Kabel Drop,66/02 -> 66/02-04,14.47,m,,
Homepass (Titik Rumah),66/02-05,1,pcs,-7.23997495,112.74359435000002
Kabel Drop,66/02 -> 66/02-05,32.73,m,,
Homepass (Titik Rumah),66/02-06,1,pcs,-7.2402241558433795,112.74362254980372
Kabel Drop,66/02 -> 66/02-06,27.1,m,,
Homepass (Titik Rumah),66/02-07,1,pcs,-7.240339999999999,112.74340230000001
Kabel Drop,66/02 -> 66/02-07,24.61,m,,
Homepass (Titik Rumah),66/02-08,1,pcs,-7.2403413,112.74346695
Kabel Drop,66/02 -> 66/02-08,25.03,m,,
ODP,66/03,1,pcs,-7.239583170347212,112.74325290277082
Kabel Distribusi,ODC 66 -> 66/03,39.37,m,,
Homepass (Titik Rumah),66/03-01,1,pcs,-7.239618100000001,112.74346955000001
Kabel Drop,66/03 -> 66/03-01,29.05,m,,
Homepass (Titik Rumah),66/03-02,1,pcs,-7.239541300000001,112.74342605
Kabel Drop,66/03 -> 66/03-02,23.59,m,,
Homepass (Titik Rumah),66/03-03,1,pcs,-7.2395954751360785,112.74338365894415
Kabel Drop,66/03 -> 66/03-03,17.39,m,,
Homepass (Titik Rumah),66/03-04,1,pcs,-7.2395399499999975,112.74351605
Kabel Drop,66/03 -> 66/03-04,35.31,m,,
Homepass (Titik Rumah),66/03-05,1,pcs,-7.2395986500000005,112.74333505
Kabel Drop,66/03 -> 66/03-05,11.07,m,,
Homepass (Titik Rumah),66/03-06,1,pcs,-7.239675350000001,112.7433419
Kabel Drop,66/03 -> 66/03-06,17.03,m,,
Homepass (Titik Rumah),66/03-07,1,pcs,-7.239547280014623,112.74334353826443
Kabel Drop,66/03 -> 66/03-07,12.92,m,,
Homepass (Titik Rumah),66/03-08,1,pcs,-7.239469600000001,112.74338954999997
Kabel Drop,66/03 -> 66/03-08,23.6,m,,
ODP,66/04,1,pcs,-7.2394790325352965,112.74324588543283
Kabel Distribusi,ODC 66 -> 66/04,52.72,m,,
Homepass (Titik Rumah),66/04-01,1,pcs,-7.239548991934842,112.74302187473182
Kabel Drop,66/04 -> 66/04-01,31.09,m,,
Homepass (Titik Rumah),66/04-02,1,pcs,-7.239556124923679,112.74311012502969
Kabel Drop,66/04 -> 66/04-02,20.71,m,,
Homepass (Titik Rumah),66/04-03,1,pcs,-7.239515353229541,112.74310702453258
Kabel Drop,66/04 -> 66/04-03,19.01,m,,
Homepass (Titik Rumah),66/04-04,1,pcs,-7.2395026,112.74294135
Kabel Drop,66/04 -> 66/04-04,40.43,m,,
Homepass (Titik Rumah),66/04-05,1,pcs,-7.239474350000001,112.7431037
Kabel Drop,66/04 -> 66/04-05,18.83,m,,
Homepass (Titik Rumah),66/04-06,1,pcs,-7.239454075336435,112.74294246118598
Kabel Drop,66/04 -> 66/04-06,40.3,m,,
Homepass (Titik Rumah),66/04-07,1,pcs,-7.2394959000000005,112.74289435
Kabel Drop,66/04 -> 66/04-07,46.59,m,,
Homepass (Titik Rumah),66/04-08,1,pcs,-7.239400099999999,112.74313609999999
Kabel Drop,66/04 -> 66/04-08,17.95,m,,
ODC,ODC 67,1,pcs,-7.239801822228493,112.74376889047988
Join Closure,JOIN CLOSURE ODC 67,1,pcs,-7.239801822228493,112.74376889047988
ODP,67/01,1,pcs,-7.239534270654737,112.7438256248563
Kabel Distribusi,ODC 67 -> 67/01,36.48,m,,
Homepass (Titik Rumah),67/01-01,1,pcs,-7.23934200861154,112.74377747271245
Kabel Drop,67/01 -> 67/01-01,26.43,m,,
Homepass (Titik Rumah),67/01-02,1,pcs,-7.239269500000001,112.74378445
Kabel Drop,67/01 -> 67/01-02,35.75,m,,
Homepass (Titik Rumah),67/01-03,1,pcs,-7.239417716820587,112.74381368342866
Kabel Drop,67/01 -> 67/01-03,15.63,m,,
Homepass (Titik Rumah),67/01-04,1,pcs,-7.2394245833419815,112.7437603777124
Kabel Drop,67/01 -> 67/01-04,16.99,m,,
Homepass (Titik Rumah),67/01-05,1,pcs,-7.2393419,112.74386295
Kabel Drop,67/01 -> 67/01-05,26.14,m,,
Homepass (Titik Rumah),67/01-06,1,pcs,-7.239257100000001,112.74384385
Kabel Drop,67/01 -> 67/01-06,37.06,m,,
Homepass (Titik Rumah),67/01-07,1,pcs,-7.23943125,112.74386634999999
Kabel Drop,67/01 -> 67/01-07,14.77,m,,
Homepass (Titik Rumah),67/01-08,1,pcs,-7.239371618990947,112.74392186118165
Kabel Drop,67/01 -> 67/01-08,25.17,m,,
ODP,67/02,1,pcs,-7.2395339,112.7438054
Kabel Distribusi,ODC 67 -> 67/02,36.08,m,,
Homepass (Titik Rumah),67/02-01,1,pcs,-7.239358349999999,112.74358470000001
Kabel Drop,67/02 -> 67/02-01,37.45,m,,
Homepass (Titik Rumah),67/02-02,1,pcs,-7.239363726219822,112.74362095404244
Kabel Drop,67/02 -> 67/02-02,33.34,m,,
Homepass (Titik Rumah),67/02-03,1,pcs,-7.2392574000000005,112.7436399
Kabel Drop,67/02 -> 67/02-03,42.91,m,,
Homepass (Titik Rumah),67/02-04,1,pcs,-7.239479478141066,112.74365175680322
Kabel Drop,67/02 -> 67/02-04,21.6,m,,
Homepass (Titik Rumah),67/02-05,1,pcs,-7.2394039,112.74371610000001
Kabel Drop,67/02 -> 67/02-05,20.99,m,,
Homepass (Titik Rumah),67/02-06,1,pcs,-7.239261317972078,112.74368672226358
Kabel Drop,67/02 -> 67/02-06,39.62,m,,
Homepass (Titik Rumah),67/02-07,1,pcs,-7.239473600000001,112.7437001
Kabel Drop,67/02 -> 67/02-07,16.09,m,,
Homepass (Titik Rumah),67/02-08,1,pcs,-7.2392829999999995,112.74373064999997
Kabel Drop,67/02 -> 67/02-08,34.91,m,,
ODP,67/03,1,pcs,-7.23974,112.7438066
Kabel Distribusi,ODC 67 -> 67/03,9.64,m,,
Homepass (Titik Rumah),67/03-01,1,pcs,-7.2396790000000015,112.74380320000002
Kabel Drop,67/03 -> 67/03-01,8.15,m,,
Homepass (Titik Rumah),67/03-02,1,pcs,-7.23967415,112.7437548
Kabel Drop,67/03 -> 67/03-02,11.15,m,,
Homepass (Titik Rumah),67/03-03,1,pcs,-7.239569191161637,112.74381952578328
Kabel Drop,67/03 -> 67/03-03,22.86,m,,
Homepass (Titik Rumah),67/03-04,1,pcs,-7.239578237948264,112.74375542601044
Kabel Drop,67/03 -> 67/03-04,22.62,m,,
Homepass (Titik Rumah),67/03-05,1,pcs,-7.239666172572322,112.74369169387677
Kabel Drop,67/03 -> 67/03-05,18.12,m,,
Homepass (Titik Rumah),67/03-06,1,pcs,-7.239793349999999,112.74380040000001
Kabel Drop,67/03 -> 67/03-06,7.17,m,,
Homepass (Titik Rumah),67/03-07,1,pcs,-7.239772521785566,112.74368764737451
Kabel Drop,67/03 -> 67/03-07,16.33,m,,
Homepass (Titik Rumah),67/03-08,1,pcs,-7.239562673249799,112.74370084707188
Kabel Drop,67/03 -> 67/03-08,27.49,m,,
ODP,67/04,1,pcs,-7.239751514378094,112.7439074759646
Kabel Distribusi,ODC 67 -> 67/04,19.53,m,,
Homepass (Titik Rumah),67/04-01,1,pcs,-7.23970285,112.74397354999999
Kabel Drop,67/04 -> 67/04-01,10.89,m,,
Homepass (Titik Rumah),67/04-02,1,pcs,-7.239717983957488,112.74391788261713
Kabel Drop,67/04 -> 67/04-02,4.68,m,,
Homepass (Titik Rumah),67/04-03,1,pcs,-7.239666090944574,112.74392072591291
Kabel Drop,67/04 -> 67/04-03,11.53,m,,
Homepass (Titik Rumah),67/04-04,1,pcs,-7.23971075,112.74385805
Kabel Drop,67/04 -> 67/04-04,8.51,m,,
Homepass (Titik Rumah),67/04-05,1,pcs,-7.2396598578575055,112.74386222365264
Kabel Drop,67/04 -> 67/04-05,13.62,m,,
Homepass (Titik Rumah),67/04-06,1,pcs,-7.239593749999998,112.7439072
Kabel Drop,67/04 -> 67/04-06,21.05,m,,
Homepass (Titik Rumah),67/04-07,1,pcs,-7.239807236921951,112.74389772798034
Kabel Drop,67/04 -> 67/04-07,7.55,m,,
Homepass (Titik Rumah),67/04-08,1,pcs,-7.2398320499999995,112.74395915
Kabel Drop,67/04 -> 67/04-08,12.74,m,,
ODC,ODC 68,1,pcs,-7.239537743512072,112.74401512207173
Join Closure,JOIN CLOSURE ODC 68,1,pcs,-7.239537743512072,112.74401512207173
ODP,68/01,1,pcs,-7.239539253257221,112.74409703158068
Kabel Distribusi,ODC 68 -> 68/01,10.84,m,,
Homepass (Titik Rumah),68/01-01,1,pcs,-7.239336809075795,112.7440960109494
Kabel Drop,68/01 -> 68/01-01,27.01,m,,
Homepass (Titik Rumah),68/01-02,1,pcs,-7.239333698905132,112.74413837194969
Kabel Drop,68/01 -> 68/01-02,27.97,m,,
Homepass (Titik Rumah),68/01-03,1,pcs,-7.239420258826911,112.7440658754392
Kabel Drop,68/01 -> 68/01-03,16.4,m,,
Homepass (Titik Rumah),68/01-04,1,pcs,-7.2394239,112.74411465
Kabel Drop,68/01 -> 68/01-04,15.57,m,,
Homepass (Titik Rumah),68/01-05,1,pcs,-7.23921205879968,112.74410809923249
Kabel Drop,68/01 -> 68/01-05,43.68,m,,
Homepass (Titik Rumah),68/01-06,1,pcs,-7.239466900000001,112.7441145
Kabel Drop,68/01 -> 68/01-06,9.93,m,,
Homepass (Titik Rumah),68/01-07,1,pcs,-7.239276670816986,112.74422196230897
Kabel Drop,68/01 -> 68/01-07,38.74,m,,
Homepass (Titik Rumah),68/01-08,1,pcs,-7.239467299999999,112.74394230000001
Kabel Drop,68/01 -> 68/01-08,22.62,m,,
ODP,68/02,1,pcs,-7.239619812592084,112.74405356062533
Kabel Distribusi,ODC 68 -> 68/02,12.08,m,,
Homepass (Titik Rumah),68/02-01,1,pcs,-7.23960045,112.74409385
Kabel Drop,68/02 -> 68/02-01,5.93,m,,
Homepass (Titik Rumah),68/02-02,1,pcs,-7.2396628,112.74407685
Kabel Drop,68/02 -> 68/02-02,6.51,m,,
Homepass (Titik Rumah),68/02-03,1,pcs,-7.239655824687618,112.74402778955309
Kabel Drop,68/02 -> 68/02-03,5.89,m,,
Homepass (Titik Rumah),68/02-04,1,pcs,-7.239592983225727,112.74400411657173
Kabel Drop,68/02 -> 68/02-04,7.46,m,,
Homepass (Titik Rumah),68/02-05,1,pcs,-7.23950860810979,112.74411622567949
Kabel Drop,68/02 -> 68/02-05,17.0,m,,
Homepass (Titik Rumah),68/02-06,1,pcs,-7.239497441867467,112.74402497511257
Kabel Drop,68/02 -> 68/02-06,16.76,m,,
Homepass (Titik Rumah),68/02-07,1,pcs,-7.239725699999999,112.74406879999998
Kabel Drop,68/02 -> 68/02-07,14.27,m,,
Homepass (Titik Rumah),68/02-08,1,pcs,-7.239715025555601,112.74402540605499
Kabel Drop,68/02 -> 68/02-08,13.24,m,,
ODP,68/03,1,pcs,-7.239537198371739,112.74398537637096
Kabel Distribusi,ODC 68 -> 68/03,3.94,m,,
Homepass (Titik Rumah),68/03-01,1,pcs,-7.23929955,112.7439435
Kabel Drop,68/03 -> 68/03-01,32.19,m,,
Homepass (Titik Rumah),68/03-02,1,pcs,-7.239314799999999,112.74400985
Kabel Drop,68/03 -> 68/03-02,29.85,m,,
Homepass (Titik Rumah),68/03-03,1,pcs,-7.239228344671756,112.74397432611637
Kabel Drop,68/03 -> 68/03-03,41.24,m,,
Homepass (Titik Rumah),68/03-04,1,pcs,-7.2391965,112.74391469999999
Kabel Drop,68/03 -> 68/03-04,46.41,m,,
Homepass (Titik Rumah),68/03-05,1,pcs,-7.239325477956342,112.74405542637463
Kabel Drop,68/03 -> 68/03-05,29.73,m,,
Homepass (Titik Rumah),68/03-06,1,pcs,-7.239179838583713,112.74397437719777
Kabel Drop,68/03 -> 68/03-06,47.71,m,,
Homepass (Titik Rumah),68/03-07,1,pcs,-7.2391822,112.7440325
Kabel Drop,68/03 -> 68/03-07,47.78,m,,
Homepass (Titik Rumah),68/03-08,1,pcs,-7.239429512928761,112.74401757537865
Kabel Drop,68/03 -> 68/03-08,14.99,m,,
ODP,68/04,1,pcs,-7.239536055748914,112.74392302890816
Kabel Distribusi,ODC 68 -> 68/04,12.19,m,,
Homepass (Titik Rumah),68/04-01,1,pcs,-7.239493899999999,112.74385794999999
Kabel Drop,68/04 -> 68/04-01,10.29,m,,
Homepass (Titik Rumah),68/04-02,1,pcs,-7.239492712219616,112.7437988817102
Kabel Drop,68/04 -> 68/04-02,17.42,m,,
Homepass (Titik Rumah),68/04-03,1,pcs,-7.2391634499999995,112.74385585
Kabel Drop,68/04 -> 68/04-03,50.51,m,,
Homepass (Titik Rumah),68/04-04,1,pcs,-7.239164080933216,112.74380252878991
Kabel Drop,68/04 -> 68/04-04,52.13,m,,
Homepass (Titik Rumah),68/04-05,1,pcs,-7.2391566141742665,112.7437570718338
Kabel Drop,68/04 -> 68/04-05,55.19,m,,
Homepass (Titik Rumah),68/04-06,1,pcs,-7.239744325378607,112.7441070571666
Kabel Drop,68/04 -> 68/04-06,36.96,m,,
Homepass (Titik Rumah),68/04-07,1,pcs,-7.239815199999999,112.74406280000001
Kabel Drop,68/04 -> 68/04-07,41.59,m,,
Homepass (Titik Rumah),68/04-08,1,pcs,-7.239739774625013,112.74415159211466
Kabel Drop,68/04 -> 68/04-08,40.67,m,,
ODC,ODC 69,1,pcs,-7.239261493732155,112.74448292692676
Join Closure,JOIN CLOSURE ODC 69,1,pcs,-7.239261493732155,112.74448292692676
ODP,69/01,1,pcs,-7.239074154246776,112.74471993257036
Kabel Distribusi,ODC 69 -> 69/01,40.11,m,,
Homepass (Titik Rumah),69/01-01,1,pcs,-7.2395384,112.74472755
Kabel Drop,69/01 -> 69/01-01,61.95,m,,
Homepass (Titik Rumah),69/01-02,1,pcs,-7.239229616446182,112.74484532543708
Kabel Drop,69/01 -> 69/01-02,26.57,m,,
Homepass (Titik Rumah),69/01-03,1,pcs,-7.2391181082073786,112.7448359259272
Kabel Drop,69/01 -> 69/01-03,16.44,m,,
Homepass (Titik Rumah),69/01-04,1,pcs,-7.23902155,112.74484255
Kabel Drop,69/01 -> 69/01-04,17.68,m,,
Homepass (Titik Rumah),69/01-05,1,pcs,-7.238958874881155,112.74484818068075
Kabel Drop,69/01 -> 69/01-05,22.91,m,,
Homepass (Titik Rumah),69/01-06,1,pcs,-7.238873724433405,112.74483604241162
Kabel Drop,69/01 -> 69/01-06,30.85,m,,
Homepass (Titik Rumah),69/01-07,1,pcs,-7.238770883360116,112.74481991677717
Kabel Drop,69/01 -> 69/01-07,42.58,m,,
Homepass (Titik Rumah),69/01-08,1,pcs,-7.239078738952403,112.74401912594514
Kabel Drop,69/01 -> 69/01-08,92.77,m,,
ODP,69/02,1,pcs,-7.239260930422076,112.74448600452328
Kabel Distribusi,ODC 69 -> 69/02,0.41,m,,
Homepass (Titik Rumah),69/02-01,1,pcs,-7.238974150722982,112.74447318190342
Kabel Drop,69/02 -> 69/02-01,38.3,m,,
Homepass (Titik Rumah),69/02-02,1,pcs,-7.23902935,112.7445684
Kabel Drop,69/02 -> 69/02-02,32.77,m,,
Homepass (Titik Rumah),69/02-03,1,pcs,-7.239097549999999,112.74459350000001
Kabel Drop,69/02 -> 69/02-03,26.03,m,,
Homepass (Titik Rumah),69/02-04,1,pcs,-7.239170700000001,112.7444361
Kabel Drop,69/02 -> 69/02-04,13.73,m,,
Homepass (Titik Rumah),69/02-05,1,pcs,-7.239171747921002,112.74461112005332
Kabel Drop,69/02 -> 69/02-05,20.39,m,,
Homepass (Titik Rumah),69/02-06,1,pcs,-7.2390599298330836,112.74419109601644
Kabel Drop,69/02 -> 69/02-06,47.36,m,,
Homepass (Titik Rumah),69/02-07,1,pcs,-7.239195950000002,112.7442303
Kabel Drop,69/02 -> 69/02-07,34.94,m,,
Homepass (Titik Rumah),69/02-08,1,pcs,-7.239296370721869,112.74458451918932
Kabel Drop,69/02 -> 69/02-08,13.87,m,,
ODP,69/03,1,pcs,-7.239521958675684,112.74444560411816
Kabel Distribusi,ODC 69 -> 69/03,35.1,m,,
Homepass (Titik Rumah),69/03-01,1,pcs,-7.239372650000001,112.74449494999999
Kabel Drop,69/03 -> 69/03-01,20.97,m,,
Homepass (Titik Rumah),69/03-02,1,pcs,-7.239398179735981,112.74440178579249
Kabel Drop,69/03 -> 69/03-02,17.51,m,,
Homepass (Titik Rumah),69/03-03,1,pcs,-7.239400222402988,112.74465671022952
Kabel Drop,69/03 -> 69/03-03,32.32,m,,
Homepass (Titik Rumah),69/03-04,1,pcs,-7.239410876082114,112.74430624719754
Kabel Drop,69/03 -> 69/03-04,23.66,m,,
Homepass (Titik Rumah),69/03-05,1,pcs,-7.2395817264710045,112.74449349317295
Kabel Drop,69/03 -> 69/03-05,10.19,m,,
Homepass (Titik Rumah),69/03-06,1,pcs,-7.239554487979332,112.74463162238379
Kabel Drop,69/03 -> 69/03-06,25.0,m,,
Homepass (Titik Rumah),69/03-07,1,pcs,-7.239333829585086,112.74424293511196
Kabel Drop,69/03 -> 69/03-07,36.74,m,,
Homepass (Titik Rumah),69/03-08,1,pcs,-7.239463700000001,112.74424259999998
Kabel Drop,69/03 -> 69/03-08,27.97,m,,
ODP,69/04,1,pcs,-7.2388777,112.7442232
Kabel Distribusi,ODC 69 -> 69/04,61.68,m,,
Homepass (Titik Rumah),69/04-01,1,pcs,-7.238710299999999,112.74406089999998
Kabel Drop,69/04 -> 69/04-01,30.99,m,,
Homepass (Titik Rumah),69/04-02,1,pcs,-7.23873005,112.7441235
Kabel Drop,69/04 -> 69/04-02,23.71,m,,
Homepass (Titik Rumah),69/04-03,1,pcs,-7.2385976,112.74406949999998
Kabel Drop,69/04 -> 69/04-03,42.55,m,,
Homepass (Titik Rumah),69/04-04,1,pcs,-7.2386054603718915,112.74399432166004
Kabel Drop,69/04 -> 69/04-04,47.3,m,,
Homepass (Titik Rumah),69/04-05,1,pcs,-7.2387427,112.74419040000001
Kabel Drop,69/04 -> 69/04-05,18.53,m,,
Homepass (Titik Rumah),69/04-06,1,pcs,-7.238570876270034,112.744130853352
Kabel Drop,69/04 -> 69/04-06,42.73,m,,
Homepass (Titik Rumah),69/04-07,1,pcs,-7.23853645,112.74400144999998
Kabel Drop,69/04 -> 69/04-07,54.18,m,,
Homepass (Titik Rumah),69/04-08,1,pcs,-7.238574649999997,112.7441954
Kabel Drop,69/04 -> 69/04-08,40.6,m,,
ODC,ODC 70,1,pcs,-7.238997759757956,112.74423632046533
Join Closure,JOIN CLOSURE ODC 70,1,pcs,-7.238997759757956,112.74423632046533
ODP,70/01,1,pcs,-7.2388777,112.7442232
Kabel Distribusi,ODC 70 -> 70/01,16.11,m,,
Homepass (Titik Rumah),70/01-01,1,pcs,-7.238732186316802,112.74425352612336
Kabel Drop,70/01 -> 70/01-01,19.83,m,,
Homepass (Titik Rumah),70/01-02,1,pcs,-7.238819394570157,112.74429581144182
Kabel Drop,70/01 -> 70/01-02,12.37,m,,
Homepass (Titik Rumah),70/01-03,1,pcs,-7.2386846500080395,112.74442876665236
Kabel Drop,70/01 -> 70/01-03,37.47,m,,
Homepass (Titik Rumah),70/01-04,1,pcs,-7.238623430737075,112.74440979517188
Kabel Drop,70/01 -> 70/01-04,41.97,m,,
Homepass (Titik Rumah),70/01-05,1,pcs,-7.2388869203608035,112.7441415046538
Kabel Drop,70/01 -> 70/01-05,10.88,m,,
Homepass (Titik Rumah),70/01-06,1,pcs,-7.238549149999999,112.74438364999999
Kabel Drop,70/01 -> 70/01-06,48.71,m,,
Homepass (Titik Rumah),70/01-07,1,pcs,-7.238843606357207,112.74449383676392
Kabel Drop,70/01 -> 70/01-07,36.11,m,,
Homepass (Titik Rumah),70/01-08,1,pcs,-7.238498999999999,112.74443274999999
Kabel Drop,70/01 -> 70/01-08,57.64,m,,
ODP,70/02,1,pcs,-7.2388777,112.7442232
Kabel Distribusi,ODC 70 -> 70/02,16.11,m,,
Homepass (Titik Rumah),70/02-01,1,pcs,-7.238770299999999,112.74375930000001
Kabel Drop,70/02 -> 70/02-01,63.06,m,,
Homepass (Titik Rumah),70/02-02,1,pcs,-7.238841869948798,112.74363258882889
Kabel Drop,70/02 -> 70/02-02,78.33,m,,
Homepass (Titik Rumah),70/02-03,1,pcs,-7.238718350066634,112.74395369602283
Kabel Drop,70/02 -> 70/02-03,41.53,m,,
Homepass (Titik Rumah),70/02-04,1,pcs,-7.2389180044436,112.7436062351175
Kabel Drop,70/02 -> 70/02-04,81.84,m,,
Homepass (Titik Rumah),70/02-05,1,pcs,-7.2389809034107175,112.74370931965258
Kabel Drop,70/02 -> 70/02-05,69.4,m,,
Homepass (Titik Rumah),70/02-06,1,pcs,-7.238963530249569,112.74391745200693
Kabel Drop,70/02 -> 70/02-06,42.06,m,,
Homepass (Titik Rumah),70/02-07,1,pcs,-7.238740950000003,112.74401309999999
Kabel Drop,70/02 -> 70/02-07,33.26,m,,
Homepass (Titik Rumah),70/02-08,1,pcs,-7.23851495,112.74388404999998
Kabel Drop,70/02 -> 70/02-08,66.02,m,,
ODP,70/03,1,pcs,-7.2388777,112.7442232
Kabel Distribusi,ODC 70 -> 70/03,16.11,m,,
Homepass (Titik Rumah),70/03-01,1,pcs,-7.238667403311527,112.74480053007198
Kabel Drop,70/03 -> 70/03-01,81.41,m,,
Homepass (Titik Rumah),70/03-02,1,pcs,-7.238432065906439,112.74422780053266
Kabel Drop,70/03 -> 70/03-02,59.47,m,,
Homepass (Titik Rumah),70/03-03,1,pcs,-7.23840854334848,112.74414151622383
Kabel Drop,70/03 -> 70/03-03,63.53,m,,
Homepass (Titik Rumah),70/03-04,1,pcs,-7.2383617194839776,112.74410119758187
Kabel Drop,70/03 -> 70/03-04,70.72,m,,
Homepass (Titik Rumah),70/03-05,1,pcs,-7.238417340589841,112.74404132989915
Kabel Drop,70/03 -> 70/03-05,65.98,m,,
Homepass (Titik Rumah),70/03-06,1,pcs,-7.238351849999999,112.74406484999999
Kabel Drop,70/03 -> 70/03-06,73.23,m,,
Homepass (Titik Rumah),70/03-07,1,pcs,-7.238985421180457,112.74402819751087
Kabel Drop,70/03 -> 70/03-07,29.54,m,,
Homepass (Titik Rumah),70/03-08,1,pcs,-7.239035104675844,112.74402152394202
Kabel Drop,70/03 -> 70/03-08,33.97,m,,
ODP,70/04,1,pcs,-7.2395367272137685,112.74421923699416
Kabel Distribusi,ODC 70 -> 70/04,71.95,m,,
Homepass (Titik Rumah),70/04-01,1,pcs,-7.2395841214927215,112.74432884532585
Kabel Drop,70/04 -> 70/04-01,15.83,m,,
Homepass (Titik Rumah),70/04-02,1,pcs,-7.239707749999999,112.74433135
Kabel Drop,70/04 -> 70/04-02,27.22,m,,
Homepass (Titik Rumah),70/04-03,1,pcs,-7.23970505,112.74426665000001
Kabel Drop,70/04 -> 70/04-03,23.32,m,,
Homepass (Titik Rumah),70/04-04,1,pcs,-7.239685724569075,112.74420484194762
Kabel Drop,70/04 -> 70/04-04,19.97,m,,
Homepass (Titik Rumah),70/04-05,1,pcs,-7.23950637576472,112.7441798847765
Kabel Drop,70/04 -> 70/04-05,6.6,m,,
Homepass (Titik Rumah),70/04-06,1,pcs,-7.23959715,112.74413909999998
Kabel Drop,70/04 -> 70/04-06,13.32,m,,
Homepass (Titik Rumah),70/04-07,1,pcs,-7.23946565,112.74417830000002
Kabel Drop,70/04 -> 70/04-07,10.92,m,,
Homepass (Titik Rumah),70/04-08,1,pcs,-7.239679396150609,112.74415604069267
Kabel Drop,70/04 -> 70/04-08,20.79,m,,
ODC,ODC 71,1,pcs,-7.238640126624808,112.74419723733945
Join Closure,JOIN CLOSURE ODC 71,1,pcs,-7.238640126624808,112.74419723733945
ODP,71/01,1,pcs,-7.237977180507647,112.74320831954623
Kabel Distribusi,ODC 71 -> 71/01,157.99,m,,
Homepass (Titik Rumah),71/01-01,1,pcs,-7.238042065390681,112.74293505106452
Kabel Drop,71/01 -> 71/01-01,37.19,m,,
Homepass (Titik Rumah),71/01-02,1,pcs,-7.238057850000001,112.74304085
Kabel Drop,71/01 -> 71/01-02,24.64,m,,
Homepass (Titik Rumah),71/01-03,1,pcs,-7.238166349999999,112.742916
Kabel Drop,71/01 -> 71/01-03,46.2,m,,
Homepass (Titik Rumah),71/01-04,1,pcs,-7.238261844521848,112.74298373038208
Kabel Drop,71/01 -> 71/01-04,48.23,m,,
Homepass (Titik Rumah),71/01-05,1,pcs,-7.238149647364974,112.74323863040682
Kabel Drop,71/01 -> 71/01-05,23.36,m,,
Homepass (Titik Rumah),71/01-06,1,pcs,-7.23830959564869,112.74319528841589
Kabel Drop,71/01 -> 71/01-06,44.39,m,,
Homepass (Titik Rumah),71/01-07,1,pcs,-7.23821414669799,112.74348608050775
Kabel Drop,71/01 -> 71/01-07,48.49,m,,
Homepass (Titik Rumah),71/01-08,1,pcs,-7.2383961,112.74340504999999
Kabel Drop,71/01 -> 71/01-08,61.67,m,,
ODP,71/02,1,pcs,-7.238110276473703,112.74371689206654
Kabel Distribusi,ODC 71 -> 71/02,95.09,m,,
Homepass (Titik Rumah),71/02-01,1,pcs,-7.238444300000006,112.7434936
Kabel Drop,71/02 -> 71/02-01,53.48,m,,
Homepass (Titik Rumah),71/02-02,1,pcs,-7.238439231343942,112.7436351816289
Kabel Drop,71/02 -> 71/02-02,45.21,m,,
Homepass (Titik Rumah),71/02-03,1,pcs,-7.238694246395299,112.74351708039745
Kabel Drop,71/02 -> 71/02-03,82.29,m,,
Homepass (Titik Rumah),71/02-04,1,pcs,-7.238659500000001,112.74334749999998
Kabel Drop,71/02 -> 71/02-04,88.1,m,,
Homepass (Titik Rumah),71/02-05,1,pcs,-7.238422317918979,112.74378180584824
Kabel Drop,71/02 -> 71/02-05,42.51,m,,
Homepass (Titik Rumah),71/02-06,1,pcs,-7.238770651320127,112.74333181850841
Kabel Drop,71/02 -> 71/02-06,101.8,m,,
Homepass (Titik Rumah),71/02-07,1,pcs,-7.238337,112.74386870000001
Kabel Drop,71/02 -> 71/02-07,36.32,m,,
Homepass (Titik Rumah),71/02-08,1,pcs,-7.2386405,112.74383680000001
Kabel Drop,71/02 -> 71/02-08,72.51,m,,
ODP,71/03,1,pcs,-7.239867454354036,112.74413190610488
Kabel Distribusi,ODC 71 -> 71/03,164.0,m,,
Homepass (Titik Rumah),71/03-01,1,pcs,-7.239816861036185,112.74411817022737
Kabel Drop,71/03 -> 71/03-01,6.99,m,,
Homepass (Titik Rumah),71/03-02,1,pcs,-7.2398706,112.74413350000002
Kabel Drop,71/03 -> 71/03-02,0.47,m,,
Homepass (Titik Rumah),71/03-03,1,pcs,-7.239824400000002,112.74418145000001
Kabel Drop,71/03 -> 71/03-03,8.72,m,,
Homepass (Titik Rumah),71/03-04,1,pcs,-7.239915773427749,112.74413024291786
Kabel Drop,71/03 -> 71/03-04,6.45,m,,
Homepass (Titik Rumah),71/03-05,1,pcs,-7.239905050000001,112.74406450000001
Kabel Drop,71/03 -> 71/03-05,10.24,m,,
Homepass (Titik Rumah),71/03-06,1,pcs,-7.239886378366745,112.7441961033562
Kabel Drop,71/03 -> 71/03-06,8.87,m,,
Homepass (Titik Rumah),71/03-07,1,pcs,-7.239810410743496,112.7442233749508
Kabel Drop,71/03 -> 71/03-07,14.3,m,,
Homepass (Titik Rumah),71/03-08,1,pcs,-7.239957279216418,112.74400710516754
Kabel Drop,71/03 -> 71/03-08,20.41,m,,
ODP,71/04,1,pcs,-7.239873594390041,112.74449253816235
Kabel Distribusi,ODC 71 -> 71/04,169.16,m,,
Homepass (Titik Rumah),71/04-01,1,pcs,-7.239915344056553,112.74436468334048
Kabel Drop,71/04 -> 71/04-01,17.82,m,,
Homepass (Titik Rumah),71/04-02,1,pcs,-7.23992625,112.74448519999999
Kabel Drop,71/04 -> 71/04-02,7.09,m,,
Homepass (Titik Rumah),71/04-03,1,pcs,-7.240039961601087,112.74441381331837
Kabel Drop,71/04 -> 71/04-03,24.52,m,,
Homepass (Titik Rumah),71/04-04,1,pcs,-7.2397489920833875,112.7444514054835
Kabel Drop,71/04 -> 71/04-04,17.49,m,,
Homepass (Titik Rumah),71/04-05,1,pcs,-7.239928406880907,112.74456432847303
Kabel Drop,71/04 -> 71/04-05,11.99,m,,
Homepass (Titik Rumah),71/04-06,1,pcs,-7.239856226140416,112.74455973984192
Kabel Drop,71/04 -> 71/04-06,9.19,m,,
Homepass (Titik Rumah),71/04-07,1,pcs,-7.2400412794073725,112.74454231349694
Kabel Drop,71/04 -> 71/04-07,23.32,m,,
Homepass (Titik Rumah),71/04-08,1,pcs,-7.239793162824092,112.74455437987007
Kabel Drop,71/04 -> 71/04-08,13.5,m,,
ODC,ODC 72,1,pcs,-7.2391379,112.7456418
Join Closure,JOIN CLOSURE ODC 72,1,pcs,-7.2391379,112.7456418
ODP,72/01,1,pcs,-7.239131186602162,112.7454772395287
Kabel Distribusi,ODC 72 -> 72/01,21.8,m,,
Homepass (Titik Rumah),72/01-01,1,pcs,-7.238798395478226,112.74568552871396
Kabel Drop,72/01 -> 72/01-01,52.27,m,,
Homepass (Titik Rumah),72/01-02,1,pcs,-7.238817200000004,112.74555165
Kabel Drop,72/01 -> 72/01-02,43.04,m,,
Homepass (Titik Rumah),72/01-03,1,pcs,-7.238807742120192,112.7454983572174
Kabel Drop,72/01 -> 72/01-03,43.25,m,,
Homepass (Titik Rumah),72/01-04,1,pcs,-7.2389839,112.74557325000004
Kabel Drop,72/01 -> 72/01-04,23.4,m,,
Homepass (Titik Rumah),72/01-05,1,pcs,-7.238851447750741,112.7453312274063
Kabel Drop,72/01 -> 72/01-05,42.03,m,,
Homepass (Titik Rumah),72/01-06,1,pcs,-7.238953350000001,112.74535245
Kabel Drop,72/01 -> 72/01-06,28.91,m,,
Homepass (Titik Rumah),72/01-07,1,pcs,-7.2388949,112.7453082
Kabel Drop,72/01 -> 72/01-07,38.66,m,,
Homepass (Titik Rumah),72/01-08,1,pcs,-7.239179325956487,112.7455678235853
Kabel Drop,72/01 -> 72/01-08,13.6,m,,
ODP,72/02,1,pcs,-7.239130173786822,112.74539364858823
Kabel Distribusi,ODC 72 -> 72/02,32.86,m,,
Homepass (Titik Rumah),72/02-01,1,pcs,-7.239024649999999,112.74531425
Kabel Drop,72/02 -> 72/02-01,17.57,m,,
Homepass (Titik Rumah),72/02-02,1,pcs,-7.2390987,112.7453554
Kabel Drop,72/02 -> 72/02-02,6.58,m,,
Homepass (Titik Rumah),72/02-03,1,pcs,-7.239147783194658,112.7453151786139
Kabel Drop,72/02 -> 72/02-03,10.65,m,,
Homepass (Titik Rumah),72/02-04,1,pcs,-7.239253788514472,112.74532042418663
Kabel Drop,72/02 -> 72/02-04,19.13,m,,
Homepass (Titik Rumah),72/02-05,1,pcs,-7.239266261393888,112.74545743327567
Kabel Drop,72/02 -> 72/02-05,20.03,m,,
Homepass (Titik Rumah),72/02-06,1,pcs,-7.2387369,112.74527105000003
Kabel Drop,72/02 -> 72/02-06,54.93,m,,
Homepass (Titik Rumah),72/02-07,1,pcs,-7.2392511000000015,112.74556695
Kabel Drop,72/02 -> 72/02-07,28.05,m,,
Homepass (Titik Rumah),72/02-08,1,pcs,-7.239366217736021,112.74555192933354
Kabel Drop,72/02 -> 72/02-08,37.83,m,,
ODP,72/03,1,pcs,-7.238755117884028,112.74583225286712
Kabel Distribusi,ODC 72 -> 72/03,56.96,m,,
Homepass (Titik Rumah),72/03-01,1,pcs,-7.238996490396818,112.7459106140762
Kabel Drop,72/03 -> 72/03-01,33.84,m,,
Homepass (Titik Rumah),72/03-02,1,pcs,-7.238889125636674,112.74586708016999
Kabel Drop,72/03 -> 72/03-02,18.47,m,,
Homepass (Titik Rumah),72/03-03,1,pcs,-7.2389513,112.74575435
Kabel Drop,72/03 -> 72/03-03,28.14,m,,
Homepass (Titik Rumah),72/03-04,1,pcs,-7.238842422250818,112.74578009494329
Kabel Drop,72/03 -> 72/03-04,13.54,m,,
Homepass (Titik Rumah),72/03-05,1,pcs,-7.2391969797223386,112.74585622734325
Kabel Drop,72/03 -> 72/03-05,59.04,m,,
Homepass (Titik Rumah),72/03-06,1,pcs,-7.238881327726931,112.74569355604666
Kabel Drop,72/03 -> 72/03-06,24.91,m,,
Homepass (Titik Rumah),72/03-07,1,pcs,-7.239013415073008,112.74566108237053
Kabel Drop,72/03 -> 72/03-07,41.25,m,,
Homepass (Titik Rumah),72/03-08,1,pcs,-7.238880397554298,112.74563962367776
Kabel Drop,72/03 -> 72/03-08,30.49,m,,
ODP,72/04,1,pcs,-7.239091834914955,112.74611720660644
Kabel Distribusi,ODC 72 -> 72/04,63.23,m,,
Homepass (Titik Rumah),72/04-01,1,pcs,-7.239170642260417,112.74619592128717
Kabel Drop,72/04 -> 72/04-01,14.8,m,,
Homepass (Titik Rumah),72/04-02,1,pcs,-7.239101649999999,112.74617325000001
Kabel Drop,72/04 -> 72/04-02,7.53,m,,
Homepass (Titik Rumah),72/04-03,1,pcs,-7.238991033472372,112.74624693111274
Kabel Drop,72/04 -> 72/04-03,21.81,m,,
Homepass (Titik Rumah),72/04-04,1,pcs,-7.239070873355457,112.74601911306566
Kabel Drop,72/04 -> 72/04-04,13.28,m,,
Homepass (Titik Rumah),72/04-05,1,pcs,-7.2390281000000005,112.74634885000002
Kabel Drop,72/04 -> 72/04-05,31.82,m,,
Homepass (Titik Rumah),72/04-06,1,pcs,-7.238958864112577,112.74613503150078
Kabel Drop,72/04 -> 72/04-06,17.9,m,,
Homepass (Titik Rumah),72/04-07,1,pcs,-7.2391767499999995,112.74593144999999
Kabel Drop,72/04 -> 72/04-07,27.07,m,,
Homepass (Titik Rumah),72/04-08,1,pcs,-7.23907095,112.74646374999998
Kabel Drop,72/04 -> 72/04-08,45.96,m,,
ODC,ODC 73,1,pcs,-7.239896774119548,112.74585398841033
Join Closure,JOIN CLOSURE ODC 73,1,pcs,-7.239896774119548,112.74585398841033
ODP,73/01,1,pcs,-7.239823068283479,112.74601880351604
Kabel Distribusi,ODC 73 -> 73/01,23.93,m,,
Homepass (Titik Rumah),73/01-01,1,pcs,-7.239498164382728,112.74588472743831
Kabel Drop,73/01 -> 73/01-01,46.85,m,,
Homepass (Titik Rumah),73/01-02,1,pcs,-7.239463400000001,112.74595040000001
Kabel Drop,73/01 -> 73/01-02,48.84,m,,
Homepass (Titik Rumah),73/01-03,1,pcs,-7.2393699524624875,112.74592243104037
Kabel Drop,73/01 -> 73/01-03,61.79,m,,
Homepass (Titik Rumah),73/01-04,1,pcs,-7.239944687888648,112.74606000271213
Kabel Drop,73/01 -> 73/01-04,17.12,m,,
Homepass (Titik Rumah),73/01-05,1,pcs,-7.23997075,112.74598320000001
Kabel Drop,73/01 -> 73/01-05,20.26,m,,
Homepass (Titik Rumah),73/01-06,1,pcs,-7.239932150000006,112.74609690000001
Kabel Drop,73/01 -> 73/01-06,17.85,m,,
Homepass (Titik Rumah),73/01-07,1,pcs,-7.239920509055419,112.74613111036601
Kabel Drop,73/01 -> 73/01-07,19.75,m,,
Homepass (Titik Rumah),73/01-08,1,pcs,-7.239983987483392,112.74594433849015
Kabel Drop,73/01 -> 73/01-08,23.63,m,,
ODP,73/02,1,pcs,-7.239895457115518,112.74577663481294
Kabel Distribusi,ODC 73 -> 73/02,10.24,m,,
Homepass (Titik Rumah),73/02-01,1,pcs,-7.23985008317612,112.7457215498712
Kabel Drop,73/02 -> 73/02-01,9.48,m,,
Homepass (Titik Rumah),73/02-02,1,pcs,-7.239803049999999,112.74583390000001
Kabel Drop,73/02 -> 73/02-02,14.47,m,,
Homepass (Titik Rumah),73/02-03,1,pcs,-7.239714193329121,112.74572327772889
Kabel Drop,73/02 -> 73/02-03,25.2,m,,
Homepass (Titik Rumah),73/02-04,1,pcs,-7.239701138346329,112.7457638695335
Kabel Drop,73/02 -> 73/02-04,25.98,m,,
Homepass (Titik Rumah),73/02-05,1,pcs,-7.23978925,112.74587535000002
Kabel Drop,73/02 -> 73/02-05,19.28,m,,
Homepass (Titik Rumah),73/02-06,1,pcs,-7.239775699999999,112.74591614999999
Kabel Drop,73/02 -> 73/02-06,24.42,m,,
Homepass (Titik Rumah),73/02-07,1,pcs,-7.239998649999996,112.745901
Kabel Drop,73/02 -> 73/02-07,21.46,m,,
Homepass (Titik Rumah),73/02-08,1,pcs,-7.239811,112.74549025000002
Kabel Drop,73/02 -> 73/02-08,39.55,m,,
ODP,73/03,1,pcs,-7.240112170542349,112.74594778094121
Kabel Distribusi,ODC 73 -> 73/03,31.31,m,,
Homepass (Titik Rumah),73/03-01,1,pcs,-7.240169521815269,112.74604651979534
Kabel Drop,73/03 -> 73/03-01,15.15,m,,
Homepass (Titik Rumah),73/03-02,1,pcs,-7.2401846366433995,112.74600554986544
Kabel Drop,73/03 -> 73/03-02,12.33,m,,
Homepass (Titik Rumah),73/03-03,1,pcs,-7.240198662039945,112.74596646896526
Kabel Drop,73/03 -> 73/03-03,11.8,m,,
Homepass (Titik Rumah),73/03-04,1,pcs,-7.240251000000001,112.74607519999999
Kabel Drop,73/03 -> 73/03-04,25.05,m,,
Homepass (Titik Rumah),73/03-05,1,pcs,-7.240212740617344,112.74592909366682
Kabel Drop,73/03 -> 73/03-05,13.65,m,,
Homepass (Titik Rumah),73/03-06,1,pcs,-7.24030085,112.7460706
Kabel Drop,73/03 -> 73/03-06,29.97,m,,
Homepass (Titik Rumah),73/03-07,1,pcs,-7.240226349999998,112.74589089999999
Kabel Drop,73/03 -> 73/03-07,16.99,m,,
Homepass (Titik Rumah),73/03-08,1,pcs,-7.2403076377599245,112.74592612171901
Kabel Drop,73/03 -> 73/03-08,26.24,m,,
ODP,73/04,1,pcs,-7.23993861706071,112.7456696319957
Kabel Distribusi,ODC 73 -> 73/04,25.03,m,,
Homepass (Titik Rumah),73/04-01,1,pcs,-7.240099949999998,112.74566004999998
Kabel Drop,73/04 -> 73/04-01,21.56,m,,
Homepass (Titik Rumah),73/04-02,1,pcs,-7.2400593,112.74564585000002
Kabel Drop,73/04 -> 73/04-02,16.41,m,,
Homepass (Titik Rumah),73/04-03,1,pcs,-7.2400085999999995,112.74562815000002
Kabel Drop,73/04 -> 73/04-03,10.83,m,,
Homepass (Titik Rumah),73/04-04,1,pcs,-7.240025800000001,112.745821
Kabel Drop,73/04 -> 73/04-04,23.17,m,,
Homepass (Titik Rumah),73/04-05,1,pcs,-7.23991665,112.74559190000001
Kabel Drop,73/04 -> 73/04-05,10.7,m,,
Homepass (Titik Rumah),73/04-06,1,pcs,-7.2400134131611065,112.74585731172382
Kabel Drop,73/04 -> 73/04-06,26.77,m,,
Homepass (Titik Rumah),73/04-07,1,pcs,-7.239862966824188,112.74568445012885
Kabel Drop,73/04 -> 73/04-07,10.28,m,,
Homepass (Titik Rumah),73/04-08,1,pcs,-7.23986300017965,112.74557518307476
Kabel Drop,73/04 -> 73/04-08,16.07,m,,
ODC,ODC 74,1,pcs,-7.240661382157029,112.74490285919472
Join Closure,JOIN CLOSURE ODC 74,1,pcs,-7.240661382157029,112.74490285919472
ODP,74/01,1,pcs,-7.24009031226632,112.74410696950262
Kabel Distribusi,ODC 74 -> 74/01,130.02,m,,
Homepass (Titik Rumah),74/01-01,1,pcs,-7.23999825,112.74408525
Kabel Drop,74/01 -> 74/01-01,12.62,m,,
Homepass (Titik Rumah),74/01-02,1,pcs,-7.240050799999997,112.74415245000002
Kabel Drop,74/01 -> 74/01-02,8.0,m,,
Homepass (Titik Rumah),74/01-03,1,pcs,-7.2401010999999995,112.74404619999999
Kabel Drop,74/01 -> 74/01-03,8.17,m,,
Homepass (Titik Rumah),74/01-04,1,pcs,-7.2399410342116255,112.74395493377247
Kabel Drop,74/01 -> 74/01-04,28.32,m,,
Homepass (Titik Rumah),74/01-05,1,pcs,-7.240057635251621,112.74425375593113
Kabel Drop,74/01 -> 74/01-05,19.91,m,,
Homepass (Titik Rumah),74/01-06,1,pcs,-7.240160144550177,112.74416290433642
Kabel Drop,74/01 -> 74/01-06,11.9,m,,
Homepass (Titik Rumah),74/01-07,1,pcs,-7.240244709827339,112.74399233295541
Kabel Drop,74/01 -> 74/01-07,25.59,m,,
Homepass (Titik Rumah),74/01-08,1,pcs,-7.24001263604468,112.74381690845425
Kabel Drop,74/01 -> 74/01-08,39.77,m,,
ODP,74/02,1,pcs,-7.239876268792664,112.74464961791227
Kabel Distribusi,ODC 74 -> 74/02,109.99,m,,
Homepass (Titik Rumah),74/02-01,1,pcs,-7.240026064999445,112.74457358417735
Kabel Drop,74/02 -> 74/02-01,22.38,m,,
Homepass (Titik Rumah),74/02-02,1,pcs,-7.239864523398979,112.74466045655208
Kabel Drop,74/02 -> 74/02-02,2.12,m,,
Homepass (Titik Rumah),74/02-03,1,pcs,-7.2398686,112.74471204999999
Kabel Drop,74/02 -> 74/02-03,8.33,m,,
Homepass (Titik Rumah),74/02-04,1,pcs,-7.239774862267836,112.74464887750159
Kabel Drop,74/02 -> 74/02-04,13.53,m,,
Homepass (Titik Rumah),74/02-05,1,pcs,-7.239770116595753,112.74472653319597
Kabel Drop,74/02 -> 74/02-05,17.44,m,,
Homepass (Titik Rumah),74/02-06,1,pcs,-7.239690065660832,112.74453127667782
Kabel Drop,74/02 -> 74/02-06,29.37,m,,
Homepass (Titik Rumah),74/02-07,1,pcs,-7.239685678082976,112.74470888665417
Kabel Drop,74/02 -> 74/02-07,26.61,m,,
Homepass (Titik Rumah),74/02-08,1,pcs,-7.239622131003336,112.74464733462402
Kabel Drop,74/02 -> 74/02-08,33.91,m,,
ODP,74/03,1,pcs,-7.241521787877837,112.74488395803719
Kabel Distribusi,ODC 74 -> 74/03,114.83,m,,
Homepass (Titik Rumah),74/03-01,1,pcs,-7.24158256905242,112.7451544156477
Kabel Drop,74/03 -> 74/03-01,36.71,m,,
Homepass (Titik Rumah),74/03-02,1,pcs,-7.2415291,112.7449816
Kabel Drop,74/03 -> 74/03-02,12.96,m,,
Homepass (Titik Rumah),74/03-03,1,pcs,-7.241410991440326,112.74523309706193
Kabel Drop,74/03 -> 74/03-03,48.52,m,,
Homepass (Titik Rumah),74/03-04,1,pcs,-7.241324069371661,112.74536010239734
Kabel Drop,74/03 -> 74/03-04,68.33,m,,
Homepass (Titik Rumah),74/03-05,1,pcs,-7.24120159215922,112.74505476002341
Kabel Drop,74/03 -> 74/03-05,48.34,m,,
Homepass (Titik Rumah),74/03-06,1,pcs,-7.240953023992016,112.74502801252626
Kabel Drop,74/03 -> 74/03-06,78.25,m,,
Homepass (Titik Rumah),74/03-07,1,pcs,-7.242472581976631,112.74485431540134
Kabel Drop,74/03 -> 74/03-07,126.93,m,,
Homepass (Titik Rumah),74/03-08,1,pcs,-7.241305229350014,112.74421181571752
Kabel Drop,74/03 -> 74/03-08,93.55,m,,
ODP,74/04,1,pcs,-7.24178486610013,112.74496330676224
Kabel Distribusi,ODC 74 -> 74/04,150.12,m,,
Homepass (Titik Rumah),74/04-01,1,pcs,-7.24200504563075,112.74513287076363
Kabel Drop,74/04 -> 74/04-01,36.97,m,,
Homepass (Titik Rumah),74/04-02,1,pcs,-7.241917156189047,112.7451109789236
Kabel Drop,74/04 -> 74/04-02,26.34,m,,
Homepass (Titik Rumah),74/04-03,1,pcs,-7.2420551784744385,112.74493506438456
Kabel Drop,74/04 -> 74/04-03,36.26,m,,
Homepass (Titik Rumah),74/04-04,1,pcs,-7.24177815,112.74525459999998
Kabel Drop,74/04 -> 74/04-04,38.57,m,,
Homepass (Titik Rumah),74/04-05,1,pcs,-7.241747,112.74516505
Kabel Drop,74/04 -> 74/04-05,27.18,m,,
Homepass (Titik Rumah),74/04-06,1,pcs,-7.24166666647405,112.7451547824573
Kabel Drop,74/04 -> 74/04-06,29.85,m,,
Homepass (Titik Rumah),74/04-07,1,pcs,-7.242360963480668,112.74496715423996
Kabel Drop,74/04 -> 74/04-07,76.87,m,,
Homepass (Titik Rumah),74/04-08,1,pcs,-7.2416304626524814,112.74528792949647
Kabel Drop,74/04 -> 74/04-08,47.65,m,,
ODC,ODC 75,1,pcs,-7.240236112195215,112.74573363717569
Join Closure,JOIN CLOSURE ODC 75,1,pcs,-7.240236112195215,112.74573363717569
ODP,75/01,1,pcs,-7.240171417659549,112.74577556071061
Kabel Distribusi,ODC 75 -> 75/01,10.26,m,,
Homepass (Titik Rumah),75/01-01,1,pcs,-7.240241871654409,112.74585228490848
Kabel Drop,75/01 -> 75/01-01,13.84,m,,
Homepass (Titik Rumah),75/01-02,1,pcs,-7.240255972799905,112.74581701304679
Kabel Drop,75/01 -> 75/01-02,12.55,m,,
Homepass (Titik Rumah),75/01-03,1,pcs,-7.240280173854795,112.7457350135071
Kabel Drop,75/01 -> 75/01-03,15.47,m,,
Homepass (Titik Rumah),75/01-04,1,pcs,-7.240354750000001,112.74579195000001
Kabel Drop,75/01 -> 75/01-04,24.56,m,,
Homepass (Titik Rumah),75/01-05,1,pcs,-7.240359917784656,112.74591381371222
Kabel Drop,75/01 -> 75/01-05,31.11,m,,
Homepass (Titik Rumah),75/01-06,1,pcs,-7.2401525,112.74567839999999
Kabel Drop,75/01 -> 75/01-06,13.11,m,,
Homepass (Titik Rumah),75/01-07,1,pcs,-7.240036492286309,112.7457896046957
Kabel Drop,75/01 -> 75/01-07,18.1,m,,
Homepass (Titik Rumah),75/01-08,1,pcs,-7.2400497999999995,112.74575030000001
Kabel Drop,75/01 -> 75/01-08,16.57,m,,
ODP,75/02,1,pcs,-7.2396493,112.7456675
Kabel Distribusi,ODC 75 -> 75/02,78.79,m,,
Homepass (Titik Rumah),75/02-01,1,pcs,-7.239475400000001,112.74544215000002
Kabel Drop,75/02 -> 75/02-01,37.79,m,,
Homepass (Titik Rumah),75/02-02,1,pcs,-7.239591088958814,112.7454209603056
Kabel Drop,75/02 -> 75/02-02,33.55,m,,
Homepass (Titik Rumah),75/02-03,1,pcs,-7.239565010139072,112.74536177696717
Kabel Drop,75/02 -> 75/02-03,42.0,m,,
Homepass (Titik Rumah),75/02-04,1,pcs,-7.239669786196182,112.74548309786856
Kabel Drop,75/02 -> 75/02-04,24.56,m,,
Homepass (Titik Rumah),75/02-05,1,pcs,-7.23955792078077,112.74565566229107
Kabel Drop,75/02 -> 75/02-05,12.29,m,,
Homepass (Titik Rumah),75/02-06,1,pcs,-7.239512329555889,112.7457302923792
Kabel Drop,75/02 -> 75/02-06,20.08,m,,
Homepass (Titik Rumah),75/02-07,1,pcs,-7.239525284069597,112.74581561904733
Kabel Drop,75/02 -> 75/02-07,25.66,m,,
Homepass (Titik Rumah),75/02-08,1,pcs,-7.2392666499999985,112.74578059999999
Kabel Drop,75/02 -> 75/02-08,53.21,m,,
ODP,75/03,1,pcs,-7.23939120172831,112.74621185166214
Kabel Distribusi,ODC 75 -> 75/03,129.3,m,,
Homepass (Titik Rumah),75/03-01,1,pcs,-7.2394903176993886,112.74629729406266
Kabel Drop,75/03 -> 75/03-01,17.4,m,,
Homepass (Titik Rumah),75/03-02,1,pcs,-7.23942395,112.74626445000001
Kabel Drop,75/03 -> 75/03-02,8.22,m,,
Homepass (Titik Rumah),75/03-03,1,pcs,-7.239522616119655,112.74639356494872
Kabel Drop,75/03 -> 75/03-03,29.77,m,,
Homepass (Titik Rumah),75/03-04,1,pcs,-7.2393474702075755,112.74624005351787
Kabel Drop,75/03 -> 75/03-04,6.93,m,,
Homepass (Titik Rumah),75/03-05,1,pcs,-7.239286760474411,112.74631187965454
Kabel Drop,75/03 -> 75/03-05,19.22,m,,
Homepass (Titik Rumah),75/03-06,1,pcs,-7.239429801041913,112.7460798105083
Kabel Drop,75/03 -> 75/03-06,18.22,m,,
Homepass (Titik Rumah),75/03-07,1,pcs,-7.2392527205176025,112.7462182045014
Kabel Drop,75/03 -> 75/03-07,18.5,m,,
Homepass (Titik Rumah),75/03-08,1,pcs,-7.239313131845783,112.74608763404179
Kabel Drop,75/03 -> 75/03-08,19.46,m,,
ODP,75/04,1,pcs,-7.241041320280597,112.74520186853644
Kabel Distribusi,ODC 75 -> 75/04,128.45,m,,
Homepass (Titik Rumah),75/04-01,1,pcs,-7.240750458955811,112.7432603747534
Kabel Drop,75/04 -> 75/04-01,259.91,m,,
Homepass (Titik Rumah),75/04-02,1,pcs,-7.240783249999997,112.74311475
Kabel Drop,75/04 -> 75/04-02,278.41,m,,
Homepass (Titik Rumah),75/04-03,1,pcs,-7.2407571499999985,112.74304935000002
Kabel Drop,75/04 -> 75/04-03,287.44,m,,
Homepass (Titik Rumah),75/04-04,1,pcs,-7.2408712,112.7430679
Kabel Drop,75/04 -> 75/04-04,283.38,m,,
Homepass (Titik Rumah),75/04-05,1,pcs,-7.2403978316239685,112.74383728051895
Kabel Drop,75/04 -> 75/04-05,200.0,m,,
Homepass (Titik Rumah),75/04-06,1,pcs,-7.241189415536233,112.74675697684114
Kabel Drop,75/04 -> 75/04-06,206.8,m,,
Homepass (Titik Rumah),75/04-07,1,pcs,-7.241613300000001,112.74959335000001
Kabel Drop,75/04 -> 75/04-07,586.29,m,,
Homepass (Titik Rumah),75/04-08,1,pcs,-7.2417311,112.74965354999999
Kabel Drop,75/04 -> 75/04-08,596.41,m,,
ODC,ODC 76,1,pcs,-7.239903156546628,112.74622885719077
Join Closure,JOIN CLOSURE ODC 76,1,pcs,-7.239903156546628,112.74622885719077
ODP,76/01,1,pcs,-7.24006124126385,112.74639747453158
Kabel Distribusi,ODC 76 -> 76/01,30.71,m,,
Homepass (Titik Rumah),76/01-01,1,pcs,-7.240005300000001,112.74649305
Kabel Drop,76/01 -> 76/01-01,14.69,m,,
Homepass (Titik Rumah),76/01-02,1,pcs,-7.240070450000001,112.74649280000001
Kabel Drop,76/01 -> 76/01-02,12.68,m,,
Homepass (Titik Rumah),76/01-03,1,pcs,-7.239943671082832,112.74646590579844
Kabel Drop,76/01 -> 76/01-03,18.12,m,,
Homepass (Titik Rumah),76/01-04,1,pcs,-7.239988753122564,112.74640541134659
Kabel Drop,76/01 -> 76/01-04,9.73,m,,
Homepass (Titik Rumah),76/01-05,1,pcs,-7.240126733669596,112.7464802128934
Kabel Drop,76/01 -> 76/01-05,14.01,m,,
Homepass (Titik Rumah),76/01-06,1,pcs,-7.240049683380175,112.74635151619631
Kabel Drop,76/01 -> 76/01-06,6.28,m,,
Homepass (Titik Rumah),76/01-07,1,pcs,-7.24017695,112.746372
Kabel Drop,76/01 -> 76/01-07,15.8,m,,
Homepass (Titik Rumah),76/01-08,1,pcs,-7.2400819246354375,112.74628046248529
Kabel Drop,76/01 -> 76/01-08,15.73,m,,
ODP,76/02,1,pcs,-7.240049516108426,112.7461541120725
Kabel Distribusi,ODC 76 -> 76/02,21.89,m,,
Homepass (Titik Rumah),76/02-01,1,pcs,-7.240099134703593,112.74623497312686
Kabel Drop,76/02 -> 76/02-01,12.59,m,,
Homepass (Titik Rumah),76/02-02,1,pcs,-7.240113303825708,112.74619602064489
Kabel Drop,76/02 -> 76/02-02,10.16,m,,
Homepass (Titik Rumah),76/02-03,1,pcs,-7.2401274998385325,112.7461589378439
Kabel Drop,76/02 -> 76/02-03,10.43,m,,
Homepass (Titik Rumah),76/02-04,1,pcs,-7.240208304716199,112.74619688030666
Kabel Drop,76/02 -> 76/02-04,21.93,m,,
Homepass (Titik Rumah),76/02-05,1,pcs,-7.240140738385393,112.7461238367016
Kabel Drop,76/02 -> 76/02-05,12.81,m,,
Homepass (Titik Rumah),76/02-06,1,pcs,-7.240218099999998,112.74628489999998
Kabel Drop,76/02 -> 76/02-06,28.39,m,,
Homepass (Titik Rumah),76/02-07,1,pcs,-7.240242950000002,112.746217
Kabel Drop,76/02 -> 76/02-07,27.12,m,,
Homepass (Titik Rumah),76/02-08,1,pcs,-7.240154121554337,112.74608717765904
Kabel Drop,76/02 -> 76/02-08,16.53,m,,
ODP,76/03,1,pcs,-7.239698419860025,112.74629861282052
Kabel Distribusi,ODC 76 -> 76/03,28.84,m,,
Homepass (Titik Rumah),76/03-01,1,pcs,-7.239682600000003,112.7461959
Kabel Drop,76/03 -> 76/03-01,13.76,m,,
Homepass (Titik Rumah),76/03-02,1,pcs,-7.239656281054021,112.74625006688794
Kabel Drop,76/03 -> 76/03-02,8.54,m,,
Homepass (Titik Rumah),76/03-03,1,pcs,-7.239608939259346,112.74631476711296
Kabel Drop,76/03 -> 76/03-03,12.13,m,,
Homepass (Titik Rumah),76/03-04,1,pcs,-7.239702481888748,112.74634098344846
Kabel Drop,76/03 -> 76/03-04,5.63,m,,
Homepass (Titik Rumah),76/03-05,1,pcs,-7.239727549999999,112.74634965
Kabel Drop,76/03 -> 76/03-05,7.79,m,,
Homepass (Titik Rumah),76/03-06,1,pcs,-7.239497638363862,112.74626693284222
Kabel Drop,76/03 -> 76/03-06,27.12,m,,
Homepass (Titik Rumah),76/03-07,1,pcs,-7.239882161590881,112.74624537380893
Kabel Drop,76/03 -> 76/03-07,25.51,m,,
Homepass (Titik Rumah),76/03-08,1,pcs,-7.239893099999999,112.74621189999999
Kabel Drop,76/03 -> 76/03-08,28.4,m,,
ODP,76/04,1,pcs,-7.2398066543842905,112.7460651747636
Kabel Distribusi,ODC 76 -> 76/04,25.2,m,,
Homepass (Titik Rumah),76/04-01,1,pcs,-7.239762969922637,112.7459545327703
Kabel Drop,76/04 -> 76/04-01,15.76,m,,
Homepass (Titik Rumah),76/04-02,1,pcs,-7.23974977996654,112.7459940672
Kabel Drop,76/04 -> 76/04-02,12.09,m,,
Homepass (Titik Rumah),76/04-03,1,pcs,-7.239737099999997,112.74603214999999
Kabel Drop,76/04 -> 76/04-03,10.26,m,,
Homepass (Titik Rumah),76/04-04,1,pcs,-7.2397246,112.7460697
Kabel Drop,76/04 -> 76/04-04,10.97,m,,
Homepass (Titik Rumah),76/04-05,1,pcs,-7.239712250000001,112.74610690000002
Kabel Drop,76/04 -> 76/04-05,13.75,m,,
Homepass (Titik Rumah),76/04-06,1,pcs,-7.239609949999999,112.74601684999999
Kabel Drop,76/04 -> 76/04-06,27.02,m,,
Homepass (Titik Rumah),76/04-07,1,pcs,-7.239698099999998,112.74614935000001
Kabel Drop,76/04 -> 76/04-07,18.27,m,,
Homepass (Titik Rumah),76/04-08,1,pcs,-7.239958010566426,112.74602069655502
Kabel Drop,76/04 -> 76/04-08,21.04,m,,
ODC,ODC 77,1,pcs,-7.239476982974514,112.74721113179255
Join Closure,JOIN CLOSURE ODC 77,1,pcs,-7.239476982974514,112.74721113179255
ODP,77/01,1,pcs,-7.239505876439254,112.74731141771701
Kabel Distribusi,ODC 77 -> 77/01,13.82,m,,
Homepass (Titik Rumah),77/01-01,1,pcs,-7.239408174255221,112.74742468253329
Kabel Drop,77/01 -> 77/01-01,19.87,m,,
Homepass (Titik Rumah),77/01-02,1,pcs,-7.2393403262385725,112.74737166686374
Kabel Drop,77/01 -> 77/01-02,23.49,m,,
Homepass (Titik Rumah),77/01-03,1,pcs,-7.239357235859055,112.74731029875922
Kabel Drop,77/01 -> 77/01-03,19.83,m,,
Homepass (Titik Rumah),77/01-04,1,pcs,-7.239594450000001,112.74747160000001
Kabel Drop,77/01 -> 77/01-04,24.27,m,,
Homepass (Titik Rumah),77/01-05,1,pcs,-7.239585120107391,112.74734224670337
Kabel Drop,77/01 -> 77/01-05,11.33,m,,
Homepass (Titik Rumah),77/01-06,1,pcs,-7.239290214528847,112.74726486982512
Kabel Drop,77/01 -> 77/01-06,29.43,m,,
Homepass (Titik Rumah),77/01-07,1,pcs,-7.239407968171019,112.74722369883611
Kabel Drop,77/01 -> 77/01-07,17.48,m,,
Homepass (Titik Rumah),77/01-08,1,pcs,-7.239526781586067,112.74723691906368
Kabel Drop,77/01 -> 77/01-08,10.25,m,,
ODP,77/02,1,pcs,-7.239501823222172,112.74729734946227
Kabel Distribusi,ODC 77 -> 77/02,11.88,m,,
Homepass (Titik Rumah),77/02-01,1,pcs,-7.239605500000001,112.74726205
Kabel Drop,77/02 -> 77/02-01,14.6,m,,
Homepass (Titik Rumah),77/02-02,1,pcs,-7.23967315,112.74725259999998
Kabel Drop,77/02 -> 77/02-02,23.62,m,,
Homepass (Titik Rumah),77/02-03,1,pcs,-7.23962212042597,112.74717589607963
Kabel Drop,77/02 -> 77/02-03,22.72,m,,
Homepass (Titik Rumah),77/02-04,1,pcs,-7.239717623012035,112.74728886738872
Kabel Drop,77/02 -> 77/02-04,28.82,m,,
Homepass (Titik Rumah),77/02-05,1,pcs,-7.23972925,112.74732885
Kabel Drop,77/02 -> 77/02-05,30.63,m,,
Homepass (Titik Rumah),77/02-06,1,pcs,-7.2395210600636135,112.74714937044935
Kabel Drop,77/02 -> 77/02-06,19.76,m,,
Homepass (Titik Rumah),77/02-07,1,pcs,-7.23970175,112.74711699999999
Kabel Drop,77/02 -> 77/02-07,35.8,m,,
Homepass (Titik Rumah),77/02-08,1,pcs,-7.23964805,112.7474573
Kabel Drop,77/02 -> 77/02-08,28.79,m,,
ODP,77/03,1,pcs,-7.239236872207168,112.74740551479506
Kabel Distribusi,ODC 77 -> 77/03,41.09,m,,
Homepass (Titik Rumah),77/03-01,1,pcs,-7.239274035388345,112.74698076495038
Kabel Drop,77/03 -> 77/03-01,56.44,m,,
Homepass (Titik Rumah),77/03-02,1,pcs,-7.2392820152425355,112.7470369846228
Kabel Drop,77/03 -> 77/03-02,49.15,m,,
Homepass (Titik Rumah),77/03-03,1,pcs,-7.239217094895445,112.74692310117658
Kabel Drop,77/03 -> 77/03-03,63.91,m,,
Homepass (Titik Rumah),77/03-04,1,pcs,-7.239295099999999,112.74709105
Kabel Drop,77/03 -> 77/03-04,42.34,m,,
Homepass (Titik Rumah),77/03-05,1,pcs,-7.23931235,112.74714984999999
Kabel Drop,77/03 -> 77/03-05,35.31,m,,
Homepass (Titik Rumah),77/03-06,1,pcs,-7.239265099999999,112.7472197
Kabel Drop,77/03 -> 77/03-06,24.88,m,,
Homepass (Titik Rumah),77/03-07,1,pcs,-7.239584499999998,112.74826755
Kabel Drop,77/03 -> 77/03-07,123.18,m,,
Homepass (Titik Rumah),77/03-08,1,pcs,-7.239608249247315,112.74831314319522
Kabel Drop,77/03 -> 77/03-08,129.96,m,,
ODP,77/04,1,pcs,-7.23944801975067,112.74689228707054
Kabel Distribusi,ODC 77 -> 77/04,42.38,m,,
Homepass (Titik Rumah),77/04-01,1,pcs,-7.239907436186206,112.74616983806355
Kabel Drop,77/04 -> 77/04-01,113.59,m,,
Homepass (Titik Rumah),77/04-02,1,pcs,-7.239447675244241,112.74666453874595
Kabel Drop,77/04 -> 77/04-02,30.15,m,,
Homepass (Titik Rumah),77/04-03,1,pcs,-7.239563049999999,112.74689554999999
Kabel Drop,77/04 -> 77/04-03,15.36,m,,
Homepass (Titik Rumah),77/04-04,1,pcs,-7.239379972136483,112.74684935875611
Kabel Drop,77/04 -> 77/04-04,10.71,m,,
Homepass (Titik Rumah),77/04-05,1,pcs,-7.23946974996608,112.74692362883216
Kabel Drop,77/04 -> 77/04-05,5.06,m,,
Homepass (Titik Rumah),77/04-06,1,pcs,-7.239094216889913,112.74653594983288
Kabel Drop,77/04 -> 77/04-06,66.74,m,,
Homepass (Titik Rumah),77/04-07,1,pcs,-7.2394931,112.7469977
Kabel Drop,77/04 -> 77/04-07,15.19,m,,
Homepass (Titik Rumah),77/04-08,1,pcs,-7.239513722852183,112.74705883381844
Kabel Drop,77/04 -> 77/04-08,23.73,m,,
ODC,ODC 78,1,pcs,-7.239923138299417,112.74740247581664
Join Closure,JOIN CLOSURE ODC 78,1,pcs,-7.239923138299417,112.74740247581664
ODP,78/01,1,pcs,-7.240151128795367,112.74747832780928
Kabel Distribusi,ODC 78 -> 78/01,32.04,m,,
Homepass (Titik Rumah),78/01-01,1,pcs,-7.240068278693507,112.74747090356466
Kabel Drop,78/01 -> 78/01-01,11.1,m,,
Homepass (Titik Rumah),78/01-02,1,pcs,-7.240198799999999,112.74743749999999
Kabel Drop,78/01 -> 78/01-02,8.35,m,,
Homepass (Titik Rumah),78/01-03,1,pcs,-7.2401956,112.7475567
Kabel Drop,78/01 -> 78/01-03,11.95,m,,
Homepass (Titik Rumah),78/01-04,1,pcs,-7.240208881314384,112.74736650149262
Kabel Drop,78/01 -> 78/01-04,16.69,m,,
Homepass (Titik Rumah),78/01-05,1,pcs,-7.240272550000002,112.74742545000001
Kabel Drop,78/01 -> 78/01-05,17.65,m,,
Homepass (Titik Rumah),78/01-06,1,pcs,-7.240287199999997,112.74754345000001
Kabel Drop,78/01 -> 78/01-06,20.1,m,,
Homepass (Titik Rumah),78/01-07,1,pcs,-7.240263776457873,112.74760478133226
Kabel Drop,78/01 -> 78/01-07,22.5,m,,
Homepass (Titik Rumah),78/01-08,1,pcs,-7.240248299999999,112.74728305
Kabel Drop,78/01 -> 78/01-08,28.92,m,,
ODP,78/02,1,pcs,-7.239919789705519,112.74753808023945
Kabel Distribusi,ODC 78 -> 78/02,17.96,m,,
Homepass (Titik Rumah),78/02-01,1,pcs,-7.239719500151924,112.74744853360633
Kabel Drop,78/02 -> 78/02-01,29.24,m,,
Homepass (Titik Rumah),78/02-02,1,pcs,-7.239773383153621,112.74744214480022
Kabel Drop,78/02 -> 78/02-02,23.3,m,,
Homepass (Titik Rumah),78/02-03,1,pcs,-7.239720025170331,112.74758628697258
Kabel Drop,78/02 -> 78/02-03,27.41,m,,
Homepass (Titik Rumah),78/02-04,1,pcs,-7.239786529411362,112.74764298072118
Kabel Drop,78/02 -> 78/02-04,22.56,m,,
Homepass (Titik Rumah),78/02-05,1,pcs,-7.239878129656132,112.7476476639044
Kabel Drop,78/02 -> 78/02-05,15.53,m,,
Homepass (Titik Rumah),78/02-06,1,pcs,-7.239866250000001,112.74721740000001
Kabel Drop,78/02 -> 78/02-06,43.05,m,,
Homepass (Titik Rumah),78/02-07,1,pcs,-7.23988405,112.74774655000002
Kabel Drop,78/02 -> 78/02-07,28.0,m,,
Homepass (Titik Rumah),78/02-08,1,pcs,-7.240055655409604,112.74739187106034
Kabel Drop,78/02 -> 78/02-08,26.52,m,,
ODP,78/03,1,pcs,-7.23994895364415,112.7470291532608
Kabel Distribusi,ODC 78 -> 78/03,49.54,m,,
Homepass (Titik Rumah),78/03-01,1,pcs,-7.240023099999998,112.74717434999998
Kabel Drop,78/03 -> 78/03-01,21.62,m,,
Homepass (Titik Rumah),78/03-02,1,pcs,-7.240115,112.74705115000002
Kabel Drop,78/03 -> 78/03-02,22.35,m,,
Homepass (Titik Rumah),78/03-03,1,pcs,-7.239820399999999,112.74709929999999
Kabel Drop,78/03 -> 78/03-03,19.51,m,,
Homepass (Titik Rumah),78/03-04,1,pcs,-7.2400355160956895,112.74695688205271
Kabel Drop,78/03 -> 78/03-04,15.0,m,,
Homepass (Titik Rumah),78/03-05,1,pcs,-7.239937799999999,112.74695774999999
Kabel Drop,78/03 -> 78/03-05,9.57,m,,
Homepass (Titik Rumah),78/03-06,1,pcs,-7.23984,112.74701625000002
Kabel Drop,78/03 -> 78/03-06,14.64,m,,
Homepass (Titik Rumah),78/03-07,1,pcs,-7.239893,112.74692784999999
Kabel Drop,78/03 -> 78/03-07,15.35,m,,
Homepass (Titik Rumah),78/03-08,1,pcs,-7.239975500453531,112.74686416624493
Kabel Drop,78/03 -> 78/03-08,22.12,m,,
ODP,78/04,1,pcs,-7.239576251191274,112.74756598374904
Kabel Distribusi,ODC 78 -> 78/04,51.1,m,,
Homepass (Titik Rumah),78/04-01,1,pcs,-7.239445043245831,112.7477073733717
Kabel Drop,78/04 -> 78/04-01,25.63,m,,
Homepass (Titik Rumah),78/04-02,1,pcs,-7.239398869325556,112.74766606897887
Kabel Drop,78/04 -> 78/04-02,27.12,m,,
Homepass (Titik Rumah),78/04-03,1,pcs,-7.2393908999999965,112.7475997
Kabel Drop,78/04 -> 78/04-03,25.13,m,,
Homepass (Titik Rumah),78/04-04,1,pcs,-7.2395656,112.74765515
Kabel Drop,78/04 -> 78/04-04,11.89,m,,
Homepass (Titik Rumah),78/04-05,1,pcs,-7.239343651903739,112.74755404299181
Kabel Drop,78/04 -> 78/04-05,31.08,m,,
Homepass (Titik Rumah),78/04-06,1,pcs,-7.239479350000001,112.7475199
Kabel Drop,78/04 -> 78/04-06,14.3,m,,
Homepass (Titik Rumah),78/04-07,1,pcs,-7.239362591249375,112.74750051700603
Kabel Drop,78/04 -> 78/04-07,29.8,m,,
Homepass (Titik Rumah),78/04-08,1,pcs,-7.239652635151196,112.7475933798112
Kabel Drop,78/04 -> 78/04-08,10.82,m,,
ODC,ODC 79,1,pcs,-7.239788267927901,112.74798977998167
Join Closure,JOIN CLOSURE ODC 79,1,pcs,-7.239788267927901,112.74798977998167
ODP,79/01,1,pcs,-7.239644,112.7478113
Kabel Distribusi,ODC 79 -> 79/01,30.48,m,,
Homepass (Titik Rumah),79/01-01,1,pcs,-7.239602429499814,112.74795311164895
Kabel Drop,79/01 -> 79/01-01,19.57,m,,
Homepass (Titik Rumah),79/01-02,1,pcs,-7.239486000000001,112.74798659999999
Kabel Drop,79/01 -> 79/01-02,31.35,m,,
Homepass (Titik Rumah),79/01-03,1,pcs,-7.239506400000001,112.74785645
Kabel Drop,79/01 -> 79/01-03,19.31,m,,
Homepass (Titik Rumah),79/01-04,1,pcs,-7.239495310322185,112.7478142860163
Kabel Drop,79/01 -> 79/01-04,19.84,m,,
Homepass (Titik Rumah),79/01-05,1,pcs,-7.239519944727345,112.74815357926171
Kabel Drop,79/01 -> 79/01-05,48.24,m,,
Homepass (Titik Rumah),79/01-06,1,pcs,-7.239680246101864,112.74773462670944
Kabel Drop,79/01 -> 79/01-06,11.24,m,,
Homepass (Titik Rumah),79/01-07,1,pcs,-7.239760099999999,112.74777135
Kabel Drop,79/01 -> 79/01-07,16.37,m,,
Homepass (Titik Rumah),79/01-08,1,pcs,-7.239429419283726,112.74776714794211
Kabel Drop,79/01 -> 79/01-08,29.22,m,,
ODP,79/02,1,pcs,-7.239739159572094,112.74800520101145
Kabel Distribusi,ODC 79 -> 79/02,6.86,m,,
Homepass (Titik Rumah),79/02-01,1,pcs,-7.2398145000000005,112.74804445
Kabel Drop,79/02 -> 79/02-01,11.32,m,,
Homepass (Titik Rumah),79/02-02,1,pcs,-7.239783199999999,112.74812079999998
Kabel Drop,79/02 -> 79/02-02,16.39,m,,
Homepass (Titik Rumah),79/02-03,1,pcs,-7.239816630605716,112.74789476768208
Kabel Drop,79/02 -> 79/02-03,17.9,m,,
Homepass (Titik Rumah),79/02-04,1,pcs,-7.239720820486193,112.74791888826445
Kabel Drop,79/02 -> 79/02-04,11.68,m,,
Homepass (Titik Rumah),79/02-05,1,pcs,-7.239627245037836,112.74811547161833
Kabel Drop,79/02 -> 79/02-05,20.88,m,,
Homepass (Titik Rumah),79/02-06,1,pcs,-7.239907905269198,112.74786387048037
Kabel Drop,79/02 -> 79/02-06,29.27,m,,
Homepass (Titik Rumah),79/02-07,1,pcs,-7.239659800000001,112.74818025
Kabel Drop,79/02 -> 79/02-07,25.48,m,,
Homepass (Titik Rumah),79/02-08,1,pcs,-7.23968705,112.74823390000002
Kabel Drop,79/02 -> 79/02-08,31.06,m,,
ODP,79/03,1,pcs,-7.239934923075163,112.74809464894388
Kabel Distribusi,ODC 79 -> 79/03,23.99,m,,
Homepass (Titik Rumah),79/03-01,1,pcs,-7.239996679674212,112.74816720474479
Kabel Drop,79/03 -> 79/03-01,12.65,m,,
Homepass (Titik Rumah),79/03-02,1,pcs,-7.23998360178723,112.74808186817404
Kabel Drop,79/03 -> 79/03-02,6.71,m,,
Homepass (Titik Rumah),79/03-03,1,pcs,-7.239907800000001,112.74810255
Kabel Drop,79/03 -> 79/03-03,3.77,m,,
Homepass (Titik Rumah),79/03-04,1,pcs,-7.239967163432216,112.74803149206164
Kabel Drop,79/03 -> 79/03-04,9.4,m,,
Homepass (Titik Rumah),79/03-05,1,pcs,-7.240128360409283,112.74809202038169
Kabel Drop,79/03 -> 79/03-05,25.81,m,,
Homepass (Titik Rumah),79/03-06,1,pcs,-7.239892230215441,112.74805260380204
Kabel Drop,79/03 -> 79/03-06,7.96,m,,
Homepass (Titik Rumah),79/03-07,1,pcs,-7.2398412486669095,112.74823597063386
Kabel Drop,79/03 -> 79/03-07,22.5,m,,
Homepass (Titik Rumah),79/03-08,1,pcs,-7.23993047153939,112.74799061851098
Kabel Drop,79/03 -> 79/03-08,13.78,m,,
ODP,79/04,1,pcs,-7.239939811668914,112.74838177814324
Kabel Distribusi,ODC 79 -> 79/04,55.69,m,,
Homepass (Titik Rumah),79/04-01,1,pcs,-7.240089900000003,112.7484773
Kabel Drop,79/04 -> 79/04-01,23.68,m,,
Homepass (Titik Rumah),79/04-02,1,pcs,-7.240062899999999,112.74838415000002
Kabel Drop,79/04 -> 79/04-02,16.43,m,,
Homepass (Titik Rumah),79/04-03,1,pcs,-7.239932818230101,112.74854194898644
Kabel Drop,79/04 -> 79/04-03,21.22,m,,
Homepass (Titik Rumah),79/04-04,1,pcs,-7.239909999999998,112.7484485
Kabel Drop,79/04 -> 79/04-04,9.69,m,,
Homepass (Titik Rumah),79/04-05,1,pcs,-7.240220835990417,112.74835056712755
Kabel Drop,79/04 -> 79/04-05,37.73,m,,
Homepass (Titik Rumah),79/04-06,1,pcs,-7.239996789420184,112.74829661739392
Kabel Drop,79/04 -> 79/04-06,13.6,m,,
Homepass (Titik Rumah),79/04-07,1,pcs,-7.239849029350616,112.74833744983043
Kabel Drop,79/04 -> 79/04-07,13.46,m,,
Homepass (Titik Rumah),79/04-08,1,pcs,-7.239944444046599,112.74820937942673
Kabel Drop,79/04 -> 79/04-08,22.83,m,,
ODC,ODC 80,1,pcs,-7.240546019739831,112.74775192575976
Join Closure,JOIN CLOSURE ODC 80,1,pcs,-7.240546019739831,112.74775192575976
ODP,80/01,1,pcs,-7.240596618018211,112.74796283953758
Kabel Distribusi,ODC 80 -> 80/01,28.72,m,,
Homepass (Titik Rumah),80/01-01,1,pcs,-7.240428060586299,112.7480691323324
Kabel Drop,80/01 -> 80/01-01,26.53,m,,
Homepass (Titik Rumah),80/01-02,1,pcs,-7.240417204496515,112.74801967714971
Kabel Drop,80/01 -> 80/01-02,25.09,m,,
Homepass (Titik Rumah),80/01-03,1,pcs,-7.240357420653302,112.74808638571267
Kabel Drop,80/01 -> 80/01-03,35.86,m,,
Homepass (Titik Rumah),80/01-04,1,pcs,-7.240338778318659,112.74802390852021
Kabel Drop,80/01 -> 80/01-04,35.34,m,,
Homepass (Titik Rumah),80/01-05,1,pcs,-7.24048089587553,112.7479794789847
Kabel Drop,80/01 -> 80/01-05,15.6,m,,
Homepass (Titik Rumah),80/01-06,1,pcs,-7.240397128630293,112.74794630697761
Kabel Drop,80/01 -> 80/01-06,26.71,m,,
Homepass (Titik Rumah),80/01-07,1,pcs,-7.240329243449273,112.74795977800075
Kabel Drop,80/01 -> 80/01-07,35.68,m,,
Homepass (Titik Rumah),80/01-08,1,pcs,-7.240546674316719,112.74797154105315
Kabel Drop,80/01 -> 80/01-08,6.76,m,,
ODP,80/02,1,pcs,-7.240528015309676,112.74767868046436
Kabel Distribusi,ODC 80 -> 80/02,9.99,m,,
Homepass (Titik Rumah),80/02-01,1,pcs,-7.2403309,112.7476432
Kabel Drop,80/02 -> 80/02-01,26.72,m,,
Homepass (Titik Rumah),80/02-02,1,pcs,-7.240424850000002,112.74760254999998
Kabel Drop,80/02 -> 80/02-02,17.06,m,,
Homepass (Titik Rumah),80/02-03,1,pcs,-7.240582825822623,112.74768481051919
Kabel Drop,80/02 -> 80/02-03,7.36,m,,
Homepass (Titik Rumah),80/02-04,1,pcs,-7.2405983,112.74781365000001
Kabel Drop,80/02 -> 80/02-04,20.18,m,,
Homepass (Titik Rumah),80/02-05,1,pcs,-7.240675229083836,112.74779601449349
Kabel Drop,80/02 -> 80/02-05,25.04,m,,
Homepass (Titik Rumah),80/02-06,1,pcs,-7.240650587690451,112.74787304932384
Kabel Drop,80/02 -> 80/02-06,30.49,m,,
Homepass (Titik Rumah),80/02-07,1,pcs,-7.240156272426222,112.7471951787908
Kabel Drop,80/02 -> 80/02-07,80.97,m,,
Homepass (Titik Rumah),80/02-08,1,pcs,-7.240781450742204,112.74782681793575
Kabel Drop,80/02 -> 80/02-08,39.09,m,,
ODP,80/03,1,pcs,-7.240333046346687,112.74782841777571
Kabel Distribusi,ODC 80 -> 80/03,30.17,m,,
Homepass (Titik Rumah),80/03-01,1,pcs,-7.240317699999998,112.74789039999999
Kabel Drop,80/03 -> 80/03-01,8.46,m,,
Homepass (Titik Rumah),80/03-02,1,pcs,-7.2402385,112.74795765000002
Kabel Drop,80/03 -> 80/03-02,21.26,m,,
Homepass (Titik Rumah),80/03-03,1,pcs,-7.24029167100328,112.74775858499581
Kabel Drop,80/03 -> 80/03-03,10.77,m,,
Homepass (Titik Rumah),80/03-04,1,pcs,-7.240175999999999,112.74783224999999
Kabel Drop,80/03 -> 80/03-04,20.96,m,,
Homepass (Titik Rumah),80/03-05,1,pcs,-7.240367797466245,112.74774493001996
Kabel Drop,80/03 -> 80/03-05,11.98,m,,
Homepass (Titik Rumah),80/03-06,1,pcs,-7.240473146215174,112.74785920616372
Kabel Drop,80/03 -> 80/03-06,19.13,m,,
Homepass (Titik Rumah),80/03-07,1,pcs,-7.240259857838161,112.74766067124165
Kabel Drop,80/03 -> 80/03-07,24.26,m,,
Homepass (Titik Rumah),80/03-08,1,pcs,-7.2404854499999995,112.74771009999998
Kabel Drop,80/03 -> 80/03-08,25.67,m,,
ODP,80/04,1,pcs,-7.24079972831498,112.74751974024846
Kabel Distribusi,ODC 80 -> 80/04,45.72,m,,
Homepass (Titik Rumah),80/04-01,1,pcs,-7.24084204401499,112.74751087893667
Kabel Drop,80/04 -> 80/04-01,5.77,m,,
Homepass (Titik Rumah),80/04-02,1,pcs,-7.240844096666502,112.7474410874902
Kabel Drop,80/04 -> 80/04-02,11.98,m,,
Homepass (Titik Rumah),80/04-03,1,pcs,-7.2409192,112.7474843
Kabel Drop,80/04 -> 80/04-03,16.62,m,,
Homepass (Titik Rumah),80/04-04,1,pcs,-7.24094655,112.747411
Kabel Drop,80/04 -> 80/04-04,24.31,m,,
Homepass (Titik Rumah),80/04-05,1,pcs,-7.240794900000002,112.74732809999999
Kabel Drop,80/04 -> 80/04-05,25.38,m,,
Homepass (Titik Rumah),80/04-06,1,pcs,-7.241046132015609,112.7474663271227
Kabel Drop,80/04 -> 80/04-06,33.63,m,,
Homepass (Titik Rumah),80/04-07,1,pcs,-7.240977082820848,112.7476957687054
Kabel Drop,80/04 -> 80/04-07,33.21,m,,
Homepass (Titik Rumah),80/04-08,1,pcs,-7.240676741673482,112.74767572839265
Kabel Drop,80/04 -> 80/04-08,26.38,m,,
ODC,ODC 81,1,pcs,-7.240866386698096,112.74758699600112
Join Closure,JOIN CLOSURE ODC 81,1,pcs,-7.240866386698096,112.74758699600112
ODP,81/01,1,pcs,-7.240794916544916,112.74749816608866
Kabel Distribusi,ODC 81 -> 81/01,15.14,m,,
Homepass (Titik Rumah),81/01-01,1,pcs,-7.24062828302455,112.74747063506928
Kabel Drop,81/01 -> 81/01-01,22.53,m,,
Homepass (Titik Rumah),81/01-02,1,pcs,-7.2406354,112.74757395
Kabel Drop,81/01 -> 81/01-02,23.53,m,,
Homepass (Titik Rumah),81/01-03,1,pcs,-7.240709675778065,112.74738749103189
Kabel Drop,81/01 -> 81/01-03,18.55,m,,
Homepass (Titik Rumah),81/01-04,1,pcs,-7.240744799999999,112.74750534999997
Kabel Drop,81/01 -> 81/01-04,6.75,m,,
Homepass (Titik Rumah),81/01-05,1,pcs,-7.2405736,112.7475915
Kabel Drop,81/01 -> 81/01-05,32.01,m,,
Homepass (Titik Rumah),81/01-06,1,pcs,-7.240699900000001,112.7476162
Kabel Drop,81/01 -> 81/01-06,20.12,m,,
Homepass (Titik Rumah),81/01-07,1,pcs,-7.240809811750373,112.74739407431723
Kabel Drop,81/01 -> 81/01-07,13.92,m,,
Homepass (Titik Rumah),81/01-08,1,pcs,-7.2407731744249295,112.74762114021661
Kabel Drop,81/01 -> 81/01-08,16.53,m,,
ODP,81/02,1,pcs,-7.2409988,112.7476351
Kabel Distribusi,ODC 81 -> 81/02,18.78,m,,
Homepass (Titik Rumah),81/02-01,1,pcs,-7.241068577263419,112.74738530307152
Kabel Drop,81/02 -> 81/02-01,34.35,m,,
Homepass (Titik Rumah),81/02-02,1,pcs,-7.241057104266602,112.74730418631289
Kabel Drop,81/02 -> 81/02-02,44.49,m,,
Homepass (Titik Rumah),81/02-03,1,pcs,-7.2411321252973,112.74766356994385
Kabel Drop,81/02 -> 81/02-03,18.18,m,,
Homepass (Titik Rumah),81/02-04,1,pcs,-7.241016380071954,112.74776395333971
Kabel Drop,81/02 -> 81/02-04,17.22,m,,
Homepass (Titik Rumah),81/02-05,1,pcs,-7.240697160664046,112.7472728762286
Kabel Drop,81/02 -> 81/02-05,62.6,m,,
Homepass (Titik Rumah),81/02-06,1,pcs,-7.24126565,112.74772915000003
Kabel Drop,81/02 -> 81/02-06,37.72,m,,
Homepass (Titik Rumah),81/02-07,1,pcs,-7.240923130507098,112.74781952828997
Kabel Drop,81/02 -> 81/02-07,26.42,m,,
Homepass (Titik Rumah),81/02-08,1,pcs,-7.240837050802077,112.7478161679966
Kabel Drop,81/02 -> 81/02-08,32.25,m,,
ODP,81/03,1,pcs,-7.2404501025443055,112.74736171716889
Kabel Distribusi,ODC 81 -> 81/03,63.04,m,,
Homepass (Titik Rumah),81/03-01,1,pcs,-7.240392663228956,112.74737254378415
Kabel Drop,81/03 -> 81/03-01,7.8,m,,
Homepass (Titik Rumah),81/03-02,1,pcs,-7.240486124765231,112.74731760863163
Kabel Drop,81/03 -> 81/03-02,7.56,m,,
Homepass (Titik Rumah),81/03-03,1,pcs,-7.2405122,112.74740785000002
Kabel Drop,81/03 -> 81/03-03,10.29,m,,
Homepass (Titik Rumah),81/03-04,1,pcs,-7.24045615,112.74721234999998
Kabel Drop,81/03 -> 81/03-04,19.79,m,,
Homepass (Titik Rumah),81/03-05,1,pcs,-7.2405659,112.74732010000001
Kabel Drop,81/03 -> 81/03-05,16.4,m,,
Homepass (Titik Rumah),81/03-06,1,pcs,-7.240532620465004,112.74748869185478
Kabel Drop,81/03 -> 81/03-06,20.09,m,,
Homepass (Titik Rumah),81/03-07,1,pcs,-7.240580193567833,112.74739007887042
Kabel Drop,81/03 -> 81/03-07,17.76,m,,
Homepass (Titik Rumah),81/03-08,1,pcs,-7.2405507999999985,112.74726755000002
Kabel Drop,81/03 -> 81/03-08,18.33,m,,
ODP,81/04,1,pcs,-7.24117548794253,112.74791739552668
Kabel Distribusi,ODC 81 -> 81/04,60.12,m,,
Homepass (Titik Rumah),81/04-01,1,pcs,-7.24106985,112.74787514999998
Kabel Drop,81/04 -> 81/04-01,15.16,m,,
Homepass (Titik Rumah),81/04-02,1,pcs,-7.2410158,112.7479269
Kabel Drop,81/04 -> 81/04-02,21.34,m,,
Homepass (Titik Rumah),81/04-03,1,pcs,-7.241139787469531,112.74792752018672
Kabel Drop,81/04 -> 81/04-03,4.95,m,,
Homepass (Titik Rumah),81/04-04,1,pcs,-7.241198448480586,112.74787656658563
Kabel Drop,81/04 -> 81/04-04,6.21,m,,
Homepass (Titik Rumah),81/04-05,1,pcs,-7.241136100000001,112.74799544999998
Kabel Drop,81/04 -> 81/04-05,11.59,m,,
Homepass (Titik Rumah),81/04-06,1,pcs,-7.240963703687117,112.74797856995485
Kabel Drop,81/04 -> 81/04-06,29.4,m,,
Homepass (Titik Rumah),81/04-07,1,pcs,-7.241060819237202,112.74802804602457
Kabel Drop,81/04 -> 81/04-07,21.18,m,,
Homepass (Titik Rumah),81/04-08,1,pcs,-7.241194056469627,112.74804406908581
Kabel Drop,81/04 -> 81/04-08,16.95,m,,
ODC,ODC 82,1,pcs,-7.240667992300745,112.74826652567023
Join Closure,JOIN CLOSURE ODC 82,1,pcs,-7.240667992300745,112.74826652567023
ODP,82/01,1,pcs,-7.240940227991096,112.74835148539115
Kabel Distribusi,ODC 82 -> 82/01,38.03,m,,
Homepass (Titik Rumah),82/01-01,1,pcs,-7.241152797438491,112.74825873388598
Kabel Drop,82/01 -> 82/01-01,30.91,m,,
Homepass (Titik Rumah),82/01-02,1,pcs,-7.241054549999993,112.74836244999999
Kabel Drop,82/01 -> 82/01-02,15.32,m,,
Homepass (Titik Rumah),82/01-03,1,pcs,-7.241015000000001,112.74832355
Kabel Drop,82/01 -> 82/01-03,10.64,m,,
Homepass (Titik Rumah),82/01-04,1,pcs,-7.240995629090827,112.748279882292
Kabel Drop,82/01 -> 82/01-04,12.02,m,,
Homepass (Titik Rumah),82/01-05,1,pcs,-7.241166241004293,112.74842358065999
Kabel Drop,82/01 -> 82/01-05,31.63,m,,
Homepass (Titik Rumah),82/01-06,1,pcs,-7.241068577092732,112.74840571602331
Kabel Drop,82/01 -> 82/01-06,18.57,m,,
Homepass (Titik Rumah),82/01-07,1,pcs,-7.240979314176768,112.74824511287811
Kabel Drop,82/01 -> 82/01-07,15.02,m,,
Homepass (Titik Rumah),82/01-08,1,pcs,-7.240972119134326,112.74820481817245
Kabel Drop,82/01 -> 82/01-08,19.88,m,,
ODP,82/02,1,pcs,-7.2406897,112.7483672
Kabel Distribusi,ODC 82 -> 82/02,13.64,m,,
Homepass (Titik Rumah),82/02-01,1,pcs,-7.2406302,112.74833915000002
Kabel Drop,82/02 -> 82/02-01,8.76,m,,
Homepass (Titik Rumah),82/02-02,1,pcs,-7.24059305,112.74836365000002
Kabel Drop,82/02 -> 82/02-02,12.9,m,,
Homepass (Titik Rumah),82/02-03,1,pcs,-7.240726750000001,112.7483771
Kabel Drop,82/02 -> 82/02-03,5.11,m,,
Homepass (Titik Rumah),82/02-04,1,pcs,-7.240512950000002,112.7483853
Kabel Drop,82/02 -> 82/02-04,23.71,m,,
Homepass (Titik Rumah),82/02-05,1,pcs,-7.24076505,112.74842715
Kabel Drop,82/02 -> 82/02-05,12.81,m,,
Homepass (Titik Rumah),82/02-06,1,pcs,-7.240801400000001,112.74831145
Kabel Drop,82/02 -> 82/02-06,16.63,m,,
Homepass (Titik Rumah),82/02-07,1,pcs,-7.2404467000000015,112.7483266
Kabel Drop,82/02 -> 82/02-07,32.87,m,,
Homepass (Titik Rumah),82/02-08,1,pcs,-7.240691766894834,112.74851379863831
Kabel Drop,82/02 -> 82/02-08,19.41,m,,
ODP,82/03,1,pcs,-7.240651939418065,112.74819407351433
Kabel Distribusi,ODC 82 -> 82/03,9.83,m,,
Homepass (Titik Rumah),82/03-01,1,pcs,-7.24058725,112.7481667
Kabel Drop,82/03 -> 82/03-01,9.36,m,,
Homepass (Titik Rumah),82/03-02,1,pcs,-7.24060145,112.74822359999997
Kabel Drop,82/03 -> 82/03-02,7.79,m,,
Homepass (Titik Rumah),82/03-03,1,pcs,-7.2405162,112.74812199999998
Kabel Drop,82/03 -> 82/03-03,20.47,m,,
Homepass (Titik Rumah),82/03-04,1,pcs,-7.24061020614929,112.7482781716979
Kabel Drop,82/03 -> 82/03-04,12.45,m,,
Homepass (Titik Rumah),82/03-05,1,pcs,-7.240718270621259,112.7482403456933
Kabel Drop,82/03 -> 82/03-05,10.76,m,,
Homepass (Titik Rumah),82/03-06,1,pcs,-7.240429999999999,112.74815125
Kabel Drop,82/03 -> 82/03-06,30.15,m,,
Homepass (Titik Rumah),82/03-07,1,pcs,-7.240442679969283,112.74823481456465
Kabel Drop,82/03 -> 82/03-07,28.44,m,,
Homepass (Titik Rumah),82/03-08,1,pcs,-7.240512600000001,112.74832635
Kabel Drop,82/03 -> 82/03-08,25.54,m,,
ODP,82/04,1,pcs,-7.240629828391805,112.74810165321142
Kabel Distribusi,ODC 82 -> 82/04,22.41,m,,
Homepass (Titik Rumah),82/04-01,1,pcs,-7.2407666,112.7480573
Kabel Drop,82/04 -> 82/04-01,19.17,m,,
Homepass (Titik Rumah),82/04-02,1,pcs,-7.2407391706845265,112.74799294316597
Kabel Drop,82/04 -> 82/04-02,20.49,m,,
Homepass (Titik Rumah),82/04-03,1,pcs,-7.24069534626715,112.74807347983082
Kabel Drop,82/04 -> 82/04-03,9.5,m,,
Homepass (Titik Rumah),82/04-04,1,pcs,-7.2406518,112.74808195
Kabel Drop,82/04 -> 82/04-04,3.92,m,,
Homepass (Titik Rumah),82/04-05,1,pcs,-7.240696203736448,112.74816957143571
Kabel Drop,82/04 -> 82/04-05,12.62,m,,
Homepass (Titik Rumah),82/04-06,1,pcs,-7.240647711273573,112.7479847703512
Kabel Drop,82/04 -> 82/04-06,15.65,m,,
Homepass (Titik Rumah),82/04-07,1,pcs,-7.2407683206864775,112.74822948723869
Kabel Drop,82/04 -> 82/04-07,25.06,m,,
Homepass (Titik Rumah),82/04-08,1,pcs,-7.240593928449119,112.74809920804991
Kabel Drop,82/04 -> 82/04-08,4.8,m,,
ODC,ODC 83,1,pcs,-7.24131371244635,112.74823702427638
Join Closure,JOIN CLOSURE ODC 83,1,pcs,-7.24131371244635,112.74823702427638
ODP,83/01,1,pcs,-7.241402775810784,112.74844904904677
Kabel Distribusi,ODC 83 -> 83/01,30.48,m,,
Homepass (Titik Rumah),83/01-01,1,pcs,-7.2413787322765675,112.74865880118534
Kabel Drop,83/01 -> 83/01-01,27.95,m,,
Homepass (Titik Rumah),83/01-02,1,pcs,-7.2413950686203306,112.74855454135998
Kabel Drop,83/01 -> 83/01-02,14.0,m,,
Homepass (Titik Rumah),83/01-03,1,pcs,-7.241510500000001,112.7485881
Kabel Drop,83/01 -> 83/01-03,23.35,m,,
Homepass (Titik Rumah),83/01-04,1,pcs,-7.241344017276488,112.7484850491027
Kabel Drop,83/01 -> 83/01-04,9.17,m,,
Homepass (Titik Rumah),83/01-05,1,pcs,-7.241291505071135,112.74840956881573
Kabel Drop,83/01 -> 83/01-05,15.74,m,,
Homepass (Titik Rumah),83/01-06,1,pcs,-7.241459149999998,112.74839184999998
Kabel Drop,83/01 -> 83/01-06,10.67,m,,
Homepass (Titik Rumah),83/01-07,1,pcs,-7.24156915,112.74824125
Kabel Drop,83/01 -> 83/01-07,35.35,m,,
Homepass (Titik Rumah),83/01-08,1,pcs,-7.2414919,112.74816715000001
Kabel Drop,83/01 -> 83/01-08,39.16,m,,
ODP,83/02,1,pcs,-7.241260427843986,112.74810683382755
Kabel Distribusi,ODC 83 -> 83/02,18.64,m,,
Homepass (Titik Rumah),83/02-01,1,pcs,-7.241101450268689,112.74808588013524
Kabel Drop,83/02 -> 83/02-01,21.39,m,,
Homepass (Titik Rumah),83/02-02,1,pcs,-7.241124731117188,112.74815150278305
Kabel Drop,83/02 -> 83/02-02,19.05,m,,
Homepass (Titik Rumah),83/02-03,1,pcs,-7.241108662010886,112.74818226350374
Kabel Drop,83/02 -> 83/02-03,22.58,m,,
Homepass (Titik Rumah),83/02-04,1,pcs,-7.241056900000001,112.74817435
Kabel Drop,83/02 -> 83/02-04,28.59,m,,
Homepass (Titik Rumah),83/02-05,1,pcs,-7.241002817488441,112.74814504927976
Kabel Drop,83/02 -> 83/02-05,34.74,m,,
Homepass (Titik Rumah),83/02-06,1,pcs,-7.2410660907278865,112.74821338226069
Kabel Drop,83/02 -> 83/02-06,29.52,m,,
Homepass (Titik Rumah),83/02-07,1,pcs,-7.241210149999999,112.7481983
Kabel Drop,83/02 -> 83/02-07,13.84,m,,
Homepass (Titik Rumah),83/02-08,1,pcs,-7.241081149999999,112.74824935000001
Kabel Drop,83/02 -> 83/02-08,30.47,m,,
ODP,83/03,1,pcs,-7.2409994850492145,112.74851631191706
Kabel Distribusi,ODC 83 -> 83/03,55.9,m,,
Homepass (Titik Rumah),83/03-01,1,pcs,-7.241073200000002,112.74845734999997
Kabel Drop,83/03 -> 83/03-01,12.56,m,,
Homepass (Titik Rumah),83/03-02,1,pcs,-7.241083817288668,112.74849824955703
Kabel Drop,83/03 -> 83/03-02,11.5,m,,
Homepass (Titik Rumah),83/03-03,1,pcs,-7.2411676499999995,112.74851000000001
Kabel Drop,83/03 -> 83/03-03,22.45,m,,
Homepass (Titik Rumah),83/03-04,1,pcs,-7.241131819865788,112.7485792154632
Kabel Drop,83/03 -> 83/03-04,19.52,m,,
Homepass (Titik Rumah),83/03-05,1,pcs,-7.2409407,112.7485413
Kabel Drop,83/03 -> 83/03-05,8.51,m,,
Homepass (Titik Rumah),83/03-06,1,pcs,-7.24090425,112.74842220000001
Kabel Drop,83/03 -> 83/03-06,17.8,m,,
Homepass (Titik Rumah),83/03-07,1,pcs,-7.241130069098875,112.74862871550772
Kabel Drop,83/03 -> 83/03-07,22.91,m,,
Homepass (Titik Rumah),83/03-08,1,pcs,-7.240893968283466,112.74837334790125
Kabel Drop,83/03 -> 83/03-08,23.59,m,,
ODP,83/04,1,pcs,-7.241229055891519,112.74802438137438
Kabel Distribusi,ODC 83 -> 83/04,30.33,m,,
Homepass (Titik Rumah),83/04-01,1,pcs,-7.241370748003907,112.74805113394545
Kabel Drop,83/04 -> 83/04-01,19.24,m,,
Homepass (Titik Rumah),83/04-02,1,pcs,-7.241279744611901,112.74793051673687
Kabel Drop,83/04 -> 83/04-02,14.15,m,,
Homepass (Titik Rumah),83/04-03,1,pcs,-7.241769601922631,112.74818303188877
Kabel Drop,83/04 -> 83/04-03,75.12,m,,
Homepass (Titik Rumah),83/04-04,1,pcs,-7.240922149999999,112.74814894999999
Kabel Drop,83/04 -> 83/04-04,44.15,m,,
Homepass (Titik Rumah),83/04-05,1,pcs,-7.240888585498972,112.7480393533826
Kabel Drop,83/04 -> 83/04-05,45.47,m,,
Homepass (Titik Rumah),83/04-06,1,pcs,-7.2408601287279994,112.74793950726315
Kabel Drop,83/04 -> 83/04-06,50.49,m,,
Homepass (Titik Rumah),83/04-07,1,pcs,-7.240801874950472,112.7481317085471
Kabel Drop,83/04 -> 83/04-07,58.74,m,,
Homepass (Titik Rumah),83/04-08,1,pcs,-7.240855867155764,112.74831348235175
Kabel Drop,83/04 -> 83/04-08,62.8,m,,
ODC,ODC 84,1,pcs,-7.24194819807146,112.74849337566435
Join Closure,JOIN CLOSURE ODC 84,1,pcs,-7.24194819807146,112.74849337566435
ODP,84/01,1,pcs,-7.241985295196802,112.7485483827895
Kabel Distribusi,ODC 84 -> 84/01,8.8,m,,
Homepass (Titik Rumah),84/01-01,1,pcs,-7.24197825,112.74861755
Kabel Drop,84/01 -> 84/01-01,9.2,m,,
Homepass (Titik Rumah),84/01-02,1,pcs,-7.241926250000001,112.74865154999999
Kabel Drop,84/01 -> 84/01-02,15.77,m,,
Homepass (Titik Rumah),84/01-03,1,pcs,-7.2418805000000015,112.74870000000003
Kabel Drop,84/01 -> 84/01-03,24.46,m,,
Homepass (Titik Rumah),84/01-04,1,pcs,-7.242084299999999,112.74850049999999
Kabel Drop,84/01 -> 84/01-04,14.65,m,,
Homepass (Titik Rumah),84/01-05,1,pcs,-7.241913367064881,112.74846665085903
Kabel Drop,84/01 -> 84/01-05,14.46,m,,
Homepass (Titik Rumah),84/01-06,1,pcs,-7.2419738,112.74844525
Kabel Drop,84/01 -> 84/01-06,13.74,m,,
Homepass (Titik Rumah),84/01-07,1,pcs,-7.241856438353263,112.74848058083909
Kabel Drop,84/01 -> 84/01-07,19.4,m,,
Homepass (Titik Rumah),84/01-08,1,pcs,-7.241826052858277,112.74872131877962
Kabel Drop,84/01 -> 84/01-08,31.23,m,,
ODP,84/02,1,pcs,-7.241658643070933,112.74843533861807
Kabel Distribusi,ODC 84 -> 84/02,39.39,m,,
Homepass (Titik Rumah),84/02-01,1,pcs,-7.24179495,112.74848585
Kabel Drop,84/02 -> 84/02-01,19.38,m,,
Homepass (Titik Rumah),84/02-02,1,pcs,-7.24173565,112.7484891
Kabel Drop,84/02 -> 84/02-02,12.5,m,,
Homepass (Titik Rumah),84/02-03,1,pcs,-7.2416929,112.7485339
Kabel Drop,84/02 -> 84/02-03,13.82,m,,
Homepass (Titik Rumah),84/02-04,1,pcs,-7.24178795,112.74864895
Kabel Drop,84/02 -> 84/02-04,33.12,m,,
Homepass (Titik Rumah),84/02-05,1,pcs,-7.2416325499999985,112.74854090000001
Kabel Drop,84/02 -> 84/02-05,14.4,m,,
Homepass (Titik Rumah),84/02-06,1,pcs,-7.241595349999999,112.74859575
Kabel Drop,84/02 -> 84/02-06,22.85,m,,
Homepass (Titik Rumah),84/02-07,1,pcs,-7.241696654561205,112.74870671987554
Kabel Drop,84/02 -> 84/02-07,36.28,m,,
Homepass (Titik Rumah),84/02-08,1,pcs,-7.241773547330446,112.7487419313003
Kabel Drop,84/02 -> 84/02-08,43.38,m,,
ODP,84/03,1,pcs,-7.241683063689339,112.74884424296397
Kabel Distribusi,ODC 84 -> 84/03,58.38,m,,
Homepass (Titik Rumah),84/03-01,1,pcs,-7.241719691754475,112.7487732302906
Kabel Drop,84/03 -> 84/03-01,10.59,m,,
Homepass (Titik Rumah),84/03-02,1,pcs,-7.241656550000002,112.74877545
Kabel Drop,84/03 -> 84/03-02,9.77,m,,
Homepass (Titik Rumah),84/03-03,1,pcs,-7.241597699999999,112.74878985
Kabel Drop,84/03 -> 84/03-03,13.48,m,,
Homepass (Titik Rumah),84/03-04,1,pcs,-7.2415400000000005,112.74866429999999
Kabel Drop,84/03 -> 84/03-04,30.52,m,,
Homepass (Titik Rumah),84/03-05,1,pcs,-7.2417080799001425,112.74900358417169
Kabel Drop,84/03 -> 84/03-05,21.35,m,,
Homepass (Titik Rumah),84/03-06,1,pcs,-7.241500044542395,112.74886493056246
Kabel Drop,84/03 -> 84/03-06,24.57,m,,
Homepass (Titik Rumah),84/03-07,1,pcs,-7.241795449999999,112.74900269999998
Kabel Drop,84/03 -> 84/03-07,25.78,m,,
Homepass (Titik Rumah),84/03-08,1,pcs,-7.241942949999999,112.74886975
Kabel Drop,84/03 -> 84/03-08,34.84,m,,
ODP,84/04,1,pcs,-7.242389224568116,112.74826017349372
Kabel Distribusi,ODC 84 -> 84/04,66.45,m,,
Homepass (Titik Rumah),84/04-01,1,pcs,-7.242238500000001,112.74837109999999
Kabel Drop,84/04 -> 84/04-01,24.9,m,,
Homepass (Titik Rumah),84/04-02,1,pcs,-7.2423376826040045,112.74836030068825
Kabel Drop,84/04 -> 84/04-02,14.93,m,,
Homepass (Titik Rumah),84/04-03,1,pcs,-7.242318537041739,112.7483095974183
Kabel Drop,84/04 -> 84/04-03,11.48,m,,
Homepass (Titik Rumah),84/04-04,1,pcs,-7.242283724755533,112.7482736143177
Kabel Drop,84/04 -> 84/04-04,14.19,m,,
Homepass (Titik Rumah),84/04-05,1,pcs,-7.242251999999999,112.7481954
Kabel Drop,84/04 -> 84/04-05,20.22,m,,
Homepass (Titik Rumah),84/04-06,1,pcs,-7.242079715456974,112.74828401782258
Kabel Drop,84/04 -> 84/04-06,41.42,m,,
Homepass (Titik Rumah),84/04-07,1,pcs,-7.2424825607591305,112.74832416732846
Kabel Drop,84/04 -> 84/04-07,15.06,m,,
Homepass (Titik Rumah),84/04-08,1,pcs,-7.242466849440985,112.74826086757189
Kabel Drop,84/04 -> 84/04-08,10.36,m,,
ODC,ODC 85,1,pcs,-7.24230930828642,112.74808465959018
Join Closure,JOIN CLOSURE ODC 85,1,pcs,-7.24230930828642,112.74808465959018
ODP,85/01,1,pcs,-7.242351269149041,112.74817680647953
Kabel Distribusi,ODC 85 -> 85/01,13.42,m,,
Homepass (Titik Rumah),85/01-01,1,pcs,-7.242436768683668,112.74819384668749
Kabel Drop,85/01 -> 85/01-01,11.63,m,,
Homepass (Titik Rumah),85/01-02,1,pcs,-7.242396764913329,112.74810710152478
Kabel Drop,85/01 -> 85/01-02,11.04,m,,
Homepass (Titik Rumah),85/01-03,1,pcs,-7.242575863599658,112.7481486522605
Kabel Drop,85/01 -> 85/01-03,30.2,m,,
Homepass (Titik Rumah),85/01-04,1,pcs,-7.242377834778647,112.74805653429738
Kabel Drop,85/01 -> 85/01-04,16.31,m,,
Homepass (Titik Rumah),85/01-05,1,pcs,-7.242559800000004,112.74810715
Kabel Drop,85/01 -> 85/01-05,29.31,m,,
Homepass (Titik Rumah),85/01-06,1,pcs,-7.24259135,112.74818855
Kabel Drop,85/01 -> 85/01-06,32.07,m,,
Homepass (Titik Rumah),85/01-07,1,pcs,-7.242543225090128,112.74806436419776
Kabel Drop,85/01 -> 85/01-07,29.62,m,,
Homepass (Titik Rumah),85/01-08,1,pcs,-7.242520368585324,112.74800553353415
Kabel Drop,85/01 -> 85/01-08,31.99,m,,
ODP,85/02,1,pcs,-7.2422795,112.7480192
Kabel Distribusi,ODC 85 -> 85/02,9.53,m,,
Homepass (Titik Rumah),85/02-01,1,pcs,-7.24220645,112.74788
Kabel Drop,85/02 -> 85/02-01,20.85,m,,
Homepass (Titik Rumah),85/02-02,1,pcs,-7.24215305368713,112.74797596899654
Kabel Drop,85/02 -> 85/02-02,17.82,m,,
Homepass (Titik Rumah),85/02-03,1,pcs,-7.242276146927148,112.74798023333331
Kabel Drop,85/02 -> 85/02-03,5.18,m,,
Homepass (Titik Rumah),85/02-04,1,pcs,-7.242219967370374,112.74808298334094
Kabel Drop,85/02 -> 85/02-04,11.59,m,,
Homepass (Titik Rumah),85/02-05,1,pcs,-7.242103264883512,112.74766735520618
Kabel Drop,85/02 -> 85/02-05,52.17,m,,
Homepass (Titik Rumah),85/02-06,1,pcs,-7.24201427361502,112.74815342420061
Kabel Drop,85/02 -> 85/02-06,39.6,m,,
Homepass (Titik Rumah),85/02-07,1,pcs,-7.242352149999999,112.74719535
Kabel Drop,85/02 -> 85/02-07,109.48,m,,
Homepass (Titik Rumah),85/02-08,1,pcs,-7.24260776142729,112.74856432228462
Kabel Drop,85/02 -> 85/02-08,84.41,m,,
ODP,85/03,1,pcs,-7.242783376398913,112.7482350524494
Kabel Distribusi,ODC 85 -> 85/03,66.32,m,,
Homepass (Titik Rumah),85/03-01,1,pcs,-7.242651649999999,112.74821059999998
Kabel Drop,85/03 -> 85/03-01,17.87,m,,
Homepass (Titik Rumah),85/03-02,1,pcs,-7.242651918443186,112.74825192645623
Kabel Drop,85/03 -> 85/03-02,17.68,m,,
Homepass (Titik Rumah),85/03-03,1,pcs,-7.242740694672505,112.7481902612444
Kabel Drop,85/03 -> 85/03-03,8.22,m,,
Homepass (Titik Rumah),85/03-04,1,pcs,-7.242741349999999,112.74824339999998
Kabel Drop,85/03 -> 85/03-04,5.72,m,,
Homepass (Titik Rumah),85/03-05,1,pcs,-7.242651279323414,112.74831911416345
Kabel Drop,85/03 -> 85/03-05,20.84,m,,
Homepass (Titik Rumah),85/03-06,1,pcs,-7.242712744184739,112.74830562855135
Kabel Drop,85/03 -> 85/03-06,13.27,m,,
Homepass (Titik Rumah),85/03-07,1,pcs,-7.242767329884797,112.74830003686144
Kabel Drop,85/03 -> 85/03-07,8.86,m,,
Homepass (Titik Rumah),85/03-08,1,pcs,-7.242820283808277,112.74821717988635
Kabel Drop,85/03 -> 85/03-08,5.46,m,,
ODP,85/04,1,pcs,-7.242213626346799,112.74772974008303
Kabel Distribusi,ODC 85 -> 85/04,48.68,m,,
Homepass (Titik Rumah),85/04-01,1,pcs,-7.242433300000001,112.74781475
Kabel Drop,85/04 -> 85/04-01,31.4,m,,
Homepass (Titik Rumah),85/04-02,1,pcs,-7.242402684864122,112.74773089884461
Kabel Drop,85/04 -> 85/04-02,25.23,m,,
Homepass (Titik Rumah),85/04-03,1,pcs,-7.242295799999999,112.74780974999999
Kabel Drop,85/04 -> 85/04-03,15.24,m,,
Homepass (Titik Rumah),85/04-04,1,pcs,-7.2423556499999995,112.74794059999998
Kabel Drop,85/04 -> 85/04-04,33.74,m,,
Homepass (Titik Rumah),85/04-05,1,pcs,-7.242254900000001,112.74785515000002
Kabel Drop,85/04 -> 85/04-05,17.49,m,,
Homepass (Titik Rumah),85/04-06,1,pcs,-7.242402885133073,112.74761344465982
Kabel Drop,85/04 -> 85/04-06,29.58,m,,
Homepass (Titik Rumah),85/04-07,1,pcs,-7.242346618197959,112.74800406666667
Kabel Drop,85/04 -> 85/04-07,40.42,m,,
Homepass (Titik Rumah),85/04-08,1,pcs,-7.242257049999999,112.74792840000002
Kabel Drop,85/04 -> 85/04-08,26.93,m,,
ODC,ODC 86,1,pcs,-7.242247673851319,112.74869427451101
Join Closure,JOIN CLOSURE ODC 86,1,pcs,-7.242247673851319,112.74869427451101
ODP,86/01,1,pcs,-7.242450257168196,112.748669537718
Kabel Distribusi,ODC 86 -> 86/01,27.23,m,,
Homepass (Titik Rumah),86/01-01,1,pcs,-7.2425174000000005,112.7487761
Kabel Drop,86/01 -> 86/01-01,16.71,m,,
Homepass (Titik Rumah),86/01-02,1,pcs,-7.242463400000001,112.74879469999999
Kabel Drop,86/01 -> 86/01-02,16.66,m,,
Homepass (Titik Rumah),86/01-03,1,pcs,-7.242608400000001,112.74886919999999
Kabel Drop,86/01 -> 86/01-03,33.82,m,,
Homepass (Titik Rumah),86/01-04,1,pcs,-7.242432917338028,112.74887732347803
Kabel Drop,86/01 -> 86/01-04,27.6,m,,
Homepass (Titik Rumah),86/01-05,1,pcs,-7.242667075354975,112.74886591183727
Kabel Drop,86/01 -> 86/01-05,38.89,m,,
Homepass (Titik Rumah),86/01-06,1,pcs,-7.242332029259232,112.74882480549167
Kabel Drop,86/01 -> 86/01-06,25.91,m,,
Homepass (Titik Rumah),86/01-07,1,pcs,-7.2424,112.74894130000003
Kabel Drop,86/01 -> 86/01-07,36.59,m,,
Homepass (Titik Rumah),86/01-08,1,pcs,-7.242338886312859,112.74888764849898
Kabel Drop,86/01 -> 86/01-08,32.47,m,,
ODP,86/02,1,pcs,-7.242273185147943,112.74868393819442
Kabel Distribusi,ODC 86 -> 86/02,3.67,m,,
Homepass (Titik Rumah),86/02-01,1,pcs,-7.241892730579178,112.7489690072703
Kabel Drop,86/02 -> 86/02-01,63.25,m,,
Homepass (Titik Rumah),86/02-02,1,pcs,-7.242367800000002,112.74861139999999
Kabel Drop,86/02 -> 86/02-02,15.86,m,,
Homepass (Titik Rumah),86/02-03,1,pcs,-7.242074289276494,112.74838803068299
Kabel Drop,86/02 -> 86/02-03,47.31,m,,
Homepass (Titik Rumah),86/02-04,1,pcs,-7.242355008345738,112.74855022160743
Kabel Drop,86/02 -> 86/02-04,20.8,m,,
Homepass (Titik Rumah),86/02-05,1,pcs,-7.24231944090087,112.74849517908005
Kabel Drop,86/02 -> 86/02-05,25.74,m,,
Homepass (Titik Rumah),86/02-06,1,pcs,-7.242185884419461,112.7483687245808
Kabel Drop,86/02 -> 86/02-06,43.32,m,,
Homepass (Titik Rumah),86/02-07,1,pcs,-7.242313235373269,112.74843839891513
Kabel Drop,86/02 -> 86/02-07,32.94,m,,
Homepass (Titik Rumah),86/02-08,1,pcs,-7.242446623359888,112.74857128522537
Kabel Drop,86/02 -> 86/02-08,27.53,m,,
ODP,86/03,1,pcs,-7.242135841171511,112.74871326715324
Kabel Distribusi,ODC 86 -> 86/03,15.13,m,,
Homepass (Titik Rumah),86/03-01,1,pcs,-7.242196133720322,112.74875173114374
Kabel Drop,86/03 -> 86/03-01,9.52,m,,
Homepass (Titik Rumah),86/03-02,1,pcs,-7.24216670485784,112.74866810222822
Kabel Drop,86/03 -> 86/03-02,7.26,m,,
Homepass (Titik Rumah),86/03-03,1,pcs,-7.242052350000002,112.74879675
Kabel Drop,86/03 -> 86/03-03,15.69,m,,
Homepass (Titik Rumah),86/03-04,1,pcs,-7.2421825825127435,112.74857973781924
Kabel Drop,86/03 -> 86/03-04,18.74,m,,
Homepass (Titik Rumah),86/03-05,1,pcs,-7.242272746157156,112.74859710037633
Kabel Drop,86/03 -> 86/03-05,23.88,m,,
Homepass (Titik Rumah),86/03-06,1,pcs,-7.242110449999999,112.74859805
Kabel Drop,86/03 -> 86/03-06,15.62,m,,
Homepass (Titik Rumah),86/03-07,1,pcs,-7.242049150000001,112.7486174
Kabel Drop,86/03 -> 86/03-07,17.17,m,,
Homepass (Titik Rumah),86/03-08,1,pcs,-7.242005446123319,112.74885766144882
Kabel Drop,86/03 -> 86/03-08,25.85,m,,
ODP,86/04,1,pcs,-7.242198090929158,112.74897984931664
Kabel Distribusi,ODC 86 -> 86/04,38.38,m,,
Homepass (Titik Rumah),86/04-01,1,pcs,-7.242340799999999,112.74902254999999
Kabel Drop,86/04 -> 86/04-01,19.86,m,,
Homepass (Titik Rumah),86/04-02,1,pcs,-7.24234979266055,112.74906579649142
Kabel Drop,86/04 -> 86/04-02,23.22,m,,
Homepass (Titik Rumah),86/04-03,1,pcs,-7.2422390000000005,112.7489102
Kabel Drop,86/04 -> 86/04-03,10.71,m,,
Homepass (Titik Rumah),86/04-04,1,pcs,-7.242117299999999,112.74906569999997
Kabel Drop,86/04 -> 86/04-04,15.66,m,,
Homepass (Titik Rumah),86/04-05,1,pcs,-7.2422043,112.74883124999998
Kabel Drop,86/04 -> 86/04-05,19.69,m,,
Homepass (Titik Rumah),86/04-06,1,pcs,-7.242093389717578,112.7489464824564
Kabel Drop,86/04 -> 86/04-06,14.65,m,,
Homepass (Titik Rumah),86/04-07,1,pcs,-7.242111055694456,112.74918557270142
Kabel Drop,86/04 -> 86/04-07,29.6,m,,
Homepass (Titik Rumah),86/04-08,1,pcs,-7.24228625,112.74874600000003
Kabel Drop,86/04 -> 86/04-08,33.11,m,,
ODC,ODC 87,1,pcs,-7.242707411210397,112.74887597570384
Join Closure,JOIN CLOSURE ODC 87,1,pcs,-7.242707411210397,112.74887597570384
ODP,87/01,1,pcs,-7.242766882148934,112.74903899338207
Kabel Distribusi,ODC 87 -> 87/01,22.99,m,,
Homepass (Titik Rumah),87/01-01,1,pcs,-7.242720411069152,112.74904825299782
Kabel Drop,87/01 -> 87/01-01,6.32,m,,
Homepass (Titik Rumah),87/01-02,1,pcs,-7.242747584755554,112.74908218137932
Kabel Drop,87/01 -> 87/01-02,6.27,m,,
Homepass (Titik Rumah),87/01-03,1,pcs,-7.242717980122646,112.74898225911983
Kabel Drop,87/01 -> 87/01-03,9.95,m,,
Homepass (Titik Rumah),87/01-04,1,pcs,-7.242777769267542,112.74893207723018
Kabel Drop,87/01 -> 87/01-04,14.23,m,,
Homepass (Titik Rumah),87/01-05,1,pcs,-7.242753399999999,112.74917435
Kabel Drop,87/01 -> 87/01-05,18.01,m,,
Homepass (Titik Rumah),87/01-06,1,pcs,-7.242797468770687,112.74915698518991
Kabel Drop,87/01 -> 87/01-06,16.14,m,,
Homepass (Titik Rumah),87/01-07,1,pcs,-7.2426408328137954,112.74892258189077
Kabel Drop,87/01 -> 87/01-07,22.81,m,,
Homepass (Titik Rumah),87/01-08,1,pcs,-7.2428866407802115,112.74904717575482
Kabel Drop,87/01 -> 87/01-08,16.02,m,,
ODP,87/02,1,pcs,-7.2426083,112.749113
Kabel Distribusi,ODC 87 -> 87/02,34.05,m,,
Homepass (Titik Rumah),87/02-01,1,pcs,-7.242548050000001,112.74915845000001
Kabel Drop,87/02 -> 87/02-01,10.04,m,,
Homepass (Titik Rumah),87/02-02,1,pcs,-7.242524994924045,112.74908498074836
Kabel Drop,87/02 -> 87/02-02,11.72,m,,
Homepass (Titik Rumah),87/02-03,1,pcs,-7.242647800000002,112.74909959999998
Kabel Drop,87/02 -> 87/02-03,5.56,m,,
Homepass (Titik Rumah),87/02-04,1,pcs,-7.242617799999997,112.74905310000001
Kabel Drop,87/02 -> 87/02-04,8.03,m,,
Homepass (Titik Rumah),87/02-05,1,pcs,-7.242683399999999,112.74918074999997
Kabel Drop,87/02 -> 87/02-05,13.45,m,,
Homepass (Titik Rumah),87/02-06,1,pcs,-7.242698966830059,112.74922864987592
Kabel Drop,87/02 -> 87/02-06,19.51,m,,
Homepass (Titik Rumah),87/02-07,1,pcs,-7.24264315,112.74898455
Kabel Drop,87/02 -> 87/02-07,17.63,m,,
Homepass (Titik Rumah),87/02-08,1,pcs,-7.24241376033871,112.74900572307862
Kabel Drop,87/02 -> 87/02-08,29.59,m,,
ODP,87/03,1,pcs,-7.242680885553595,112.74874128747489
Kabel Distribusi,ODC 87 -> 87/03,18.18,m,,
Homepass (Titik Rumah),87/03-01,1,pcs,-7.242653899999999,112.74872880000001
Kabel Drop,87/03 -> 87/03-01,3.96,m,,
Homepass (Titik Rumah),87/03-02,1,pcs,-7.2426293000000035,112.74877559999999
Kabel Drop,87/03 -> 87/03-02,8.25,m,,
Homepass (Titik Rumah),87/03-03,1,pcs,-7.242594550000001,112.74873110000001
Kabel Drop,87/03 -> 87/03-03,11.6,m,,
Homepass (Titik Rumah),87/03-04,1,pcs,-7.242629,112.7486727
Kabel Drop,87/03 -> 87/03-04,11.42,m,,
Homepass (Titik Rumah),87/03-05,1,pcs,-7.242657744905908,112.7488106297537
Kabel Drop,87/03 -> 87/03-05,9.68,m,,
Homepass (Titik Rumah),87/03-06,1,pcs,-7.242586246560483,112.74880402699726
Kabel Drop,87/03 -> 87/03-06,15.11,m,,
Homepass (Titik Rumah),87/03-07,1,pcs,-7.2427369499999985,112.74879865
Kabel Drop,87/03 -> 87/03-07,10.66,m,,
Homepass (Titik Rumah),87/03-08,1,pcs,-7.242615100000001,112.74862085000001
Kabel Drop,87/03 -> 87/03-08,18.2,m,,
ODP,87/04,1,pcs,-7.242680688458873,112.74864450893955
Kabel Distribusi,ODC 87 -> 87/04,30.85,m,,
Homepass (Titik Rumah),87/04-01,1,pcs,-7.242845050163709,112.74865899131457
Kabel Drop,87/04 -> 87/04-01,22.02,m,,
Homepass (Titik Rumah),87/04-02,1,pcs,-7.242921874238796,112.74862668552584
Kabel Drop,87/04 -> 87/04-02,32.27,m,,
Homepass (Titik Rumah),87/04-03,1,pcs,-7.242755899999999,112.74871265
Kabel Drop,87/04 -> 87/04-03,13.49,m,,
Homepass (Titik Rumah),87/04-04,1,pcs,-7.242739599999999,112.74865670000001
Kabel Drop,87/04 -> 87/04-04,8.02,m,,
Homepass (Titik Rumah),87/04-05,1,pcs,-7.242834974968585,112.74855190741623
Kabel Drop,87/04 -> 87/04-05,23.96,m,,
Homepass (Titik Rumah),87/04-06,1,pcs,-7.242737226960458,112.74860455327585
Kabel Drop,87/04 -> 87/04-06,9.21,m,,
Homepass (Titik Rumah),87/04-07,1,pcs,-7.2427466,112.7487541
Kabel Drop,87/04 -> 87/04-07,16.96,m,,
Homepass (Titik Rumah),87/04-08,1,pcs,-7.242715426576941,112.74855944058092
Kabel Drop,87/04 -> 87/04-08,12.18,m,,
ODC,ODC 88,1,pcs,-7.242954096866443,112.74845665996013
Join Closure,JOIN CLOSURE ODC 88,1,pcs,-7.242954096866443,112.74845665996013
ODP,88/01,1,pcs,-7.2428241048157025,112.7483718473164
Kabel Distribusi,ODC 88 -> 88/01,20.66,m,,
Homepass (Titik Rumah),88/01-01,1,pcs,-7.242719378264491,112.74838250662042
Kabel Drop,88/01 -> 88/01-01,14.05,m,,
Homepass (Titik Rumah),88/01-02,1,pcs,-7.242673375735869,112.74838807086017
Kabel Drop,88/01 -> 88/01-02,20.23,m,,
Homepass (Titik Rumah),88/01-03,1,pcs,-7.242760550000001,112.74844905
Kabel Drop,88/01 -> 88/01-03,13.28,m,,
Homepass (Titik Rumah),88/01-04,1,pcs,-7.242807465966394,112.74839804034444
Kabel Drop,88/01 -> 88/01-04,4.12,m,,
Homepass (Titik Rumah),88/01-05,1,pcs,-7.242647751255866,112.74846465533494
Kabel Drop,88/01 -> 88/01-05,26.55,m,,
Homepass (Titik Rumah),88/01-06,1,pcs,-7.2428635927526,112.74839394190265
Kabel Drop,88/01 -> 88/01-06,6.03,m,,
Homepass (Titik Rumah),88/01-07,1,pcs,-7.24285673178203,112.74828280208813
Kabel Drop,88/01 -> 88/01-07,12.57,m,,
Homepass (Titik Rumah),88/01-08,1,pcs,-7.24254941731804,112.74842846444203
Kabel Drop,88/01 -> 88/01-08,37.41,m,,
ODP,88/02,1,pcs,-7.242957650343318,112.74845615583365
Kabel Distribusi,ODC 88 -> 88/02,0.48,m,,
Homepass (Titik Rumah),88/02-01,1,pcs,-7.242899,112.74834395
Kabel Drop,88/02 -> 88/02-01,16.79,m,,
Homepass (Titik Rumah),88/02-02,1,pcs,-7.2429095559045855,112.7482857363548
Kabel Drop,88/02 -> 88/02-02,23.45,m,,
Homepass (Titik Rumah),88/02-03,1,pcs,-7.242916086891327,112.74840215674199
Kabel Drop,88/02 -> 88/02-03,9.05,m,,
Homepass (Titik Rumah),88/02-04,1,pcs,-7.242984295350634,112.74833134557586
Kabel Drop,88/02 -> 88/02-04,16.9,m,,
Homepass (Titik Rumah),88/02-05,1,pcs,-7.242965290854186,112.7484189295226
Kabel Drop,88/02 -> 88/02-05,5.03,m,,
Homepass (Titik Rumah),88/02-06,1,pcs,-7.242976699999999,112.74827885000002
Kabel Drop,88/02 -> 88/02-06,23.61,m,,
Homepass (Titik Rumah),88/02-07,1,pcs,-7.243032088788062,112.74841093206406
Kabel Drop,88/02 -> 88/02-07,11.6,m,,
Homepass (Titik Rumah),88/02-08,1,pcs,-7.242881800000001,112.74849795
Kabel Drop,88/02 -> 88/02-08,11.53,m,,
ODP,88/03,1,pcs,-7.243025845214469,112.74826313554573
Kabel Distribusi,ODC 88 -> 88/03,27.35,m,,
Homepass (Titik Rumah),88/03-01,1,pcs,-7.243178397420123,112.74827816236642
Kabel Drop,88/03 -> 88/03-01,20.45,m,,
Homepass (Titik Rumah),88/03-02,1,pcs,-7.243200195770483,112.74822775462988
Kabel Drop,88/03 -> 88/03-02,23.73,m,,
Homepass (Titik Rumah),88/03-03,1,pcs,-7.243123792307078,112.74823779698795
Kabel Drop,88/03 -> 88/03-03,13.49,m,,
Homepass (Titik Rumah),88/03-04,1,pcs,-7.243193362420379,112.74818246332272
Kabel Drop,88/03 -> 88/03-04,24.77,m,,
Homepass (Titik Rumah),88/03-05,1,pcs,-7.2430685,112.7482478
Kabel Drop,88/03 -> 88/03-05,6.04,m,,
Homepass (Titik Rumah),88/03-06,1,pcs,-7.243143164526552,112.74813560850356
Kabel Drop,88/03 -> 88/03-06,23.02,m,,
Homepass (Titik Rumah),88/03-07,1,pcs,-7.2430875322113035,112.74815493944902
Kabel Drop,88/03 -> 88/03-07,16.52,m,,
Homepass (Titik Rumah),88/03-08,1,pcs,-7.2432201,112.74812194999998
Kabel Drop,88/03 -> 88/03-08,31.95,m,,
ODP,88/04,1,pcs,-7.2429846169276315,112.74856513095968
Kabel Distribusi,ODC 88 -> 88/04,14.92,m,,
Homepass (Titik Rumah),88/04-01,1,pcs,-7.2429574396417244,112.7485256949113
Kabel Drop,88/04 -> 88/04-01,6.36,m,,
Homepass (Titik Rumah),88/04-02,1,pcs,-7.243001335259613,112.74853011388446
Kabel Drop,88/04 -> 88/04-02,5.14,m,,
Homepass (Titik Rumah),88/04-03,1,pcs,-7.243031102728489,112.74850302322332
Kabel Drop,88/04 -> 88/04-03,10.3,m,,
Homepass (Titik Rumah),88/04-04,1,pcs,-7.243000883791363,112.74860933445976
Kabel Drop,88/04 -> 88/04-04,6.24,m,,
Homepass (Titik Rumah),88/04-05,1,pcs,-7.243029470063278,112.7486117537059
Kabel Drop,88/04 -> 88/04-05,8.6,m,,
Homepass (Titik Rumah),88/04-06,1,pcs,-7.243078129132997,112.7485476049594
Kabel Drop,88/04 -> 88/04-06,12.69,m,,
Homepass (Titik Rumah),88/04-07,1,pcs,-7.243080050000001,112.74862780000001
Kabel Drop,88/04 -> 88/04-07,15.2,m,,
Homepass (Titik Rumah),88/04-08,1,pcs,-7.243175360285929,112.74855123832197
Kabel Drop,88/04 -> 88/04-08,25.52,m,,
ODC,ODC 89,1,pcs,-7.2431279732412275,112.74813921141717
Join Closure,JOIN CLOSURE ODC 89,1,pcs,-7.2431279732412275,112.74813921141717
ODP,89/01,1,pcs,-7.2431720862091655,112.74841883830483
Kabel Distribusi,ODC 89 -> 89/01,37.48,m,,
Homepass (Titik Rumah),89/01-01,1,pcs,-7.243173333943824,112.74863888536346
Kabel Drop,89/01 -> 89/01-01,29.13,m,,
Homepass (Titik Rumah),89/01-02,1,pcs,-7.243180034496049,112.74871222076548
Kabel Drop,89/01 -> 89/01-02,38.85,m,,
Homepass (Titik Rumah),89/01-03,1,pcs,-7.243189803127204,112.74845612244913
Kabel Drop,89/01 -> 89/01-03,5.47,m,,
Homepass (Titik Rumah),89/01-04,1,pcs,-7.243181267113637,112.74835314367414
Kabel Drop,89/01 -> 89/01-04,8.78,m,,
Homepass (Titik Rumah),89/01-05,1,pcs,-7.243104550000001,112.74835850000001
Kabel Drop,89/01 -> 89/01-05,12.04,m,,
Homepass (Titik Rumah),89/01-06,1,pcs,-7.243211123925186,112.74831275564513
Kabel Drop,89/01 -> 89/01-06,14.98,m,,
Homepass (Titik Rumah),89/01-07,1,pcs,-7.243088227463868,112.74830800631342
Kabel Drop,89/01 -> 89/01-07,18.45,m,,
Homepass (Titik Rumah),89/01-08,1,pcs,-7.243267894377801,112.74829953446385
Kabel Drop,89/01 -> 89/01-08,20.32,m,,
ODP,89/02,1,pcs,-7.2429868,112.748637
Kabel Distribusi,ODC 89 -> 89/02,68.53,m,,
Homepass (Titik Rumah),89/02-01,1,pcs,-7.242938479317059,112.74885710296495
Kabel Drop,89/02 -> 89/02-01,29.84,m,,
Homepass (Titik Rumah),89/02-02,1,pcs,-7.242856649999999,112.74882015
Kabel Drop,89/02 -> 89/02-02,29.82,m,,
Homepass (Titik Rumah),89/02-03,1,pcs,-7.242996948135269,112.74877343550286
Kabel Drop,89/02 -> 89/02-03,18.11,m,,
Homepass (Titik Rumah),89/02-04,1,pcs,-7.242869649999999,112.74875254999999
Kabel Drop,89/02 -> 89/02-04,21.87,m,,
Homepass (Titik Rumah),89/02-05,1,pcs,-7.242931553504153,112.7487206215429
Kabel Drop,89/02 -> 89/02-05,13.3,m,,
Homepass (Titik Rumah),89/02-06,1,pcs,-7.243042095260549,112.74873487618905
Kabel Drop,89/02 -> 89/02-06,14.91,m,,
Homepass (Titik Rumah),89/02-07,1,pcs,-7.242756300000002,112.7488448
Kabel Drop,89/02 -> 89/02-07,41.26,m,,
Homepass (Titik Rumah),89/02-08,1,pcs,-7.243039225301847,112.74868250932688
Kabel Drop,89/02 -> 89/02-08,9.23,m,,
ODP,89/03,1,pcs,-7.242980232396828,112.74811057060194
Kabel Distribusi,ODC 89 -> 89/03,20.07,m,,
Homepass (Titik Rumah),89/03-01,1,pcs,-7.2430387000000005,112.74816580000002
Kabel Drop,89/03 -> 89/03-01,10.69,m,,
Homepass (Titik Rumah),89/03-02,1,pcs,-7.243008878086443,112.74807174951843
Kabel Drop,89/03 -> 89/03-02,6.4,m,,
Homepass (Titik Rumah),89/03-03,1,pcs,-7.242937468564325,112.7481759980262
Kabel Drop,89/03 -> 89/03-03,10.37,m,,
Homepass (Titik Rumah),89/03-04,1,pcs,-7.243084629781718,112.7480710045058
Kabel Drop,89/03 -> 89/03-04,14.88,m,,
Homepass (Titik Rumah),89/03-05,1,pcs,-7.242931300000001,112.74808610000001
Kabel Drop,89/03 -> 89/03-05,7.29,m,,
Homepass (Titik Rumah),89/03-06,1,pcs,-7.243080330446759,112.74801963163307
Kabel Drop,89/03 -> 89/03-06,17.98,m,,
Homepass (Titik Rumah),89/03-07,1,pcs,-7.24286016806915,112.74819273384448
Kabel Drop,89/03 -> 89/03-07,19.36,m,,
Homepass (Titik Rumah),89/03-08,1,pcs,-7.243180420707097,112.74805125904633
Kabel Drop,89/03 -> 89/03-08,27.84,m,,
ODP,89/04,1,pcs,-7.2429614,112.7480514
Kabel Distribusi,ODC 89 -> 89/04,25.08,m,,
Homepass (Titik Rumah),89/04-01,1,pcs,-7.242857,112.74811375000002
Kabel Drop,89/04 -> 89/04-01,16.19,m,,
Homepass (Titik Rumah),89/04-02,1,pcs,-7.242810799021447,112.74813393234392
Kabel Drop,89/04 -> 89/04-02,22.87,m,,
Homepass (Titik Rumah),89/04-03,1,pcs,-7.242848237992557,112.74798762310272
Kabel Drop,89/04 -> 89/04-03,17.3,m,,
Homepass (Titik Rumah),89/04-04,1,pcs,-7.243065901656118,112.74788387615276
Kabel Drop,89/04 -> 89/04-04,26.19,m,,
Homepass (Titik Rumah),89/04-05,1,pcs,-7.243126449999999,112.74791259999999
Kabel Drop,89/04 -> 89/04-05,28.68,m,,
Homepass (Titik Rumah),89/04-06,1,pcs,-7.243184050000002,112.74799585
Kabel Drop,89/04 -> 89/04-06,30.61,m,,
Homepass (Titik Rumah),89/04-07,1,pcs,-7.243179384422117,112.74795619922065
Kabel Drop,89/04 -> 89/04-07,31.7,m,,
Homepass (Titik Rumah),89/04-08,1,pcs,-7.242715044419199,112.74777870902682
Kabel Drop,89/04 -> 89/04-08,48.82,m,,
ODC,ODC 90,1,pcs,-7.2434860316737995,112.74810430839443
Join Closure,JOIN CLOSURE ODC 90,1,pcs,-7.2434860316737995,112.74810430839443
ODP,90/01,1,pcs,-7.242978008035373,112.74779096260183
Kabel Distribusi,ODC 90 -> 90/01,79.47,m,,
Homepass (Titik Rumah),90/01-01,1,pcs,-7.243252850000001,112.74792124999999
Kabel Drop,90/01 -> 90/01-01,40.53,m,,
Homepass (Titik Rumah),90/01-02,1,pcs,-7.243270549999998,112.74800325
Kabel Drop,90/01 -> 90/01-02,48.1,m,,
Homepass (Titik Rumah),90/01-03,1,pcs,-7.2432998213493995,112.74770636124506
Kabel Drop,90/01 -> 90/01-03,44.38,m,,
Homepass (Titik Rumah),90/01-04,1,pcs,-7.242930822496415,112.74764181741793
Kabel Drop,90/01 -> 90/01-04,20.72,m,,
Homepass (Titik Rumah),90/01-05,1,pcs,-7.243028276697257,112.74746153022873
Kabel Drop,90/01 -> 90/01-05,44.12,m,,
Homepass (Titik Rumah),90/01-06,1,pcs,-7.242687153751229,112.7474301568581
Kabel Drop,90/01 -> 90/01-06,61.54,m,,
Homepass (Titik Rumah),90/01-07,1,pcs,-7.242571352869732,112.7475531028651
Kabel Drop,90/01 -> 90/01-07,62.73,m,,
Homepass (Titik Rumah),90/01-08,1,pcs,-7.2424727,112.74792255000003
Kabel Drop,90/01 -> 90/01-08,69.64,m,,
ODP,90/02,1,pcs,-7.243331892821099,112.74660988641335
Kabel Distribusi,ODC 90 -> 90/02,198.88,m,,
Homepass (Titik Rumah),90/02-01,1,pcs,-7.24323508850905,112.74698649812905
Kabel Drop,90/02 -> 90/02-01,51.5,m,,
Homepass (Titik Rumah),90/02-02,1,pcs,-7.243171,112.74689169999999
Kabel Drop,90/02 -> 90/02-02,43.04,m,,
Homepass (Titik Rumah),90/02-03,1,pcs,-7.243051310031421,112.74678796058751
Kabel Drop,90/02 -> 90/02-03,44.24,m,,
Homepass (Titik Rumah),90/02-04,1,pcs,-7.243017105245154,112.74676947464842
Kabel Drop,90/02 -> 90/02-04,47.02,m,,
Homepass (Titik Rumah),90/02-05,1,pcs,-7.24302485,112.74661315000003
Kabel Drop,90/02 -> 90/02-05,40.97,m,,
Homepass (Titik Rumah),90/02-06,1,pcs,-7.242797399999999,112.74652434999999
Kabel Drop,90/02 -> 90/02-06,72.21,m,,
Homepass (Titik Rumah),90/02-07,1,pcs,-7.242982305621691,112.74639051558704
Kabel Drop,90/02 -> 90/02-07,54.95,m,,
Homepass (Titik Rumah),90/02-08,1,pcs,-7.243103700000001,112.74629915000001
Kabel Drop,90/02 -> 90/02-08,51.18,m,,
ODP,90/03,1,pcs,-7.243398604862809,112.74896133031554
Kabel Distribusi,ODC 90 -> 90/03,114.04,m,,
Homepass (Titik Rumah),90/03-01,1,pcs,-7.243069849999999,112.74900425
Kabel Drop,90/03 -> 90/03-01,44.23,m,,
Homepass (Titik Rumah),90/03-02,1,pcs,-7.243138199999998,112.74905374999999
Kabel Drop,90/03 -> 90/03-02,36.84,m,,
Homepass (Titik Rumah),90/03-03,1,pcs,-7.243205173041419,112.74907951229089
Kabel Drop,90/03 -> 90/03-03,30.18,m,,
Homepass (Titik Rumah),90/03-04,1,pcs,-7.243083479763691,112.74884576816315
Kabel Drop,90/03 -> 90/03-04,44.74,m,,
Homepass (Titik Rumah),90/03-05,1,pcs,-7.2432363352429245,112.74901478199948
Kabel Drop,90/03 -> 90/03-05,22.78,m,,
Homepass (Titik Rumah),90/03-06,1,pcs,-7.243151758961699,112.74915752033229
Kabel Drop,90/03 -> 90/03-06,41.94,m,,
Homepass (Titik Rumah),90/03-07,1,pcs,-7.243242165712775,112.74895816775982
Kabel Drop,90/03 -> 90/03-07,20.88,m,,
Homepass (Titik Rumah),90/03-08,1,pcs,-7.243213323406503,112.74887902652496
Kabel Drop,90/03 -> 90/03-08,27.02,m,,
ODP,90/04,1,pcs,-7.2434266224996895,112.7491327508995
Kabel Distribusi,ODC 90 -> 90/04,136.36,m,,
Homepass (Titik Rumah),90/04-01,1,pcs,-7.243316167109149,112.74905458294832
Kabel Drop,90/04 -> 90/04-01,18.01,m,,
Homepass (Titik Rumah),90/04-02,1,pcs,-7.243271358912672,112.74913926977347
Kabel Drop,90/04 -> 90/04-02,20.74,m,,
Homepass (Titik Rumah),90/04-03,1,pcs,-7.243315651111657,112.74893550863568
Kabel Drop,90/04 -> 90/04-03,30.02,m,,
Homepass (Titik Rumah),90/04-04,1,pcs,-7.2433264860778985,112.74919600286026
Kabel Drop,90/04 -> 90/04-04,15.77,m,,
Homepass (Titik Rumah),90/04-05,1,pcs,-7.243248020348761,112.74919436505833
Kabel Drop,90/04 -> 90/04-05,25.19,m,,
Homepass (Titik Rumah),90/04-06,1,pcs,-7.243343573181566,112.74924656487116
Kabel Drop,90/04 -> 90/04-06,18.7,m,,
Homepass (Titik Rumah),90/04-07,1,pcs,-7.24326876645474,112.74926791743633
Kabel Drop,90/04 -> 90/04-07,27.64,m,,
Homepass (Titik Rumah),90/04-08,1,pcs,-7.243168973566962,112.74921640705267
Kabel Drop,90/04 -> 90/04-08,36.12,m,,
ODC,ODC 91,1,pcs,-7.243403770659316,112.74899293625924
Join Closure,JOIN CLOSURE ODC 91,1,pcs,-7.243403770659316,112.74899293625924
ODP,91/01,1,pcs,-7.248198364006086,112.75749309275017
Kabel Distribusi,ODC 91 -> 91/01,1294.32,m,,
Homepass (Titik Rumah),91/01-01,1,pcs,-7.24825626894393,112.7574411984134
Kabel Drop,91/01 -> 91/01-01,10.34,m,,
Homepass (Titik Rumah),91/01-02,1,pcs,-7.24832275,112.75753255000002
Kabel Drop,91/01 -> 91/01-02,17.4,m,,
Homepass (Titik Rumah),91/01-03,1,pcs,-7.2483698,112.75742629999998
Kabel Drop,91/01 -> 91/01-03,24.52,m,,
Homepass (Titik Rumah),91/01-04,1,pcs,-7.2483613205170085,112.75738789690952
Kabel Drop,91/01 -> 91/01-04,25.82,m,,
Homepass (Titik Rumah),91/01-05,1,pcs,-7.248304429865999,112.75733275314776
Kabel Drop,91/01 -> 91/01-05,25.51,m,,
Homepass (Titik Rumah),91/01-06,1,pcs,-7.248257849281511,112.75758328201967
Kabel Drop,91/01 -> 91/01-06,14.34,m,,
Homepass (Titik Rumah),91/01-07,1,pcs,-7.248131127734939,112.75752447760387
Kabel Drop,91/01 -> 91/01-07,9.89,m,,
Homepass (Titik Rumah),91/01-08,1,pcs,-7.248411100000001,112.75751329999997
Kabel Drop,91/01 -> 91/01-08,28.51,m,,
ODP,91/02,1,pcs,-7.2423275176438295,112.7463107000359
Kabel Distribusi,ODC 91 -> 91/02,382.99,m,,
Homepass (Titik Rumah),91/02-01,1,pcs,-7.242905886151064,112.74629807771582
Kabel Drop,91/02 -> 91/02-01,77.19,m,,
Homepass (Titik Rumah),91/02-02,1,pcs,-7.242773752663797,112.74630199116629
Kabel Drop,91/02 -> 91/02-02,59.55,m,,
Homepass (Titik Rumah),91/02-03,1,pcs,-7.242673973411449,112.74607519466893
Kabel Drop,91/02 -> 91/02-03,55.76,m,,
Homepass (Titik Rumah),91/02-04,1,pcs,-7.242580898038647,112.74627199192702
Kabel Drop,91/02 -> 91/02-04,34.2,m,,
Homepass (Titik Rumah),91/02-05,1,pcs,-7.242425584278185,112.7460731458849
Kabel Drop,91/02 -> 91/02-05,34.06,m,,
Homepass (Titik Rumah),91/02-06,1,pcs,-7.24251505,112.7458562
Kabel Drop,91/02 -> 91/02-06,65.16,m,,
Homepass (Titik Rumah),91/02-07,1,pcs,-7.2423444,112.74591029999999
Kabel Drop,91/02 -> 91/02-07,53.05,m,,
Homepass (Titik Rumah),91/02-08,1,pcs,-7.24229465,112.74598305
Kabel Drop,91/02 -> 91/02-08,43.59,m,,
ODP,91/03,1,pcs,-7.242114808864283,112.74558030756782
Kabel Distribusi,ODC 91 -> 91/03,483.36,m,,
Homepass (Titik Rumah),91/03-01,1,pcs,-7.242221381537529,112.74601387287434
Kabel Drop,91/03 -> 91/03-01,59.13,m,,
Homepass (Titik Rumah),91/03-02,1,pcs,-7.242171284527655,112.74579311939004
Kabel Drop,91/03 -> 91/03-02,29.16,m,,
Homepass (Titik Rumah),91/03-03,1,pcs,-7.2423663,112.74563974999998
Kabel Drop,91/03 -> 91/03-03,34.47,m,,
Homepass (Titik Rumah),91/03-04,1,pcs,-7.242011367339489,112.74552443856213
Kabel Drop,91/03 -> 91/03-04,15.66,m,,
Homepass (Titik Rumah),91/03-05,1,pcs,-7.242087322204287,112.74542981219277
Kabel Drop,91/03 -> 91/03-05,20.26,m,,
Homepass (Titik Rumah),91/03-06,1,pcs,-7.242043290669372,112.74543531041245
Kabel Drop,91/03 -> 91/03-06,21.43,m,,
Homepass (Titik Rumah),91/03-07,1,pcs,-7.241976619724305,112.74532924953992
Kabel Drop,91/03 -> 91/03-07,38.01,m,,
Homepass (Titik Rumah),91/03-08,1,pcs,-7.241886583193577,112.74529071590402
Kabel Drop,91/03 -> 91/03-08,48.96,m,,
ODP,91/04,1,pcs,-7.239912220940686,112.74676125000985
Kabel Distribusi,ODC 91 -> 91/04,551.65,m,,
Homepass (Titik Rumah),91/04-01,1,pcs,-7.239930850000001,112.74683185
Kabel Drop,91/04 -> 91/04-01,9.67,m,,
Homepass (Titik Rumah),91/04-02,1,pcs,-7.23985785,112.74682655000001
Kabel Drop,91/04 -> 91/04-02,11.28,m,,
Homepass (Titik Rumah),91/04-03,1,pcs,-7.239974800000001,112.74673130000001
Kabel Drop,91/04 -> 91/04-03,9.24,m,,
Homepass (Titik Rumah),91/04-04,1,pcs,-7.239922186151529,112.74671772836201
Kabel Drop,91/04 -> 91/04-04,5.91,m,,
Homepass (Titik Rumah),91/04-05,1,pcs,-7.239847732836714,112.74673699948414
Kabel Drop,91/04 -> 91/04-05,9.18,m,,
Homepass (Titik Rumah),91/04-06,1,pcs,-7.23977365,112.74694715000001
Kabel Drop,91/04 -> 91/04-06,30.78,m,,
Homepass (Titik Rumah),91/04-07,1,pcs,-7.240055850000001,112.74667270000002
Kabel Drop,91/04 -> 91/04-07,22.47,m,,
Homepass (Titik Rumah),91/04-08,1,pcs,-7.24002060354018,112.74662426218829
Kabel Drop,91/04 -> 91/04-08,23.19,m,,
ODC,ODC 92,1,pcs,-7.2430535817633475,112.74941620384145
Join Closure,JOIN CLOSURE ODC 92,1,pcs,-7.2430535817633475,112.74941620384145
ODP,92/01,1,pcs,-7.2429097722580424,112.74943067399786
Kabel Distribusi,ODC 92 -> 92/01,19.28,m,,
Homepass (Titik Rumah),92/01-01,1,pcs,-7.242943166034174,112.74937687008305
Kabel Drop,92/01 -> 92/01-01,8.4,m,,
Homepass (Titik Rumah),92/01-02,1,pcs,-7.2429175500000005,112.74939195000002
Kabel Drop,92/01 -> 92/01-02,5.23,m,,
Homepass (Titik Rumah),92/01-03,1,pcs,-7.242831918250105,112.74935835336088
Kabel Drop,92/01 -> 92/01-03,14.13,m,,
Homepass (Titik Rumah),92/01-04,1,pcs,-7.243018350000001,112.7495354
Kabel Drop,92/01 -> 92/01-04,20.05,m,,
Homepass (Titik Rumah),92/01-05,1,pcs,-7.242953500000001,112.7495559
Kabel Drop,92/01 -> 92/01-05,17.57,m,,
Homepass (Titik Rumah),92/01-06,1,pcs,-7.242739684888468,112.74935805979021
Kabel Drop,92/01 -> 92/01-06,24.65,m,,
Homepass (Titik Rumah),92/01-07,1,pcs,-7.242753768771309,112.74926246063379
Kabel Drop,92/01 -> 92/01-07,30.48,m,,
Homepass (Titik Rumah),92/01-08,1,pcs,-7.243242667334156,112.74956173509811
Kabel Drop,92/01 -> 92/01-08,47.69,m,,
ODP,92/02,1,pcs,-7.243167189252611,112.74937781123433
Kabel Distribusi,ODC 92 -> 92/02,15.99,m,,
Homepass (Titik Rumah),92/02-01,1,pcs,-7.243173208958936,112.74930832186051
Kabel Drop,92/02 -> 92/02-01,9.23,m,,
Homepass (Titik Rumah),92/02-02,1,pcs,-7.24310208343074,112.74925767968536
Kabel Drop,92/02 -> 92/02-02,18.12,m,,
Homepass (Titik Rumah),92/02-03,1,pcs,-7.24306475,112.74930879999998
Kabel Drop,92/02 -> 92/02-03,16.44,m,,
Homepass (Titik Rumah),92/02-04,1,pcs,-7.2430197000000005,112.7493513
Kabel Drop,92/02 -> 92/02-04,19.99,m,,
Homepass (Titik Rumah),92/02-05,1,pcs,-7.243188468078983,112.74948936885328
Kabel Drop,92/02 -> 92/02-05,15.04,m,,
Homepass (Titik Rumah),92/02-06,1,pcs,-7.242979430314871,112.74937856473096
Kabel Drop,92/02 -> 92/02-06,25.05,m,,
Homepass (Titik Rumah),92/02-07,1,pcs,-7.243383050000004,112.74934015
Kabel Drop,92/02 -> 92/02-07,29.23,m,,
Homepass (Titik Rumah),92/02-08,1,pcs,-7.243369370260895,112.74941829575346
Kabel Drop,92/02 -> 92/02-08,27.5,m,,
ODP,92/03,1,pcs,-7.242817334442478,112.7491772897661
Kabel Distribusi,ODC 92 -> 92/03,44.65,m,,
Homepass (Titik Rumah),92/03-01,1,pcs,-7.24290535,112.74911565000001
Kabel Drop,92/03 -> 92/03-01,14.3,m,,
Homepass (Titik Rumah),92/03-02,1,pcs,-7.242986299999998,112.74909885
Kabel Drop,92/03 -> 92/03-02,24.82,m,,
Homepass (Titik Rumah),92/03-03,1,pcs,-7.242870169657398,112.74919971381168
Kabel Drop,92/03 -> 92/03-03,7.65,m,,
Homepass (Titik Rumah),92/03-04,1,pcs,-7.242967546064475,112.7492564806337
Kabel Drop,92/03 -> 92/03-04,22.62,m,,
Homepass (Titik Rumah),92/03-05,1,pcs,-7.2430167,112.74899995000001
Kabel Drop,92/03 -> 92/03-05,35.48,m,,
Homepass (Titik Rumah),92/03-06,1,pcs,-7.2429102499999996,112.7493055
Kabel Drop,92/03 -> 92/03-06,21.02,m,,
Homepass (Titik Rumah),92/03-07,1,pcs,-7.242986842250663,112.74893848110125
Kabel Drop,92/03 -> 92/03-07,38.87,m,,
Homepass (Titik Rumah),92/03-08,1,pcs,-7.24309625,112.74906565
Kabel Drop,92/03 -> 92/03-08,40.04,m,,
ODP,92/04,1,pcs,-7.243215037464393,112.74936835390336
Kabel Distribusi,ODC 92 -> 92/04,22.46,m,,
Homepass (Titik Rumah),92/04-01,1,pcs,-7.243420600000001,112.74940364999999
Kabel Drop,92/04 -> 92/04-01,27.82,m,,
Homepass (Titik Rumah),92/04-02,1,pcs,-7.243421945882456,112.74971937199138
Kabel Drop,92/04 -> 92/04-02,54.05,m,,
Homepass (Titik Rumah),92/04-03,1,pcs,-7.2432436,112.7488275
Kabel Drop,92/04 -> 92/04-03,71.69,m,,
Homepass (Titik Rumah),92/04-04,1,pcs,-7.243163120678252,112.74996793272
Kabel Drop,92/04 -> 92/04-04,79.67,m,,
Homepass (Titik Rumah),92/04-05,1,pcs,-7.243227399999999,112.7499994
Kabel Drop,92/04 -> 92/04-05,83.55,m,,
Homepass (Titik Rumah),92/04-06,1,pcs,-7.243140461428878,112.74882697470407
Kabel Drop,92/04 -> 92/04-06,72.35,m,,
Homepass (Titik Rumah),92/04-07,1,pcs,-7.243205285674117,112.7487782165192
Kabel Drop,92/04 -> 92/04-07,78.13,m,,
Homepass (Titik Rumah),92/04-08,1,pcs,-7.243116259246618,112.75005296959982
Kabel Drop,92/04 -> 92/04-08,91.58,m,,
ODC,ODC 93,1,pcs,-7.2435656397767225,112.74994735742389
Join Closure,JOIN CLOSURE ODC 93,1,pcs,-7.2435656397767225,112.74994735742389
ODP,93/01,1,pcs,-7.243495051462148,112.74953739860644
Kabel Distribusi,ODC 93 -> 93/01,55.08,m,,
Homepass (Titik Rumah),93/01-01,1,pcs,-7.243363779149565,112.74956265613743
Kabel Drop,93/01 -> 93/01-01,17.83,m,,
Homepass (Titik Rumah),93/01-02,1,pcs,-7.243403224953047,112.74958888444837
Kabel Drop,93/01 -> 93/01-02,14.02,m,,
Homepass (Titik Rumah),93/01-03,1,pcs,-7.243387196900158,112.74949958017058
Kabel Drop,93/01 -> 93/01-03,15.24,m,,
Homepass (Titik Rumah),93/01-04,1,pcs,-7.243408029244801,112.74962695614644
Kabel Drop,93/01 -> 93/01-04,16.59,m,,
Homepass (Titik Rumah),93/01-05,1,pcs,-7.243442233155749,112.74953865011194
Kabel Drop,93/01 -> 93/01-05,7.05,m,,
Homepass (Titik Rumah),93/01-06,1,pcs,-7.243426503332091,112.74950191943375
Kabel Drop,93/01 -> 93/01-06,10.28,m,,
Homepass (Titik Rumah),93/01-07,1,pcs,-7.2433931000000005,112.7496752
Kabel Drop,93/01 -> 93/01-07,22.75,m,,
Homepass (Titik Rumah),93/01-08,1,pcs,-7.243421607936312,112.74946052060216
Kabel Drop,93/01 -> 93/01-08,14.13,m,,
ODP,93/02,1,pcs,-7.2435482192991865,112.74986639897821
Kabel Distribusi,ODC 93 -> 93/02,10.97,m,,
Homepass (Titik Rumah),93/02-01,1,pcs,-7.243419099999999,112.74991895000001
Kabel Drop,93/02 -> 93/02-01,18.58,m,,
Homepass (Titik Rumah),93/02-02,1,pcs,-7.243377769641573,112.74993268259682
Kabel Drop,93/02 -> 93/02-02,24.38,m,,
Homepass (Titik Rumah),93/02-03,1,pcs,-7.243363070510186,112.74985514071317
Kabel Drop,93/02 -> 93/02-03,24.75,m,,
Homepass (Titik Rumah),93/02-04,1,pcs,-7.243482483417289,112.74983366668611
Kabel Drop,93/02 -> 93/02-04,9.78,m,,
Homepass (Titik Rumah),93/02-05,1,pcs,-7.243302199999999,112.74993994999998
Kabel Drop,93/02 -> 93/02-05,34.24,m,,
Homepass (Titik Rumah),93/02-06,1,pcs,-7.243435249999999,112.74979680000001
Kabel Drop,93/02 -> 93/02-06,17.67,m,,
Homepass (Titik Rumah),93/02-07,1,pcs,-7.2432795793764715,112.74987660710079
Kabel Drop,93/02 -> 93/02-07,35.87,m,,
Homepass (Titik Rumah),93/02-08,1,pcs,-7.243318245733669,112.75008037736076
Kabel Drop,93/02 -> 93/02-08,41.76,m,,
ODP,93/03,1,pcs,-7.243529082389062,112.75012870102512
Kabel Distribusi,ODC 93 -> 93/03,24.49,m,,
Homepass (Titik Rumah),93/03-01,1,pcs,-7.2436808,112.75017665
Kabel Drop,93/03 -> 93/03-01,21.22,m,,
Homepass (Titik Rumah),93/03-02,1,pcs,-7.243512550570444,112.7501022379027
Kabel Drop,93/03 -> 93/03-02,4.14,m,,
Homepass (Titik Rumah),93/03-03,1,pcs,-7.243493751553337,112.75000387642675
Kabel Drop,93/03 -> 93/03-03,17.18,m,,
Homepass (Titik Rumah),93/03-04,1,pcs,-7.243758818965921,112.7504327975545
Kabel Drop,93/03 -> 93/03-04,50.6,m,,
Homepass (Titik Rumah),93/03-05,1,pcs,-7.2435189,112.74991245000001
Kabel Drop,93/03 -> 93/03-05,28.66,m,,
Homepass (Titik Rumah),93/03-06,1,pcs,-7.243474437233692,112.74991803002848
Kabel Drop,93/03 -> 93/03-06,28.82,m,,
Homepass (Titik Rumah),93/03-07,1,pcs,-7.243329469030093,112.75018279820573
Kabel Drop,93/03 -> 93/03-07,27.58,m,,
Homepass (Titik Rumah),93/03-08,1,pcs,-7.243471820151996,112.74988649614613
Kabel Drop,93/03 -> 93/03-08,32.96,m,,
ODP,93/04,1,pcs,-7.243647748302435,112.7502660670395
Kabel Distribusi,ODC 93 -> 93/04,43.59,m,,
Homepass (Titik Rumah),93/04-01,1,pcs,-7.2435345943594545,112.75036683094955
Kabel Drop,93/04 -> 93/04-01,20.15,m,,
Homepass (Titik Rumah),93/04-02,1,pcs,-7.24353144124527,112.75020344975657
Kabel Drop,93/04 -> 93/04-02,17.59,m,,
Homepass (Titik Rumah),93/04-03,1,pcs,-7.243355937221381,112.75032676487824
Kabel Drop,93/04 -> 93/04-03,39.76,m,,
Homepass (Titik Rumah),93/04-04,1,pcs,-7.243709610318155,112.75028256936241
Kabel Drop,93/04 -> 93/04-04,8.54,m,,
Homepass (Titik Rumah),93/04-05,1,pcs,-7.243340072194773,112.75038578019158
Kabel Drop,93/04 -> 93/04-05,44.01,m,,
Homepass (Titik Rumah),93/04-06,1,pcs,-7.243732649999999,112.75036125
Kabel Drop,93/04 -> 93/04-06,16.94,m,,
Homepass (Titik Rumah),93/04-07,1,pcs,-7.2436877,112.75023700000001
Kabel Drop,93/04 -> 93/04-07,6.57,m,,
Homepass (Titik Rumah),93/04-08,1,pcs,-7.24335352261727,112.75025601816114
Kabel Drop,93/04 -> 93/04-08,39.28,m,,
ODC,ODC 94,1,pcs,-7.243021669180584,112.7498958910432
Join Closure,JOIN CLOSURE ODC 94,1,pcs,-7.243021669180584,112.7498958910432
ODP,94/01,1,pcs,-7.243011315344237,112.74986341928802
Kabel Distribusi,ODC 94 -> 94/01,4.51,m,,
Homepass (Titik Rumah),94/01-01,1,pcs,-7.243259979392462,112.74980720778164
Kabel Drop,94/01 -> 94/01-01,34.0,m,,
Homepass (Titik Rumah),94/01-02,1,pcs,-7.243197429417165,112.7498273084722
Kabel Drop,94/01 -> 94/01-02,25.29,m,,
Homepass (Titik Rumah),94/01-03,1,pcs,-7.243219549999999,112.74990119999998
Kabel Drop,94/01 -> 94/01-03,28.23,m,,
Homepass (Titik Rumah),94/01-04,1,pcs,-7.24319705,112.74971835
Kabel Drop,94/01 -> 94/01-04,31.35,m,,
Homepass (Titik Rumah),94/01-05,1,pcs,-7.24330917436655,112.74969018904991
Kabel Drop,94/01 -> 94/01-05,45.88,m,,
Homepass (Titik Rumah),94/01-06,1,pcs,-7.243119100422009,112.7497385340265
Kabel Drop,94/01 -> 94/01-06,21.91,m,,
Homepass (Titik Rumah),94/01-07,1,pcs,-7.243132429731201,112.74991650428704
Kabel Drop,94/01 -> 94/01-07,17.62,m,,
Homepass (Titik Rumah),94/01-08,1,pcs,-7.243090499999999,112.74985059999999
Kabel Drop,94/01 -> 94/01-08,10.7,m,,
ODP,94/02,1,pcs,-7.2429873409181775,112.74978823056884
Kabel Distribusi,ODC 94 -> 94/02,14.97,m,,
Homepass (Titik Rumah),94/02-01,1,pcs,-7.243054050000004,112.74978200000002
Kabel Drop,94/02 -> 94/02-01,8.94,m,,
Homepass (Titik Rumah),94/02-02,1,pcs,-7.243045550000001,112.74973584999998
Kabel Drop,94/02 -> 94/02-02,10.41,m,,
Homepass (Titik Rumah),94/02-03,1,pcs,-7.243091679285811,112.74966068178341
Kabel Drop,94/02 -> 94/02-03,21.88,m,,
Homepass (Titik Rumah),94/02-04,1,pcs,-7.24293205,112.74988500000002
Kabel Drop,94/02 -> 94/02-04,14.78,m,,
Homepass (Titik Rumah),94/02-05,1,pcs,-7.243080525625348,112.74961321698235
Kabel Drop,94/02 -> 94/02-05,26.29,m,,
Homepass (Titik Rumah),94/02-06,1,pcs,-7.243197742585309,112.7496402293803
Kabel Drop,94/02 -> 94/02-06,34.23,m,,
Homepass (Titik Rumah),94/02-07,1,pcs,-7.243100761686079,112.74998247335559
Kabel Drop,94/02 -> 94/02-07,29.84,m,,
Homepass (Titik Rumah),94/02-08,1,pcs,-7.2428611625443615,112.74985819025152
Kabel Drop,94/02 -> 94/02-08,19.22,m,,
ODP,94/03,1,pcs,-7.24294298589117,112.74964912410341
Kabel Distribusi,ODC 94 -> 94/03,34.31,m,,
Homepass (Titik Rumah),94/03-01,1,pcs,-7.2428470353639165,112.74973156663602
Kabel Drop,94/03 -> 94/03-01,16.82,m,,
Homepass (Titik Rumah),94/03-02,1,pcs,-7.2428662500000005,112.74965065
Kabel Drop,94/03 -> 94/03-02,10.24,m,,
Homepass (Titik Rumah),94/03-03,1,pcs,-7.242730285223706,112.74970944851886
Kabel Drop,94/03 -> 94/03-03,29.48,m,,
Homepass (Titik Rumah),94/03-04,1,pcs,-7.242743253124187,112.74982683579864
Kabel Drop,94/03 -> 94/03-04,35.55,m,,
Homepass (Titik Rumah),94/03-05,1,pcs,-7.242742934041417,112.74961658264584
Kabel Drop,94/03 -> 94/03-05,27.04,m,,
Homepass (Titik Rumah),94/03-06,1,pcs,-7.242838463216647,112.74955650243702
Kabel Drop,94/03 -> 94/03-06,18.57,m,,
Homepass (Titik Rumah),94/03-07,1,pcs,-7.2428615291616785,112.74991146577341
Kabel Drop,94/03 -> 94/03-07,36.39,m,,
Homepass (Titik Rumah),94/03-08,1,pcs,-7.242830512257284,112.74953546201455
Kabel Drop,94/03 -> 94/03-08,21.25,m,,
ODP,94/04,1,pcs,-7.243145034568757,112.75028279021252
Kabel Distribusi,ODC 94 -> 94/04,53.79,m,,
Homepass (Titik Rumah),94/04-01,1,pcs,-7.243002248230786,112.75027898067586
Kabel Drop,94/04 -> 94/04-01,19.06,m,,
Homepass (Titik Rumah),94/04-02,1,pcs,-7.243064145313357,112.75024882973166
Kabel Drop,94/04 -> 94/04-02,11.69,m,,
Homepass (Titik Rumah),94/04-03,1,pcs,-7.2431397487467395,112.75013868182076
Kabel Drop,94/04 -> 94/04-03,19.09,m,,
Homepass (Titik Rumah),94/04-04,1,pcs,-7.243212034959996,112.75022222820644
Kabel Drop,94/04 -> 94/04-04,12.01,m,,
Homepass (Titik Rumah),94/04-05,1,pcs,-7.2432199,112.75031225000001
Kabel Drop,94/04 -> 94/04-05,10.72,m,,
Homepass (Titik Rumah),94/04-06,1,pcs,-7.243192750000001,112.75011400000004
Kabel Drop,94/04 -> 94/04-06,23.23,m,,
Homepass (Titik Rumah),94/04-07,1,pcs,-7.243244312171725,112.75038841144034
Kabel Drop,94/04 -> 94/04-07,19.26,m,,
Homepass (Titik Rumah),94/04-08,1,pcs,-7.2433233,112.75048300000002
Kabel Drop,94/04 -> 94/04-08,35.61,m,,
ODC,ODC 95,1,pcs,-7.242488474540015,112.75025079371095
Join Closure,JOIN CLOSURE ODC 95,1,pcs,-7.242488474540015,112.75025079371095
ODP,95/01,1,pcs,-7.242304377772692,112.75030196962683
Kabel Distribusi,ODC 95 -> 95/01,25.48,m,,
Homepass (Titik Rumah),95/01-01,1,pcs,-7.242265374534669,112.75042472137375
Kabel Drop,95/01 -> 95/01-01,17.06,m,,
Homepass (Titik Rumah),95/01-02,1,pcs,-7.242377365701106,112.75039370633436
Kabel Drop,95/01 -> 95/01-02,15.57,m,,
Homepass (Titik Rumah),95/01-03,1,pcs,-7.242415480105915,112.75049146584199
Kabel Drop,95/01 -> 95/01-03,29.14,m,,
Homepass (Titik Rumah),95/01-04,1,pcs,-7.242270205124658,112.75060199880318
Kabel Drop,95/01 -> 95/01-04,39.98,m,,
Homepass (Titik Rumah),95/01-05,1,pcs,-7.242209441971295,112.75019735933263
Kabel Drop,95/01 -> 95/01-05,18.77,m,,
Homepass (Titik Rumah),95/01-06,1,pcs,-7.242448499999998,112.75057144999998
Kabel Drop,95/01 -> 95/01-06,40.52,m,,
Homepass (Titik Rumah),95/01-07,1,pcs,-7.242330834251861,112.75017788066023
Kabel Drop,95/01 -> 95/01-07,16.8,m,,
Homepass (Titik Rumah),95/01-08,1,pcs,-7.242455567709582,112.75064439904493
Kabel Drop,95/01 -> 95/01-08,49.61,m,,
ODP,95/02,1,pcs,-7.242422894058523,112.75006034668746
Kabel Distribusi,ODC 95 -> 95/02,26.68,m,,
Homepass (Titik Rumah),95/02-01,1,pcs,-7.2422797406085895,112.74999527939752
Kabel Drop,95/02 -> 95/02-01,20.95,m,,
Homepass (Titik Rumah),95/02-02,1,pcs,-7.2422992,112.7500716
Kabel Drop,95/02 -> 95/02-02,16.57,m,,
Homepass (Titik Rumah),95/02-03,1,pcs,-7.242487949999999,112.74998095000001
Kabel Drop,95/02 -> 95/02-03,13.63,m,,
Homepass (Titik Rumah),95/02-04,1,pcs,-7.242489649999999,112.75002919999999
Kabel Drop,95/02 -> 95/02-04,9.82,m,,
Homepass (Titik Rumah),95/02-05,1,pcs,-7.2425049370796675,112.75006294823379
Kabel Drop,95/02 -> 95/02-05,10.95,m,,
Homepass (Titik Rumah),95/02-06,1,pcs,-7.242540699679419,112.75009036622399
Kabel Drop,95/02 -> 95/02-06,16.21,m,,
Homepass (Titik Rumah),95/02-07,1,pcs,-7.2425809,112.75002799999999
Kabel Drop,95/02 -> 95/02-07,21.51,m,,
Homepass (Titik Rumah),95/02-08,1,pcs,-7.242693543273162,112.75005392419246
Kabel Drop,95/02 -> 95/02-08,36.12,m,,
ODP,95/03,1,pcs,-7.242553469192569,112.7504640235119
Kabel Distribusi,ODC 95 -> 95/03,29.53,m,,
Homepass (Titik Rumah),95/03-01,1,pcs,-7.2425976170083235,112.75046121301655
Kabel Drop,95/03 -> 95/03-01,5.9,m,,
Homepass (Titik Rumah),95/03-02,1,pcs,-7.242712930981577,112.75049561671715
Kabel Drop,95/03 -> 95/03-02,21.68,m,,
Homepass (Titik Rumah),95/03-03,1,pcs,-7.242664880539616,112.75033700267998
Kabel Drop,95/03 -> 95/03-03,22.44,m,,
Homepass (Titik Rumah),95/03-04,1,pcs,-7.242828682774139,112.75048117396358
Kabel Drop,95/03 -> 95/03-04,36.79,m,,
Homepass (Titik Rumah),95/03-05,1,pcs,-7.242721900000002,112.7506696
Kabel Drop,95/03 -> 95/03-05,35.29,m,,
Homepass (Titik Rumah),95/03-06,1,pcs,-7.2425832,112.75020725
Kabel Drop,95/03 -> 95/03-06,34.22,m,,
Homepass (Titik Rumah),95/03-07,1,pcs,-7.242469875345998,112.75069753461524
Kabel Drop,95/03 -> 95/03-07,32.86,m,,
Homepass (Titik Rumah),95/03-08,1,pcs,-7.242566918834138,112.75014386646869
Kabel Drop,95/03 -> 95/03-08,42.42,m,,
ODP,95/04,1,pcs,-7.242872112753783,112.75011619128404
Kabel Distribusi,ODC 95 -> 95/04,54.2,m,,
Homepass (Titik Rumah),95/04-01,1,pcs,-7.2427988,112.7501115
Kabel Drop,95/04 -> 95/04-01,9.8,m,,
Homepass (Titik Rumah),95/04-02,1,pcs,-7.2428242323181395,112.75007506604572
Kabel Drop,95/04 -> 95/04-02,8.39,m,,
Homepass (Titik Rumah),95/04-03,1,pcs,-7.242882380796607,112.75011135424808
Kabel Drop,95/04 -> 95/04-03,1.51,m,,
Homepass (Titik Rumah),95/04-04,1,pcs,-7.242797243835959,112.75020894394316
Kabel Drop,95/04 -> 95/04-04,15.83,m,,
Homepass (Titik Rumah),95/04-05,1,pcs,-7.242839849999997,112.74999529999998
Kabel Drop,95/04 -> 95/04-05,16.57,m,,
Homepass (Titik Rumah),95/04-06,1,pcs,-7.242898950000002,112.75003629999999
Kabel Drop,95/04 -> 95/04-06,11.17,m,,
Homepass (Titik Rumah),95/04-07,1,pcs,-7.24296185,112.75007155
Kabel Drop,95/04 -> 95/04-07,13.35,m,,
Homepass (Titik Rumah),95/04-08,1,pcs,-7.242975311355232,112.75022938299473
Kabel Drop,95/04 -> 95/04-08,20.35,m,,
ODC,ODC 96,1,pcs,-7.2414444677082175,112.75058071629121
Join Closure,JOIN CLOSURE ODC 96,1,pcs,-7.2414444677082175,112.75058071629121
ODP,96/01,1,pcs,-7.241281054668561,112.75064114954318
Kabel Distribusi,ODC 96 -> 96/01,23.23,m,,
Homepass (Titik Rumah),96/01-01,1,pcs,-7.241157101714438,112.75082863589566
Kabel Drop,96/01 -> 96/01-01,29.82,m,,
Homepass (Titik Rumah),96/01-02,1,pcs,-7.241067181997167,112.75076475131637
Kabel Drop,96/01 -> 96/01-02,32.9,m,,
Homepass (Titik Rumah),96/01-03,1,pcs,-7.2409924345879055,112.7505470820471
Kabel Drop,96/01 -> 96/01-03,40.47,m,,
Homepass (Titik Rumah),96/01-04,1,pcs,-7.2415248000000005,112.7507813
Kabel Drop,96/01 -> 96/01-04,37.44,m,,
Homepass (Titik Rumah),96/01-05,1,pcs,-7.240978449999999,112.75049840000001
Kabel Drop,96/01 -> 96/01-05,44.58,m,,
Homepass (Titik Rumah),96/01-06,1,pcs,-7.241558599999999,112.75084820000001
Kabel Drop,96/01 -> 96/01-06,46.07,m,,
Homepass (Titik Rumah),96/01-07,1,pcs,-7.241575530084308,112.75092631162222
Kabel Drop,96/01 -> 96/01-07,54.49,m,,
Homepass (Titik Rumah),96/01-08,1,pcs,-7.241627800000001,112.75056579999999
Kabel Drop,96/01 -> 96/01-08,47.33,m,,
ODP,96/02,1,pcs,-7.241282126329399,112.75064075322261
Kabel Distribusi,ODC 96 -> 96/02,23.07,m,,
Homepass (Titik Rumah),96/02-01,1,pcs,-7.2413193,112.75055865000002
Kabel Drop,96/02 -> 96/02-01,11.95,m,,
Homepass (Titik Rumah),96/02-02,1,pcs,-7.241354404022578,112.7506657695608
Kabel Drop,96/02 -> 96/02-02,10.2,m,,
Homepass (Titik Rumah),96/02-03,1,pcs,-7.241282917865135,112.75069185373985
Kabel Drop,96/02 -> 96/02-03,6.76,m,,
Homepass (Titik Rumah),96/02-04,1,pcs,-7.24147443445436,112.7506214191998
Kabel Drop,96/02 -> 96/02-04,25.79,m,,
Homepass (Titik Rumah),96/02-05,1,pcs,-7.2413098499999995,112.75073520000001
Kabel Drop,96/02 -> 96/02-05,13.04,m,,
Homepass (Titik Rumah),96/02-06,1,pcs,-7.24111909096284,112.75059968052365
Kabel Drop,96/02 -> 96/02-06,22.42,m,,
Homepass (Titik Rumah),96/02-07,1,pcs,-7.241186090924461,112.75072318033172
Kabel Drop,96/02 -> 96/02-07,16.83,m,,
Homepass (Titik Rumah),96/02-08,1,pcs,-7.2413123,112.7508044
Kabel Drop,96/02 -> 96/02-08,22.03,m,,
ODP,96/03,1,pcs,-7.2413892539307065,112.75032146704949
Kabel Distribusi,ODC 96 -> 96/03,35.1,m,,
Homepass (Titik Rumah),96/03-01,1,pcs,-7.24115386475797,112.75029859110309
Kabel Drop,96/03 -> 96/03-01,31.55,m,,
Homepass (Titik Rumah),96/03-02,1,pcs,-7.241263658940991,112.75038092946372
Kabel Drop,96/03 -> 96/03-02,18.51,m,,
Homepass (Titik Rumah),96/03-03,1,pcs,-7.24130231877457,112.75027913623136
Kabel Drop,96/03 -> 96/03-03,12.88,m,,
Homepass (Titik Rumah),96/03-04,1,pcs,-7.241152850000001,112.75045255
Kabel Drop,96/03 -> 96/03-04,36.0,m,,
Homepass (Titik Rumah),96/03-05,1,pcs,-7.241259849999999,112.75015905
Kabel Drop,96/03 -> 96/03-05,27.57,m,,
Homepass (Titik Rumah),96/03-06,1,pcs,-7.241090164796406,112.75048865596924
Kabel Drop,96/03 -> 96/03-06,45.63,m,,
Homepass (Titik Rumah),96/03-07,1,pcs,-7.2412544764552225,112.75049103407656
Kabel Drop,96/03 -> 96/03-07,28.76,m,,
Homepass (Titik Rumah),96/03-08,1,pcs,-7.24135585,112.750437
Kabel Drop,96/03 -> 96/03-08,15.93,m,,
ODP,96/04,1,pcs,-7.2418308,112.750734
Kabel Distribusi,ODC 96 -> 96/04,55.4,m,,
Homepass (Titik Rumah),96/04-01,1,pcs,-7.2417134770614195,112.75081536939071
Kabel Drop,96/04 -> 96/04-01,19.0,m,,
Homepass (Titik Rumah),96/04-02,1,pcs,-7.241970807598681,112.75080045190883
Kabel Drop,96/04 -> 96/04-02,20.65,m,,
Homepass (Titik Rumah),96/04-03,1,pcs,-7.241750357107866,112.75051502797113
Kabel Drop,96/04 -> 96/04-03,30.91,m,,
Homepass (Titik Rumah),96/04-04,1,pcs,-7.241861440339301,112.7505264304274
Kabel Drop,96/04 -> 96/04-04,27.78,m,,
Homepass (Titik Rumah),96/04-05,1,pcs,-7.241837417057802,112.7504826333856
Kabel Drop,96/04 -> 96/04-05,33.28,m,,
Homepass (Titik Rumah),96/04-06,1,pcs,-7.241912731019705,112.75044670312684
Kabel Drop,96/04 -> 96/04-06,39.57,m,,
Homepass (Titik Rumah),96/04-07,1,pcs,-7.24207301262502,112.75054624296477
Kabel Drop,96/04 -> 96/04-07,40.77,m,,
Homepass (Titik Rumah),96/04-08,1,pcs,-7.2421628367577116,112.7508598025057
Kabel Drop,96/04 -> 96/04-08,47.33,m,,
ODC,ODC 97,1,pcs,-7.241841369625261,112.74984669809477
Join Closure,JOIN CLOSURE ODC 97,1,pcs,-7.241841369625261,112.74984669809477
ODP,97/01,1,pcs,-7.241770133448031,112.7500952078549
Kabel Distribusi,ODC 97 -> 97/01,34.24,m,,
Homepass (Titik Rumah),97/01-01,1,pcs,-7.24154874476925,112.75029169616568
Kabel Drop,97/01 -> 97/01-01,39.36,m,,
Homepass (Titik Rumah),97/01-02,1,pcs,-7.241673181915712,112.7502292719188
Kabel Drop,97/01 -> 97/01-02,21.96,m,,
Homepass (Titik Rumah),97/01-03,1,pcs,-7.241828649999998,112.75022139999999
Kabel Drop,97/01 -> 97/01-03,18.44,m,,
Homepass (Titik Rumah),97/01-04,1,pcs,-7.241762850520693,112.75002153964708
Kabel Drop,97/01 -> 97/01-04,9.8,m,,
Homepass (Titik Rumah),97/01-05,1,pcs,-7.241928084394431,112.75000253079153
Kabel Drop,97/01 -> 97/01-05,24.39,m,,
Homepass (Titik Rumah),97/01-06,1,pcs,-7.241711615371733,112.74977180083971
Kabel Drop,97/01 -> 97/01-06,43.52,m,,
Homepass (Titik Rumah),97/01-07,1,pcs,-7.241615049999999,112.74966040000001
Kabel Drop,97/01 -> 97/01-07,61.16,m,,
Homepass (Titik Rumah),97/01-08,1,pcs,-7.2421041077847255,112.74997393521731
Kabel Drop,97/01 -> 97/01-08,47.37,m,,
ODP,97/02,1,pcs,-7.24205334518839,112.75037727471303
Kabel Distribusi,ODC 97 -> 97/02,75.71,m,,
Homepass (Titik Rumah),97/02-01,1,pcs,-7.24197244000838,112.75043858047567
Kabel Drop,97/02 -> 97/02-01,13.51,m,,
Homepass (Titik Rumah),97/02-02,1,pcs,-7.2420369,112.75042099999999
Kabel Drop,97/02 -> 97/02-02,6.19,m,,
Homepass (Titik Rumah),97/02-03,1,pcs,-7.242083480590675,112.7504022535784
Kabel Drop,97/02 -> 97/02-03,5.21,m,,
Homepass (Titik Rumah),97/02-04,1,pcs,-7.2420464,112.75031820000001
Kabel Drop,97/02 -> 97/02-04,7.87,m,,
Homepass (Titik Rumah),97/02-05,1,pcs,-7.241864169780409,112.7503366429991
Kabel Drop,97/02 -> 97/02-05,25.81,m,,
Homepass (Titik Rumah),97/02-06,1,pcs,-7.242142052648358,112.75048643777026
Kabel Drop,97/02 -> 97/02-06,18.68,m,,
Homepass (Titik Rumah),97/02-07,1,pcs,-7.242193899999999,112.75046050000002
Kabel Drop,97/02 -> 97/02-07,21.75,m,,
Homepass (Titik Rumah),97/02-08,1,pcs,-7.242110081597997,112.75022275762025
Kabel Drop,97/02 -> 97/02-08,21.81,m,,
ODP,97/03,1,pcs,-7.241834539480598,112.7496932264917
Kabel Distribusi,ODC 97 -> 97/03,20.34,m,,
Homepass (Titik Rumah),97/03-01,1,pcs,-7.241958649999999,112.7497446
Kabel Drop,97/03 -> 97/03-01,17.9,m,,
Homepass (Titik Rumah),97/03-02,1,pcs,-7.242006757501497,112.74971871959374
Kabel Drop,97/03 -> 97/03-02,23.23,m,,
Homepass (Titik Rumah),97/03-03,1,pcs,-7.241943348678739,112.74967778213423
Kabel Drop,97/03 -> 97/03-03,14.66,m,,
Homepass (Titik Rumah),97/03-04,1,pcs,-7.242032568461089,112.74964721822452
Kabel Drop,97/03 -> 97/03-04,27.12,m,,
Homepass (Titik Rumah),97/03-05,1,pcs,-7.241875750581955,112.74965008410625
Kabel Drop,97/03 -> 97/03-05,7.93,m,,
Homepass (Titik Rumah),97/03-06,1,pcs,-7.24192185,112.74962280000001
Kabel Drop,97/03 -> 97/03-06,14.92,m,,
Homepass (Titik Rumah),97/03-07,1,pcs,-7.241953917190937,112.7495904345631
Kabel Drop,97/03 -> 97/03-07,20.95,m,,
Homepass (Titik Rumah),97/03-08,1,pcs,-7.241903550000001,112.74957235
Kabel Drop,97/03 -> 97/03-08,18.46,m,,
ODP,97/04,1,pcs,-7.2417938601451395,112.74957692632934
Kabel Distribusi,ODC 97 -> 97/04,36.27,m,,
Homepass (Titik Rumah),97/04-01,1,pcs,-7.241973367468043,112.74953169787238
Kabel Drop,97/04 -> 97/04-01,24.69,m,,
Homepass (Titik Rumah),97/04-02,1,pcs,-7.24205165,112.74952220000002
Kabel Drop,97/04 -> 97/04-02,35.15,m,,
Homepass (Titik Rumah),97/04-03,1,pcs,-7.24191038378163,112.74946799964907
Kabel Drop,97/04 -> 97/04-03,21.2,m,,
Homepass (Titik Rumah),97/04-04,1,pcs,-7.24209215,112.74947974999999
Kabel Drop,97/04 -> 97/04-04,41.83,m,,
Homepass (Titik Rumah),97/04-05,1,pcs,-7.242131782730371,112.74960597246522
Kabel Drop,97/04 -> 97/04-05,45.25,m,,
Homepass (Titik Rumah),97/04-06,1,pcs,-7.242167699999999,112.74953739999998
Kabel Drop,97/04 -> 97/04-06,50.16,m,,
Homepass (Titik Rumah),97/04-07,1,pcs,-7.241868298667826,112.74936120734485
Kabel Drop,97/04 -> 97/04-07,30.23,m,,
Homepass (Titik Rumah),97/04-08,1,pcs,-7.2417142,112.74956399999999
Kabel Drop,97/04 -> 97/04-08,10.77,m,,
ODC,ODC 98,1,pcs,-7.241765814306801,112.74949216543591
Join Closure,JOIN CLOSURE ODC 98,1,pcs,-7.241765814306801,112.74949216543591
ODP,98/01,1,pcs,-7.2399622314675565,112.74969859421797
Kabel Distribusi,ODC 98 -> 98/01,242.21,m,,
Homepass (Titik Rumah),98/01-01,1,pcs,-7.23990122114976,112.74929834583463
Kabel Drop,98/01 -> 98/01-01,53.6,m,,
Homepass (Titik Rumah),98/01-02,1,pcs,-7.239960712183098,112.74948436879806
Kabel Drop,98/01 -> 98/01-02,28.36,m,,
Homepass (Titik Rumah),98/01-03,1,pcs,-7.23998285,112.74964994999999
Kabel Drop,98/01 -> 98/01-03,7.0,m,,
Homepass (Titik Rumah),98/01-04,1,pcs,-7.2400886201192876,112.74973024823917
Kabel Drop,98/01 -> 98/01-04,17.38,m,,
Homepass (Titik Rumah),98/01-05,1,pcs,-7.239966700000001,112.7497922
Kabel Drop,98/01 -> 98/01-05,12.4,m,,
Homepass (Titik Rumah),98/01-06,1,pcs,-7.24010048006197,112.7498127154927
Kabel Drop,98/01 -> 98/01-06,23.84,m,,
Homepass (Titik Rumah),98/01-07,1,pcs,-7.240053877965755,112.74987419605769
Kabel Drop,98/01 -> 98/01-07,26.26,m,,
Homepass (Titik Rumah),98/01-08,1,pcs,-7.2400643056962135,112.74993956291506
Kabel Drop,98/01 -> 98/01-08,34.68,m,,
ODP,98/02,1,pcs,-7.242310876593525,112.74925153361447
Kabel Distribusi,ODC 98 -> 98/02,79.4,m,,
Homepass (Titik Rumah),98/02-01,1,pcs,-7.2423708000000016,112.74927924999999
Kabel Drop,98/02 -> 98/02-01,8.8,m,,
Homepass (Titik Rumah),98/02-02,1,pcs,-7.242414700000001,112.74920624999999
Kabel Drop,98/02 -> 98/02-02,15.09,m,,
Homepass (Titik Rumah),98/02-03,1,pcs,-7.24233284657475,112.749178130524
Kabel Drop,98/02 -> 98/02-03,10.15,m,,
Homepass (Titik Rumah),98/02-04,1,pcs,-7.242442099999999,112.74912249999998
Kabel Drop,98/02 -> 98/02-04,24.46,m,,
Homepass (Titik Rumah),98/02-05,1,pcs,-7.242361462190089,112.74909585236719
Kabel Drop,98/02 -> 98/02-05,21.68,m,,
Homepass (Titik Rumah),98/02-06,1,pcs,-7.242542349613114,112.74920687740577
Kabel Drop,98/02 -> 98/02-06,31.45,m,,
Homepass (Titik Rumah),98/02-07,1,pcs,-7.242555015196924,112.7492471705841
Kabel Drop,98/02 -> 98/02-07,32.58,m,,
Homepass (Titik Rumah),98/02-08,1,pcs,-7.242200301848403,112.74937212561943
Kabel Drop,98/02 -> 98/02-08,21.74,m,,
ODP,98/03,1,pcs,-7.242383449437639,112.74942635106405
Kabel Distribusi,ODC 98 -> 98/03,82.87,m,,
Homepass (Titik Rumah),98/03-01,1,pcs,-7.242474649999999,112.74950780000002
Kabel Drop,98/03 -> 98/03-01,16.26,m,,
Homepass (Titik Rumah),98/03-02,1,pcs,-7.2424530332193475,112.74945823382082
Kabel Drop,98/03 -> 98/03-02,10.2,m,,
Homepass (Titik Rumah),98/03-03,1,pcs,-7.24242435,112.74940875
Kabel Drop,98/03 -> 98/03-03,5.93,m,,
Homepass (Titik Rumah),98/03-04,1,pcs,-7.2425425807144,112.74935986230405
Kabel Drop,98/03 -> 98/03-04,22.99,m,,
Homepass (Titik Rumah),98/03-05,1,pcs,-7.242395956352922,112.74934631980291
Kabel Drop,98/03 -> 98/03-05,10.72,m,,
Homepass (Titik Rumah),98/03-06,1,pcs,-7.242285500000001,112.7495414
Kabel Drop,98/03 -> 98/03-06,20.07,m,,
Homepass (Titik Rumah),98/03-07,1,pcs,-7.242294299999999,112.74942754999996
Kabel Drop,98/03 -> 98/03-07,11.9,m,,
Homepass (Titik Rumah),98/03-08,1,pcs,-7.242434600000001,112.74926235000004
Kabel Drop,98/03 -> 98/03-08,22.76,m,,
ODP,98/04,1,pcs,-7.242619762544567,112.74956803262062
Kabel Distribusi,ODC 98 -> 98/04,114.39,m,,
Homepass (Titik Rumah),98/04-01,1,pcs,-7.2426721,112.74963355
Kabel Drop,98/04 -> 98/04-01,11.13,m,,
Homepass (Titik Rumah),98/04-02,1,pcs,-7.242646649999999,112.74965314999999
Kabel Drop,98/04 -> 98/04-02,11.82,m,,
Homepass (Titik Rumah),98/04-03,1,pcs,-7.24271995380981,112.74956933074208
Kabel Drop,98/04 -> 98/04-03,13.37,m,,
Homepass (Titik Rumah),98/04-04,1,pcs,-7.242521434664412,112.74956763090317
Kabel Drop,98/04 -> 98/04-04,13.12,m,,
Homepass (Titik Rumah),98/04-05,1,pcs,-7.24260412955,112.74946947763354
Kabel Drop,98/04 -> 98/04-05,13.21,m,,
Homepass (Titik Rumah),98/04-06,1,pcs,-7.2426583965870295,112.74945444647734
Kabel Drop,98/04 -> 98/04-06,15.89,m,,
Homepass (Titik Rumah),98/04-07,1,pcs,-7.242632349999999,112.74981125000002
Kabel Drop,98/04 -> 98/04-07,32.24,m,,
Homepass (Titik Rumah),98/04-08,1,pcs,-7.242544349999999,112.74949289999998
Kabel Drop,98/04 -> 98/04-08,14.15,m,,
ODC,ODC 99,1,pcs,-7.241240707004083,112.74922612911546
Join Closure,JOIN CLOSURE ODC 99,1,pcs,-7.241240707004083,112.74922612911546
ODP,99/01,1,pcs,-7.24099723552212,112.74876084205196
Kabel Distribusi,ODC 99 -> 99/01,69.63,m,,
Homepass (Titik Rumah),99/01-01,1,pcs,-7.2409801,112.74864395
Kabel Drop,99/01 -> 99/01-01,15.64,m,,
Homepass (Titik Rumah),99/01-02,1,pcs,-7.2409769,112.7487319
Kabel Drop,99/01 -> 99/01-02,4.69,m,,
Homepass (Titik Rumah),99/01-03,1,pcs,-7.241043150000003,112.74870795
Kabel Drop,99/01 -> 99/01-03,9.3,m,,
Homepass (Titik Rumah),99/01-04,1,pcs,-7.240850516794625,112.7486870611532
Kabel Drop,99/01 -> 99/01-04,21.88,m,,
Homepass (Titik Rumah),99/01-05,1,pcs,-7.241123309713713,112.74876621865756
Kabel Drop,99/01 -> 99/01-05,16.84,m,,
Homepass (Titik Rumah),99/01-06,1,pcs,-7.24076766102758,112.74868714844105
Kabel Drop,99/01 -> 99/01-06,32.15,m,,
Homepass (Titik Rumah),99/01-07,1,pcs,-7.240782083671992,112.74850584478189
Kabel Drop,99/01 -> 99/01-07,44.31,m,,
Homepass (Titik Rumah),99/01-08,1,pcs,-7.24122225,112.74877714999998
Kabel Drop,99/01 -> 99/01-08,30.1,m,,
ODP,99/02,1,pcs,-7.24149371237543,112.7489320163468
Kabel Distribusi,ODC 99 -> 99/02,51.53,m,,
Homepass (Titik Rumah),99/02-01,1,pcs,-7.2415933,112.7490207
Kabel Drop,99/02 -> 99/02-01,17.73,m,,
Homepass (Titik Rumah),99/02-02,1,pcs,-7.241534265260711,112.74909192584856
Kabel Drop,99/02 -> 99/02-02,21.85,m,,
Homepass (Titik Rumah),99/02-03,1,pcs,-7.241661072289183,112.74914175029403
Kabel Drop,99/02 -> 99/02-03,35.63,m,,
Homepass (Titik Rumah),99/02-04,1,pcs,-7.2414749,112.74910785000002
Kabel Drop,99/02 -> 99/02-04,23.41,m,,
Homepass (Titik Rumah),99/02-05,1,pcs,-7.241436054372815,112.74888946930328
Kabel Drop,99/02 -> 99/02-05,9.53,m,,
Homepass (Titik Rumah),99/02-06,1,pcs,-7.241458755669162,112.74918650366959
Kabel Drop,99/02 -> 99/02-06,34.01,m,,
Homepass (Titik Rumah),99/02-07,1,pcs,-7.241403705186363,112.74882276907084
Kabel Drop,99/02 -> 99/02-07,18.8,m,,
Homepass (Titik Rumah),99/02-08,1,pcs,-7.241758222519999,112.74925346779948
Kabel Drop,99/02 -> 99/02-08,55.28,m,,
ODP,99/03,1,pcs,-7.241708510333334,112.74931423306667
Kabel Distribusi,ODC 99 -> 99/03,63.5,m,,
Homepass (Titik Rumah),99/03-01,1,pcs,-7.241824153592078,112.74931433921739
Kabel Drop,99/03 -> 99/03-01,15.43,m,,
Homepass (Titik Rumah),99/03-02,1,pcs,-7.241780399999996,112.7492852
Kabel Drop,99/03 -> 99/03-02,10.33,m,,
Homepass (Titik Rumah),99/03-03,1,pcs,-7.2418537999999995,112.7492255
Kabel Drop,99/03 -> 99/03-03,22.67,m,,
Homepass (Titik Rumah),99/03-04,1,pcs,-7.241861430041555,112.74917823186985
Kabel Drop,99/03 -> 99/03-04,27.21,m,,
Homepass (Titik Rumah),99/03-05,1,pcs,-7.241980553500112,112.74921425496956
Kabel Drop,99/03 -> 99/03-05,38.64,m,,
Homepass (Titik Rumah),99/03-06,1,pcs,-7.241690408633636,112.74948976978845
Kabel Drop,99/03 -> 99/03-06,23.36,m,,
Homepass (Titik Rumah),99/03-07,1,pcs,-7.2419863113141485,112.74905426105852
Kabel Drop,99/03 -> 99/03-07,50.58,m,,
Homepass (Titik Rumah),99/03-08,1,pcs,-7.242140649999997,112.7492993
Kabel Drop,99/03 -> 99/03-08,57.7,m,,
ODP,99/04,1,pcs,-7.2404580394774625,112.74969999237999
Kabel Distribusi,ODC 99 -> 99/04,121.82,m,,
Homepass (Titik Rumah),99/04-01,1,pcs,-7.240395056270772,112.74978507794539
Kabel Drop,99/04 -> 99/04-01,14.05,m,,
Homepass (Titik Rumah),99/04-02,1,pcs,-7.240534218642689,112.74976338989313
Kabel Drop,99/04 -> 99/04-02,13.18,m,,
Homepass (Titik Rumah),99/04-03,1,pcs,-7.240261150000001,112.74968595000001
Kabel Drop,99/04 -> 99/04-03,26.34,m,,
Homepass (Titik Rumah),99/04-04,1,pcs,-7.240473400000001,112.74961745
Kabel Drop,99/04 -> 99/04-04,11.12,m,,
Homepass (Titik Rumah),99/04-05,1,pcs,-7.240207137914693,112.74983214425555
Kabel Drop,99/04 -> 99/04-05,37.77,m,,
Homepass (Titik Rumah),99/04-06,1,pcs,-7.240557550000001,112.7496274
Kabel Drop,99/04 -> 99/04-06,16.39,m,,
Homepass (Titik Rumah),99/04-07,1,pcs,-7.240635880229623,112.74974800837028
Kabel Drop,99/04 -> 99/04-07,24.57,m,,
Homepass (Titik Rumah),99/04-08,1,pcs,-7.240529230812694,112.7495648595917
Kabel Drop,99/04 -> 99/04-08,20.25,m,,
ODC,ODC 100,1,pcs,-7.240883343589321,112.74918461445662
Join Closure,JOIN CLOSURE ODC 100,1,pcs,-7.240883343589321,112.74918461445662
ODP,100/01,1,pcs,-7.240796309636367,112.74920887960228
Kabel Distribusi,ODC 100 -> 100/01,12.05,m,,
Homepass (Titik Rumah),100/01-01,1,pcs,-7.240786699999999,112.74910454999997
Kabel Drop,100/01 -> 100/01-01,13.87,m,,
Homepass (Titik Rumah),100/01-02,1,pcs,-7.240700705851968,112.74909726946144
Kabel Drop,100/01 -> 100/01-02,19.52,m,,
Homepass (Titik Rumah),100/01-03,1,pcs,-7.240625558808272,112.74916488007088
Kabel Drop,100/01 -> 100/01-03,23.52,m,,
Homepass (Titik Rumah),100/01-04,1,pcs,-7.240556706501968,112.74914369381561
Kabel Drop,100/01 -> 100/01-04,33.12,m,,
Homepass (Titik Rumah),100/01-05,1,pcs,-7.2408881660722395,112.7493147772702
Kabel Drop,100/01 -> 100/01-05,18.62,m,,
Homepass (Titik Rumah),100/01-06,1,pcs,-7.240937050000001,112.74929175
Kabel Drop,100/01 -> 100/01-06,21.75,m,,
Homepass (Titik Rumah),100/01-07,1,pcs,-7.2407797,112.74934735
Kabel Drop,100/01 -> 100/01-07,18.46,m,,
Homepass (Titik Rumah),100/01-08,1,pcs,-7.2410361493651525,112.74905971605446
Kabel Drop,100/01 -> 100/01-08,37.6,m,,
ODP,100/02,1,pcs,-7.240872200489881,112.74940367249313
Kabel Distribusi,ODC 100 -> 100/02,29.03,m,,
Homepass (Titik Rumah),100/02-01,1,pcs,-7.240948626376325,112.74954671755935
Kabel Drop,100/02 -> 100/02-01,21.51,m,,
Homepass (Titik Rumah),100/02-02,1,pcs,-7.240926957957451,112.74962967196281
Kabel Drop,100/02 -> 100/02-02,30.79,m,,
Homepass (Titik Rumah),100/02-03,1,pcs,-7.240923108640939,112.74970012381259
Kabel Drop,100/02 -> 100/02-03,39.82,m,,
Homepass (Titik Rumah),100/02-04,1,pcs,-7.241120017077624,112.74948995171886
Kabel Drop,100/02 -> 100/02-04,34.98,m,,
Homepass (Titik Rumah),100/02-05,1,pcs,-7.2408088500000005,112.74968680000002
Kabel Drop,100/02 -> 100/02-05,38.42,m,,
Homepass (Titik Rumah),100/02-06,1,pcs,-7.241075793851071,112.74938532994696
Kabel Drop,100/02 -> 100/02-06,27.27,m,,
Homepass (Titik Rumah),100/02-07,1,pcs,-7.2409241546746745,112.7497914213854
Kabel Drop,100/02 -> 100/02-07,51.79,m,,
Homepass (Titik Rumah),100/02-08,1,pcs,-7.240872650000001,112.749824
Kabel Drop,100/02 -> 100/02-08,55.64,m,,
ODP,100/03,1,pcs,-7.240781581078358,112.74943297922339
Kabel Distribusi,ODC 100 -> 100/03,35.57,m,,
Homepass (Titik Rumah),100/03-01,1,pcs,-7.240685381409498,112.7493815120753
Kabel Drop,100/03 -> 100/03-01,14.53,m,,
Homepass (Titik Rumah),100/03-02,1,pcs,-7.24076755,112.74947770000001
Kabel Drop,100/03 -> 100/03-02,6.21,m,,
Homepass (Titik Rumah),100/03-03,1,pcs,-7.24069175,112.74954665
Kabel Drop,100/03 -> 100/03-03,19.24,m,,
Homepass (Titik Rumah),100/03-04,1,pcs,-7.240820848704116,112.74948698189698
Kabel Drop,100/03 -> 100/03-04,8.86,m,,
Homepass (Titik Rumah),100/03-05,1,pcs,-7.2409044926309605,112.74943083007321
Kabel Drop,100/03 -> 100/03-05,16.4,m,,
Homepass (Titik Rumah),100/03-06,1,pcs,-7.2408476,112.74958065
Kabel Drop,100/03 -> 100/03-06,21.44,m,,
Homepass (Titik Rumah),100/03-07,1,pcs,-7.240719632579028,112.74968622253077
Kabel Drop,100/03 -> 100/03-07,34.53,m,,
Homepass (Titik Rumah),100/03-08,1,pcs,-7.24098975,112.74941895
Kabel Drop,100/03 -> 100/03-08,27.84,m,,
ODP,100/04,1,pcs,-7.241228941182174,112.74903927021053
Kabel Distribusi,ODC 100 -> 100/04,49.97,m,,
Homepass (Titik Rumah),100/04-01,1,pcs,-7.241280461172238,112.74910140339878
Kabel Drop,100/04 -> 100/04-01,10.72,m,,
Homepass (Titik Rumah),100/04-02,1,pcs,-7.241112704716813,112.74916311910977
Kabel Drop,100/04 -> 100/04-02,22.57,m,,
Homepass (Titik Rumah),100/04-03,1,pcs,-7.2411283,112.74898275
Kabel Drop,100/04 -> 100/04-03,15.37,m,,
Homepass (Titik Rumah),100/04-04,1,pcs,-7.24115064994968,112.74928253326232
Kabel Drop,100/04 -> 100/04-04,33.85,m,,
Homepass (Titik Rumah),100/04-05,1,pcs,-7.2410309,112.74893064999999
Kabel Drop,100/04 -> 100/04-05,30.08,m,,
Homepass (Titik Rumah),100/04-06,1,pcs,-7.241353475572503,112.74947561788568
Kabel Drop,100/04 -> 100/04-06,60.1,m,,
Homepass (Titik Rumah),100/04-07,1,pcs,-7.241617809036403,112.74932894374786
Kabel Drop,100/04 -> 100/04-07,64.52,m,,
Homepass (Titik Rumah),100/04-08,1,pcs,-7.2414397,112.74872080000003
Kabel Drop,100/04 -> 100/04-08,50.68,m,,
ODC,ODC 101,1,pcs,-7.2399451885552875,112.74869758697459
Join Closure,JOIN CLOSURE ODC 101,1,pcs,-7.2399451885552875,112.74869758697459
ODP,101/01,1,pcs,-7.23983338282947,112.74847158543538
Kabel Distribusi,ODC 101 -> 101/01,33.43,m,,
Homepass (Titik Rumah),101/01-01,1,pcs,-7.239706899999999,112.74828744999999
Kabel Drop,101/01 -> 101/01-01,29.65,m,,
Homepass (Titik Rumah),101/01-02,1,pcs,-7.2396663999999955,112.74836985
Kabel Drop,101/01 -> 101/01-02,26.03,m,,
Homepass (Titik Rumah),101/01-03,1,pcs,-7.239681150000001,112.74842340000002
Kabel Drop,101/01 -> 101/01-03,21.29,m,,
Homepass (Titik Rumah),101/01-04,1,pcs,-7.239697200000004,112.74848164999999
Kabel Drop,101/01 -> 101/01-04,18.22,m,,
Homepass (Titik Rumah),101/01-05,1,pcs,-7.239713199999995,112.74853970000001
Kabel Drop,101/01 -> 101/01-05,18.4,m,,
Homepass (Titik Rumah),101/01-06,1,pcs,-7.239728250000005,112.74859435
Kabel Drop,101/01 -> 101/01-06,21.47,m,,
Homepass (Titik Rumah),101/01-07,1,pcs,-7.2397903,112.74863330000001
Kabel Drop,101/01 -> 101/01-07,22.16,m,,
Homepass (Titik Rumah),101/01-08,1,pcs,-7.239815028091839,112.74869549849318
Kabel Drop,101/01 -> 101/01-08,29.74,m,,
ODP,101/02,1,pcs,-7.240188785836113,112.7486088722191
Kabel Distribusi,ODC 101 -> 101/02,34.56,m,,
Homepass (Titik Rumah),101/02-01,1,pcs,-7.240144810711798,112.74874041976894
Kabel Drop,101/02 -> 101/02-01,18.38,m,,
Homepass (Titik Rumah),101/02-02,1,pcs,-7.240141194907776,112.74864542917487
Kabel Drop,101/02 -> 101/02-02,7.98,m,,
Homepass (Titik Rumah),101/02-03,1,pcs,-7.239990808406753,112.74880597267583
Kabel Drop,101/02 -> 101/02-03,37.13,m,,
Homepass (Titik Rumah),101/02-04,1,pcs,-7.240101830199379,112.74857405318336
Kabel Drop,101/02 -> 101/02-04,12.48,m,,
Homepass (Titik Rumah),101/02-05,1,pcs,-7.240256948773833,112.74857318205929
Kabel Drop,101/02 -> 101/02-05,10.25,m,,
Homepass (Titik Rumah),101/02-06,1,pcs,-7.23995393479058,112.74865888039456
Kabel Drop,101/02 -> 101/02-06,32.03,m,,
Homepass (Titik Rumah),101/02-07,1,pcs,-7.240116630270859,112.74852065345128
Kabel Drop,101/02 -> 101/02-07,15.13,m,,
Homepass (Titik Rumah),101/02-08,1,pcs,-7.2399453000000005,112.74859065
Kabel Drop,101/02 -> 101/02-08,32.58,m,,
ODP,101/03,1,pcs,-7.2396818021648,112.74901805260217
Kabel Distribusi,ODC 101 -> 101/03,55.09,m,,
Homepass (Titik Rumah),101/03-01,1,pcs,-7.239704650000002,112.7487316
Kabel Drop,101/03 -> 101/03-01,38.04,m,,
Homepass (Titik Rumah),101/03-02,1,pcs,-7.239774050000005,112.74878779999997
Kabel Drop,101/03 -> 101/03-02,32.87,m,,
Homepass (Titik Rumah),101/03-03,1,pcs,-7.239747687114474,112.74888992727085
Kabel Drop,101/03 -> 101/03-03,19.1,m,,
Homepass (Titik Rumah),101/03-04,1,pcs,-7.239772733171691,112.74897158059959
Kabel Drop,101/03 -> 101/03-04,13.6,m,,
Homepass (Titik Rumah),101/03-05,1,pcs,-7.239797949999998,112.74908865
Kabel Drop,101/03 -> 101/03-05,18.1,m,,
Homepass (Titik Rumah),101/03-06,1,pcs,-7.239927794922311,112.74905177165883
Kabel Drop,101/03 -> 101/03-06,33.13,m,,
Homepass (Titik Rumah),101/03-07,1,pcs,-7.2398085000000005,112.7491682
Kabel Drop,101/03 -> 101/03-07,26.09,m,,
Homepass (Titik Rumah),101/03-08,1,pcs,-7.239837273575554,112.74920948144889
Kabel Drop,101/03 -> 101/03-08,32.75,m,,
ODP,101/04,1,pcs,-7.240448826429697,112.7486855033251
Kabel Distribusi,ODC 101 -> 101/04,67.22,m,,
Homepass (Titik Rumah),101/04-01,1,pcs,-7.240496020474169,112.74849839715726
Kabel Drop,101/04 -> 101/04-01,25.56,m,,
Homepass (Titik Rumah),101/04-02,1,pcs,-7.240468200000003,112.7484499
Kabel Drop,101/04 -> 101/04-02,31.29,m,,
Homepass (Titik Rumah),101/04-03,1,pcs,-7.24053455,112.74857095000002
Kabel Drop,101/04 -> 101/04-03,18.99,m,,
Homepass (Titik Rumah),101/04-04,1,pcs,-7.2405200999999995,112.74864840000001
Kabel Drop,101/04 -> 101/04-04,10.7,m,,
Homepass (Titik Rumah),101/04-05,1,pcs,-7.2405857,112.74862680000001
Kabel Drop,101/04 -> 101/04-05,19.85,m,,
Homepass (Titik Rumah),101/04-06,1,pcs,-7.240579984776178,112.74872106702158
Kabel Drop,101/04 -> 101/04-06,18.12,m,,
Homepass (Titik Rumah),101/04-07,1,pcs,-7.240568189144482,112.74878682932365
Kabel Drop,101/04 -> 101/04-07,20.82,m,,
Homepass (Titik Rumah),101/04-08,1,pcs,-7.240573356637036,112.74884657094522
Kabel Drop,101/04 -> 101/04-08,27.03,m,,
ODC,ODC 102,1,pcs,-7.240341984885292,112.74912652453403
Join Closure,JOIN CLOSURE ODC 102,1,pcs,-7.240341984885292,112.74912652453403
ODP,102/01,1,pcs,-7.240290972296353,112.74897042686473
Kabel Distribusi,ODC 102 -> 102/01,21.75,m,,
Homepass (Titik Rumah),102/01-01,1,pcs,-7.240242050000001,112.74908645
Kabel Drop,102/01 -> 102/01-01,16.69,m,,
Homepass (Titik Rumah),102/01-02,1,pcs,-7.24022805,112.74899674999999
Kabel Drop,102/01 -> 102/01-02,9.09,m,,
Homepass (Titik Rumah),102/01-03,1,pcs,-7.2403904,112.74913860000001
Kabel Drop,102/01 -> 102/01-03,25.91,m,,
Homepass (Titik Rumah),102/01-04,1,pcs,-7.240332501795516,112.74889436885591
Kabel Drop,102/01 -> 102/01-04,11.49,m,,
Homepass (Titik Rumah),102/01-05,1,pcs,-7.24015836322416,112.74888457804495
Kabel Drop,102/01 -> 102/01-05,21.03,m,,
Homepass (Titik Rumah),102/01-06,1,pcs,-7.240002529268672,112.74893631093119
Kabel Drop,102/01 -> 102/01-06,38.75,m,,
Homepass (Titik Rumah),102/01-07,1,pcs,-7.240432899999998,112.74887064999999
Kabel Drop,102/01 -> 102/01-07,23.09,m,,
Homepass (Titik Rumah),102/01-08,1,pcs,-7.239942829075831,112.74912560383576
Kabel Drop,102/01 -> 102/01-08,50.79,m,,
ODP,102/02,1,pcs,-7.24005418153467,112.74927890435916
Kabel Distribusi,ODC 102 -> 102/02,43.38,m,,
Homepass (Titik Rumah),102/02-01,1,pcs,-7.24020413934748,112.74934031758141
Kabel Drop,102/02 -> 102/02-01,21.6,m,,
Homepass (Titik Rumah),102/02-02,1,pcs,-7.240169180683429,112.74924065524446
Kabel Drop,102/02 -> 102/02-02,16.16,m,,
Homepass (Titik Rumah),102/02-03,1,pcs,-7.240092606488988,112.74928155941546
Kabel Drop,102/02 -> 102/02-03,5.14,m,,
Homepass (Titik Rumah),102/02-04,1,pcs,-7.240243553413482,112.74916801889599
Kabel Drop,102/02 -> 102/02-04,29.22,m,,
Homepass (Titik Rumah),102/02-05,1,pcs,-7.240030449999998,112.74928444999999
Kabel Drop,102/02 -> 102/02-05,3.25,m,,
Homepass (Titik Rumah),102/02-06,1,pcs,-7.2400224000000035,112.7494008
Kabel Drop,102/02 -> 102/02-06,16.68,m,,
Homepass (Titik Rumah),102/02-07,1,pcs,-7.240117316409345,112.74916783327413
Kabel Drop,102/02 -> 102/02-07,16.94,m,,
Homepass (Titik Rumah),102/02-08,1,pcs,-7.24015624955949,112.74914848294456
Kabel Drop,102/02 -> 102/02-08,21.99,m,,
ODP,102/03,1,pcs,-7.240403349771764,112.74936589197864
Kabel Distribusi,ODC 102 -> 102/03,32.73,m,,
Homepass (Titik Rumah),102/03-01,1,pcs,-7.240427082066018,112.74947391231946
Kabel Drop,102/03 -> 102/03-01,14.65,m,,
Homepass (Titik Rumah),102/03-02,1,pcs,-7.240467604402947,112.74942491983421
Kabel Drop,102/03 -> 102/03-02,11.6,m,,
Homepass (Titik Rumah),102/03-03,1,pcs,-7.24053045,112.7494421
Kabel Drop,102/03 -> 102/03-03,19.73,m,,
Homepass (Titik Rumah),102/03-04,1,pcs,-7.240456075969666,112.74930256159189
Kabel Drop,102/03 -> 102/03-04,10.94,m,,
Homepass (Titik Rumah),102/03-05,1,pcs,-7.2402906499999995,112.7493067
Kabel Drop,102/03 -> 102/03-05,16.96,m,,
Homepass (Titik Rumah),102/03-06,1,pcs,-7.240211422844574,112.74956386745757
Kabel Drop,102/03 -> 102/03-06,36.64,m,,
Homepass (Titik Rumah),102/03-07,1,pcs,-7.240520330807163,112.74924621013646
Kabel Drop,102/03 -> 102/03-07,22.24,m,,
Homepass (Titik Rumah),102/03-08,1,pcs,-7.240349853970981,112.74923398982597
Kabel Drop,102/03 -> 102/03-08,18.86,m,,
ODP,102/04,1,pcs,-7.240757289272937,112.74884279759473
Kabel Distribusi,ODC 102 -> 102/04,66.94,m,,
Homepass (Titik Rumah),102/04-01,1,pcs,-7.2408106610622305,112.74887956832482
Kabel Drop,102/04 -> 102/04-01,8.63,m,,
Homepass (Titik Rumah),102/04-02,1,pcs,-7.240837626998799,112.74896241433376
Kabel Drop,102/04 -> 102/04-02,19.12,m,,
Homepass (Titik Rumah),102/04-03,1,pcs,-7.240675761529435,112.74892341927008
Kabel Drop,102/04 -> 102/04-03,15.24,m,,
Homepass (Titik Rumah),102/04-04,1,pcs,-7.24070948369877,112.74899913200477
Kabel Drop,102/04 -> 102/04-04,21.65,m,,
Homepass (Titik Rumah),102/04-05,1,pcs,-7.240950450000001,112.74896085
Kabel Drop,102/04 -> 102/04-05,30.14,m,,
Homepass (Titik Rumah),102/04-06,1,pcs,-7.24063257918801,112.74881740546385
Kabel Drop,102/04 -> 102/04-06,16.98,m,,
Homepass (Titik Rumah),102/04-07,1,pcs,-7.2409174499999995,112.7490694
Kabel Drop,102/04 -> 102/04-07,36.83,m,,
Homepass (Titik Rumah),102/04-08,1,pcs,-7.2408628,112.74909885
Kabel Drop,102/04 -> 102/04-08,36.7,m,,
ODC,ODC 103,1,pcs,-7.240599244588388,112.75015618170002
Join Closure,JOIN CLOSURE ODC 103,1,pcs,-7.240599244588388,112.75015618170002
ODP,103/01,1,pcs,-7.240945361051543,112.7500795028838
Kabel Distribusi,ODC 103 -> 103/01,47.29,m,,
Homepass (Titik Rumah),103/01-01,1,pcs,-7.240785396074285,112.7498030295022
Kabel Drop,103/01 -> 103/01-01,42.37,m,,
Homepass (Titik Rumah),103/01-02,1,pcs,-7.24084835,112.74986805
Kabel Drop,103/01 -> 103/01-02,30.84,m,,
Homepass (Titik Rumah),103/01-03,1,pcs,-7.240932027600732,112.7500013606107
Kabel Drop,103/01 -> 103/01-03,10.5,m,,
Homepass (Titik Rumah),103/01-04,1,pcs,-7.241005537958276,112.74997079080728
Kabel Drop,103/01 -> 103/01-04,16.48,m,,
Homepass (Titik Rumah),103/01-05,1,pcs,-7.241137453460745,112.74991364144758
Kabel Drop,103/01 -> 103/01-05,33.75,m,,
Homepass (Titik Rumah),103/01-06,1,pcs,-7.240857610321465,112.75030504432803
Kabel Drop,103/01 -> 103/01-06,32.07,m,,
Homepass (Titik Rumah),103/01-07,1,pcs,-7.2410330784602515,112.75027291972407
Kabel Drop,103/01 -> 103/01-07,28.15,m,,
Homepass (Titik Rumah),103/01-08,1,pcs,-7.240966160527224,112.75035802676727
Kabel Drop,103/01 -> 103/01-08,36.97,m,,
ODP,103/02,1,pcs,-7.240760200855831,112.7500759771408
Kabel Distribusi,ODC 103 -> 103/02,23.96,m,,
Homepass (Titik Rumah),103/02-01,1,pcs,-7.240018850000001,112.74995205
Kabel Drop,103/02 -> 103/02-01,100.27,m,,
Homepass (Titik Rumah),103/02-02,1,pcs,-7.240076998699579,112.7499899560854
Kabel Drop,103/02 -> 103/02-02,91.87,m,,
Homepass (Titik Rumah),103/02-03,1,pcs,-7.240107228466226,112.75005516462824
Kabel Drop,103/02 -> 103/02-03,87.17,m,,
Homepass (Titik Rumah),103/02-04,1,pcs,-7.24011213163444,112.75016180142147
Kabel Drop,103/02 -> 103/02-04,87.22,m,,
Homepass (Titik Rumah),103/02-05,1,pcs,-7.241378718483696,112.74982748478
Kabel Drop,103/02 -> 103/02-05,88.84,m,,
Homepass (Titik Rumah),103/02-06,1,pcs,-7.241462363047877,112.75008521888964
Kabel Drop,103/02 -> 103/02-06,93.7,m,,
Homepass (Titik Rumah),103/02-07,1,pcs,-7.241443050546187,112.74958516668322
Kabel Drop,103/02 -> 103/02-07,111.91,m,,
Homepass (Titik Rumah),103/02-08,1,pcs,-7.24150484726205,112.74976508086135
Kabel Drop,103/02 -> 103/02-08,107.55,m,,
ODP,103/03,1,pcs,-7.240477219456313,112.75007058872731
Kabel Distribusi,ODC 103 -> 103/03,19.84,m,,
Homepass (Titik Rumah),103/03-01,1,pcs,-7.2404689,112.7501465
Kabel Drop,103/03 -> 103/03-01,10.11,m,,
Homepass (Titik Rumah),103/03-02,1,pcs,-7.24054250024112,112.7501301836656
Kabel Drop,103/03 -> 103/03-02,11.75,m,,
Homepass (Titik Rumah),103/03-03,1,pcs,-7.2406619297364445,112.7501064505228
Kabel Drop,103/03 -> 103/03-03,25.1,m,,
Homepass (Titik Rumah),103/03-04,1,pcs,-7.2405744,112.74997264999999
Kabel Drop,103/03 -> 103/03-04,18.34,m,,
Homepass (Titik Rumah),103/03-05,1,pcs,-7.240358370586507,112.74995254924869
Kabel Drop,103/03 -> 103/03-05,22.26,m,,
Homepass (Titik Rumah),103/03-06,1,pcs,-7.240219799999999,112.75013425
Kabel Drop,103/03 -> 103/03-06,35.37,m,,
Homepass (Titik Rumah),103/03-07,1,pcs,-7.240191631952457,112.75019561373988
Kabel Drop,103/03 -> 103/03-07,41.55,m,,
Homepass (Titik Rumah),103/03-08,1,pcs,-7.240797349999999,112.7500774
Kabel Drop,103/03 -> 103/03-08,42.73,m,,
ODP,103/04,1,pcs,-7.240366604157537,112.75034435289061
Kabel Distribusi,ODC 103 -> 103/04,39.8,m,,
Homepass (Titik Rumah),103/04-01,1,pcs,-7.240489869642973,112.75055309688922
Kabel Drop,103/04 -> 103/04-01,32.16,m,,
Homepass (Titik Rumah),103/04-02,1,pcs,-7.240482498135374,112.75048178814032
Kabel Drop,103/04 -> 103/04-02,23.88,m,,
Homepass (Titik Rumah),103/04-03,1,pcs,-7.240287334149684,112.75050372766741
Kabel Drop,103/04 -> 103/04-03,23.6,m,,
Homepass (Titik Rumah),103/04-04,1,pcs,-7.240688006867876,112.75065017932475
Kabel Drop,103/04 -> 103/04-04,58.97,m,,
Homepass (Titik Rumah),103/04-05,1,pcs,-7.240233343592798,112.75033749275848
Kabel Drop,103/04 -> 103/04-05,17.8,m,,
Homepass (Titik Rumah),103/04-06,1,pcs,-7.2404017,112.75018549999997
Kabel Drop,103/04 -> 103/04-06,21.54,m,,
Homepass (Titik Rumah),103/04-07,1,pcs,-7.240337499999999,112.7502065
Kabel Drop,103/04 -> 103/04-07,18.66,m,,
Homepass (Titik Rumah),103/04-08,1,pcs,-7.240175340607214,112.75031016018323
Kabel Drop,103/04 -> 103/04-08,25.92,m,,
ODC,ODC 104,1,pcs,-7.2406705,112.7510112
Join Closure,JOIN CLOSURE ODC 104,1,pcs,-7.2406705,112.7510112
ODP,104/01,1,pcs,-7.240162209225512,112.75074067393341
Kabel Distribusi,ODC 104 -> 104/01,76.7,m,,
Homepass (Titik Rumah),104/01-01,1,pcs,-7.240366395415487,112.75083883517784
Kabel Drop,104/01 -> 104/01-01,30.19,m,,
Homepass (Titik Rumah),104/01-02,1,pcs,-7.240353455178376,112.75079111469611
Kabel Drop,104/01 -> 104/01-02,26.38,m,,
Homepass (Titik Rumah),104/01-03,1,pcs,-7.240340855106014,112.75074523783928
Kabel Drop,104/01 -> 104/01-03,23.85,m,,
Homepass (Titik Rumah),104/01-04,1,pcs,-7.240326149999995,112.75069124999999
Kabel Drop,104/01 -> 104/01-04,22.83,m,,
Homepass (Titik Rumah),104/01-05,1,pcs,-7.2403132931201055,112.75064399598051
Kabel Drop,104/01 -> 104/01-05,23.88,m,,
Homepass (Titik Rumah),104/01-06,1,pcs,-7.24030226339569,112.75060365161816
Kabel Drop,104/01 -> 104/01-06,26.04,m,,
Homepass (Titik Rumah),104/01-07,1,pcs,-7.240508850000001,112.75061889999999
Kabel Drop,104/01 -> 104/01-07,48.98,m,,
Homepass (Titik Rumah),104/01-08,1,pcs,-7.240291766223778,112.75055917682137
Kabel Drop,104/01 -> 104/01-08,29.6,m,,
ODP,104/02,1,pcs,-7.240291118477727,112.75118859868162
Kabel Distribusi,ODC 104 -> 104/02,55.8,m,,
Homepass (Titik Rumah),104/02-01,1,pcs,-7.240520980319346,112.75115425627313
Kabel Drop,104/02 -> 104/02-01,31.01,m,,
Homepass (Titik Rumah),104/02-02,1,pcs,-7.240563536418109,112.75124508104375
Kabel Drop,104/02 -> 104/02-02,37.11,m,,
Homepass (Titik Rumah),104/02-03,1,pcs,-7.24038885,112.7511878
Kabel Drop,104/02 -> 104/02-03,13.04,m,,
Homepass (Titik Rumah),104/02-04,1,pcs,-7.2404746776687094,112.75130968285592
Kabel Drop,104/02 -> 104/02-04,29.27,m,,
Homepass (Titik Rumah),104/02-05,1,pcs,-7.240409777025824,112.75099783212929
Kabel Drop,104/02 -> 104/02-05,29.8,m,,
Homepass (Titik Rumah),104/02-06,1,pcs,-7.240554277021467,112.7514090919522
Kabel Drop,104/02 -> 104/02-06,45.66,m,,
Homepass (Titik Rumah),104/02-07,1,pcs,-7.2403915,112.75093065
Kabel Drop,104/02 -> 104/02-07,36.68,m,,
Homepass (Titik Rumah),104/02-08,1,pcs,-7.240379045616182,112.75088481196691
Kabel Drop,104/02 -> 104/02-08,41.89,m,,
ODP,104/03,1,pcs,-7.240680250922666,112.75104677911798
Kabel Distribusi,ODC 104 -> 104/03,4.89,m,,
Homepass (Titik Rumah),104/03-01,1,pcs,-7.2407865000000005,112.7510082
Kabel Drop,104/03 -> 104/03-01,15.07,m,,
Homepass (Titik Rumah),104/03-02,1,pcs,-7.240839899999999,112.75100035
Kabel Drop,104/03 -> 104/03-02,22.17,m,,
Homepass (Titik Rumah),104/03-03,1,pcs,-7.240911149999998,112.7509589
Kabel Drop,104/03 -> 104/03-03,32.93,m,,
Homepass (Titik Rumah),104/03-04,1,pcs,-7.240919871098642,112.75090271711557
Kabel Drop,104/03 -> 104/03-04,37.23,m,,
Homepass (Titik Rumah),104/03-05,1,pcs,-7.240615416679694,112.75109056436996
Kabel Drop,104/03 -> 104/03-05,10.41,m,,
Homepass (Titik Rumah),104/03-06,1,pcs,-7.24063358094152,112.75116665208866
Kabel Drop,104/03 -> 104/03-06,17.05,m,,
Homepass (Titik Rumah),104/03-07,1,pcs,-7.24057960154013,112.75087081854578
Kabel Drop,104/03 -> 104/03-07,26.89,m,,
Homepass (Titik Rumah),104/03-08,1,pcs,-7.240616379246177,112.7512122470746
Kabel Drop,104/03 -> 104/03-08,23.5,m,,
ODP,104/04,1,pcs,-7.240733336962883,112.75119600268225
Kabel Distribusi,ODC 104 -> 104/04,25.86,m,,
Homepass (Titik Rumah),104/04-01,1,pcs,-7.240846984252529,112.75121418103792
Kabel Drop,104/04 -> 104/04-01,15.35,m,,
Homepass (Titik Rumah),104/04-02,1,pcs,-7.240836530035688,112.75116725667327
Kabel Drop,104/04 -> 104/04-02,14.29,m,,
Homepass (Titik Rumah),104/04-03,1,pcs,-7.240782216711861,112.75120516645376
Kabel Drop,104/04 -> 104/04-03,6.63,m,,
Homepass (Titik Rumah),104/04-04,1,pcs,-7.24080590327376,112.75107481980402
Kabel Drop,104/04 -> 104/04-04,18.74,m,,
Homepass (Titik Rumah),104/04-05,1,pcs,-7.240839796503979,112.75137781780448
Kabel Drop,104/04 -> 104/04-05,27.95,m,,
Homepass (Titik Rumah),104/04-06,1,pcs,-7.240732404428429,112.75105657029518
Kabel Drop,104/04 -> 104/04-06,18.46,m,,
Homepass (Titik Rumah),104/04-07,1,pcs,-7.240642150000001,112.75125999999999
Kabel Drop,104/04 -> 104/04-07,14.83,m,,
Homepass (Titik Rumah),104/04-08,1,pcs,-7.240927050000002,112.75101784999998
Kabel Drop,104/04 -> 104/04-08,34.99,m,,
ODC,ODC 105,1,pcs,-7.241500318277477,112.75120103463229
Join Closure,JOIN CLOSURE ODC 105,1,pcs,-7.241500318277477,112.75120103463229
ODP,105/01,1,pcs,-7.241603893998234,112.75140339198643
Kabel Distribusi,ODC 105 -> 105/01,30.14,m,,
Homepass (Titik Rumah),105/01-01,1,pcs,-7.241664549999999,112.75139095
Kabel Drop,105/01 -> 105/01-01,8.26,m,,
Homepass (Titik Rumah),105/01-02,1,pcs,-7.241658400000001,112.75134475
Kabel Drop,105/01 -> 105/01-02,10.64,m,,
Homepass (Titik Rumah),105/01-03,1,pcs,-7.241732711127645,112.75130282212082
Kabel Drop,105/01 -> 105/01-03,21.74,m,,
Homepass (Titik Rumah),105/01-04,1,pcs,-7.241596699999999,112.75129430000003
Kabel Drop,105/01 -> 105/01-04,14.47,m,,
Homepass (Titik Rumah),105/01-05,1,pcs,-7.241809844997721,112.7513751879628
Kabel Drop,105/01 -> 105/01-05,27.73,m,,
Homepass (Titik Rumah),105/01-06,1,pcs,-7.2418293,112.75152735
Kabel Drop,105/01 -> 105/01-06,34.26,m,,
Homepass (Titik Rumah),105/01-07,1,pcs,-7.241679738879281,112.75115027010088
Kabel Drop,105/01 -> 105/01-07,35.0,m,,
Homepass (Titik Rumah),105/01-08,1,pcs,-7.241705628448975,112.7516375638306
Kabel Drop,105/01 -> 105/01-08,33.84,m,,
ODP,105/02,1,pcs,-7.242035750522366,112.75107747858696
Kabel Distribusi,ODC 105 -> 105/02,73.29,m,,
Homepass (Titik Rumah),105/02-01,1,pcs,-7.241913444642306,112.75126841950816
Kabel Drop,105/02 -> 105/02-01,30.09,m,,
Homepass (Titik Rumah),105/02-02,1,pcs,-7.2420384884577755,112.75125289336026
Kabel Drop,105/02 -> 105/02-02,23.22,m,,
Homepass (Titik Rumah),105/02-03,1,pcs,-7.242107982553972,112.75115061877885
Kabel Drop,105/02 -> 105/02-03,13.66,m,,
Homepass (Titik Rumah),105/02-04,1,pcs,-7.2420312327775465,112.75147681413287
Kabel Drop,105/02 -> 105/02-04,52.86,m,,
Homepass (Titik Rumah),105/02-05,1,pcs,-7.2421637894127295,112.7512494615699
Kabel Drop,105/02 -> 105/02-05,28.46,m,,
Homepass (Titik Rumah),105/02-06,1,pcs,-7.24216342990017,112.75140640881487
Kabel Drop,105/02 -> 105/02-06,46.75,m,,
Homepass (Titik Rumah),105/02-07,1,pcs,-7.242166769390264,112.75113468908347
Kabel Drop,105/02 -> 105/02-07,19.05,m,,
Homepass (Titik Rumah),105/02-08,1,pcs,-7.242207049999999,112.7512792
Kabel Drop,105/02 -> 105/02-08,35.15,m,,
ODP,105/03,1,pcs,-7.24108472897218,112.75121736414125
Kabel Distribusi,ODC 105 -> 105/03,55.5,m,,
Homepass (Titik Rumah),105/03-01,1,pcs,-7.241021055344663,112.75127117007392
Kabel Drop,105/03 -> 105/03-01,11.09,m,,
Homepass (Titik Rumah),105/03-02,1,pcs,-7.241038299999997,112.75137125
Kabel Drop,105/03 -> 105/03-02,21.29,m,,
Homepass (Titik Rumah),105/03-03,1,pcs,-7.240912097567639,112.75119508098375
Kabel Drop,105/03 -> 105/03-03,23.22,m,,
Homepass (Titik Rumah),105/03-04,1,pcs,-7.240891169924649,112.7513020420759
Kabel Drop,105/03 -> 105/03-04,28.15,m,,
Homepass (Titik Rumah),105/03-05,1,pcs,-7.240883749999999,112.7512366
Kabel Drop,105/03 -> 105/03-05,26.94,m,,
Homepass (Titik Rumah),105/03-06,1,pcs,-7.240969949999999,112.75113689999999
Kabel Drop,105/03 -> 105/03-06,18.65,m,,
Homepass (Titik Rumah),105/03-07,1,pcs,-7.240910222555411,112.75137078667277
Kabel Drop,105/03 -> 105/03-07,30.9,m,,
Homepass (Titik Rumah),105/03-08,1,pcs,-7.240873799999999,112.75119959999999
Kabel Drop,105/03 -> 105/03-08,28.24,m,,
ODP,105/04,1,pcs,-7.241099388648664,112.75116630365048
Kabel Distribusi,ODC 105 -> 105/04,53.69,m,,
Homepass (Titik Rumah),105/04-01,1,pcs,-7.24136805,112.75122685000001
Kabel Drop,105/04 -> 105/04-01,36.73,m,,
Homepass (Titik Rumah),105/04-02,1,pcs,-7.241243252853022,112.75118656911764
Kabel Drop,105/04 -> 105/04-02,19.38,m,,
Homepass (Titik Rumah),105/04-03,1,pcs,-7.241220694478441,112.75110063017551
Kabel Drop,105/04 -> 105/04-03,18.37,m,,
Homepass (Titik Rumah),105/04-04,1,pcs,-7.241138450000001,112.75107765
Kabel Drop,105/04 -> 105/04-04,12.84,m,,
Homepass (Titik Rumah),105/04-05,1,pcs,-7.241265055538393,112.7509689916684
Kabel Drop,105/04 -> 105/04-05,34.22,m,,
Homepass (Titik Rumah),105/04-06,1,pcs,-7.241220482165344,112.75147691888581
Kabel Drop,105/04 -> 105/04-06,44.18,m,,
Homepass (Titik Rumah),105/04-07,1,pcs,-7.241470988995329,112.75094235812067
Kabel Drop,105/04 -> 105/04-07,57.77,m,,
Homepass (Titik Rumah),105/04-08,1,pcs,-7.241184200000001,112.75098235000002
Kabel Drop,105/04 -> 105/04-08,26.85,m,,
ODC,ODC 106,1,pcs,-7.24166261712113,112.75164830601938
Join Closure,JOIN CLOSURE ODC 106,1,pcs,-7.24166261712113,112.75164830601938
ODP,106/01,1,pcs,-7.241560215561671,112.7518536100271
Kabel Distribusi,ODC 106 -> 106/01,30.42,m,,
Homepass (Titik Rumah),106/01-01,1,pcs,-7.241451050000001,112.75175949999998
Kabel Drop,106/01 -> 106/01-01,19.17,m,,
Homepass (Titik Rumah),106/01-02,1,pcs,-7.241484703449087,112.75175077030147
Kabel Drop,106/01 -> 106/01-02,16.94,m,,
Homepass (Titik Rumah),106/01-03,1,pcs,-7.241458313023669,112.7516989709841
Kabel Drop,106/01 -> 106/01-03,24.57,m,,
Homepass (Titik Rumah),106/01-04,1,pcs,-7.241569697979462,112.75180268128332
Kabel Drop,106/01 -> 106/01-04,6.86,m,,
Homepass (Titik Rumah),106/01-05,1,pcs,-7.241531995881625,112.75165252944376
Kabel Drop,106/01 -> 106/01-05,26.88,m,,
Homepass (Titik Rumah),106/01-06,1,pcs,-7.241313849999999,112.75168174999997
Kabel Drop,106/01 -> 106/01-06,39.98,m,,
Homepass (Titik Rumah),106/01-07,1,pcs,-7.241587928849009,112.75165611527387
Kabel Drop,106/01 -> 106/01-07,26.4,m,,
Homepass (Titik Rumah),106/01-08,1,pcs,-7.241638611968644,112.7517711198854
Kabel Drop,106/01 -> 106/01-08,15.12,m,,
ODP,106/02,1,pcs,-7.2417026,112.7517935
Kabel Distribusi,ODC 106 -> 106/02,19.95,m,,
Homepass (Titik Rumah),106/02-01,1,pcs,-7.241689181431792,112.75195241235663
Kabel Drop,106/02 -> 106/02-01,21.11,m,,
Homepass (Titik Rumah),106/02-02,1,pcs,-7.241802250000001,112.75190010000001
Kabel Drop,106/02 -> 106/02-02,19.39,m,,
Homepass (Titik Rumah),106/02-03,1,pcs,-7.241772749999998,112.75179345000001
Kabel Drop,106/02 -> 106/02-03,9.36,m,,
Homepass (Titik Rumah),106/02-04,1,pcs,-7.241849318416109,112.75179588280066
Kabel Drop,106/02 -> 106/02-04,19.58,m,,
Homepass (Titik Rumah),106/02-05,1,pcs,-7.2417264705328295,112.75170199315588
Kabel Drop,106/02 -> 106/02-05,12.52,m,,
Homepass (Titik Rumah),106/02-06,1,pcs,-7.24189815,112.75180130000001
Kabel Drop,106/02 -> 106/02-06,26.11,m,,
Homepass (Titik Rumah),106/02-07,1,pcs,-7.241790316400254,112.75167717184218
Kabel Drop,106/02 -> 106/02-07,19.34,m,,
Homepass (Titik Rumah),106/02-08,1,pcs,-7.241936898332395,112.75176578170488
Kabel Drop,106/02 -> 106/02-08,31.48,m,,
ODP,106/03,1,pcs,-7.24162942120422,112.75150925011876
Kabel Distribusi,ODC 106 -> 106/03,18.93,m,,
Homepass (Titik Rumah),106/03-01,1,pcs,-7.2418287,112.7516556
Kabel Drop,106/03 -> 106/03-01,32.9,m,,
Homepass (Titik Rumah),106/03-02,1,pcs,-7.2418727,112.75164079999999
Kabel Drop,106/03 -> 106/03-02,36.84,m,,
Homepass (Titik Rumah),106/03-03,1,pcs,-7.24200385,112.75163775
Kabel Drop,106/03 -> 106/03-03,52.78,m,,
Homepass (Titik Rumah),106/03-04,1,pcs,-7.2420003304100335,112.7517365058119
Kabel Drop,106/03 -> 106/03-04,57.92,m,,
Homepass (Titik Rumah),106/03-05,1,pcs,-7.24138065,112.75142715000001
Kabel Drop,106/03 -> 106/03-05,34.93,m,,
Homepass (Titik Rumah),106/03-06,1,pcs,-7.2412980000000005,112.7516043
Kabel Drop,106/03 -> 106/03-06,45.98,m,,
Homepass (Titik Rumah),106/03-07,1,pcs,-7.2414507499999985,112.75119035000002
Kabel Drop,106/03 -> 106/03-07,48.48,m,,
Homepass (Titik Rumah),106/03-08,1,pcs,-7.241630400000001,112.75107784999999
Kabel Drop,106/03 -> 106/03-08,57.1,m,,
ODP,106/04,1,pcs,-7.241615234830123,112.75147624178497
Kabel Distribusi,ODC 106 -> 106/04,23.64,m,,
Homepass (Titik Rumah),106/04-01,1,pcs,-7.241543950000001,112.75153745
Kabel Drop,106/04 -> 106/04-01,12.49,m,,
Homepass (Titik Rumah),106/04-02,1,pcs,-7.2414380000000005,112.75153944999998
Kabel Drop,106/04 -> 106/04-02,25.09,m,,
Homepass (Titik Rumah),106/04-03,1,pcs,-7.2416757530043485,112.75156466992827
Kabel Drop,106/04 -> 106/04-03,14.22,m,,
Homepass (Titik Rumah),106/04-04,1,pcs,-7.241688899999999,112.75148475
Kabel Drop,106/04 -> 106/04-04,9.89,m,,
Homepass (Titik Rumah),106/04-05,1,pcs,-7.241678170529297,112.75144174653536
Kabel Drop,106/04 -> 106/04-05,9.56,m,,
Homepass (Titik Rumah),106/04-06,1,pcs,-7.241503381751161,112.75137321776901
Kabel Drop,106/04 -> 106/04-06,20.22,m,,
Homepass (Titik Rumah),106/04-07,1,pcs,-7.241554497809369,112.7513671810561
Kabel Drop,106/04 -> 106/04-07,16.56,m,,
Homepass (Titik Rumah),106/04-08,1,pcs,-7.24172545,112.7515328
Kabel Drop,106/04 -> 106/04-08,16.5,m,,
ODC,ODC 107,1,pcs,-7.240984798431507,112.7520992006722
Join Closure,JOIN CLOSURE ODC 107,1,pcs,-7.240984798431507,112.7520992006722
ODP,107/01,1,pcs,-7.240944905413889,112.75211629767976
Kabel Distribusi,ODC 107 -> 107/01,5.78,m,,
Homepass (Titik Rumah),107/01-01,1,pcs,-7.240698549999997,112.75204244999999
Kabel Drop,107/01 -> 107/01-01,34.29,m,,
Homepass (Titik Rumah),107/01-02,1,pcs,-7.240667329491078,112.75180696561557
Kabel Drop,107/01 -> 107/01-02,55.21,m,,
Homepass (Titik Rumah),107/01-03,1,pcs,-7.2409479821857206,112.75197841791062
Kabel Drop,107/01 -> 107/01-03,18.26,m,,
Homepass (Titik Rumah),107/01-04,1,pcs,-7.240828700000001,112.751787
Kabel Drop,107/01 -> 107/01-04,46.26,m,,
Homepass (Titik Rumah),107/01-05,1,pcs,-7.240997997337131,112.75191873111203
Kabel Drop,107/01 -> 107/01-05,27.09,m,,
Homepass (Titik Rumah),107/01-06,1,pcs,-7.241059378185793,112.75212088401837
Kabel Drop,107/01 -> 107/01-06,15.29,m,,
Homepass (Titik Rumah),107/01-07,1,pcs,-7.240665507257053,112.75166131878814
Kabel Drop,107/01 -> 107/01-07,70.83,m,,
Homepass (Titik Rumah),107/01-08,1,pcs,-7.2410858,112.75219595
Kabel Drop,107/01 -> 107/01-08,21.55,m,,
ODP,107/02,1,pcs,-7.24078375286332,112.75218818133264
Kabel Distribusi,ODC 107 -> 107/02,29.3,m,,
Homepass (Titik Rumah),107/02-01,1,pcs,-7.240796061927787,112.7524780163633
Kabel Drop,107/02 -> 107/02-01,38.4,m,,
Homepass (Titik Rumah),107/02-02,1,pcs,-7.2407860812086815,112.75240920127352
Kabel Drop,107/02 -> 107/02-02,29.26,m,,
Homepass (Titik Rumah),107/02-03,1,pcs,-7.240764431556391,112.75232755236078
Kabel Drop,107/02 -> 107/02-03,18.63,m,,
Homepass (Titik Rumah),107/02-04,1,pcs,-7.24086055,112.75228489999998
Kabel Drop,107/02 -> 107/02-04,16.4,m,,
Homepass (Titik Rumah),107/02-05,1,pcs,-7.240713050000001,112.7522787
Kabel Drop,107/02 -> 107/02-05,15.25,m,,
Homepass (Titik Rumah),107/02-06,1,pcs,-7.2408277519064335,112.75212551772114
Kabel Drop,107/02 -> 107/02-06,10.16,m,,
Homepass (Titik Rumah),107/02-07,1,pcs,-7.2406946,112.75211954999997
Kabel Drop,107/02 -> 107/02-07,14.97,m,,
Homepass (Titik Rumah),107/02-08,1,pcs,-7.241109649999998,112.75226545000001
Kabel Drop,107/02 -> 107/02-08,44.67,m,,
ODP,107/03,1,pcs,-7.241318460552206,112.75188208650779
Kabel Distribusi,ODC 107 -> 107/03,52.99,m,,
Homepass (Titik Rumah),107/03-01,1,pcs,-7.241149799999997,112.7519642
Kabel Drop,107/03 -> 107/03-01,24.99,m,,
Homepass (Titik Rumah),107/03-02,1,pcs,-7.241312011149718,112.7520087188088
Kabel Drop,107/03 -> 107/03-02,16.78,m,,
Homepass (Titik Rumah),107/03-03,1,pcs,-7.241358567343439,112.75207914934556
Kabel Drop,107/03 -> 107/03-03,26.63,m,,
Homepass (Titik Rumah),107/03-04,1,pcs,-7.241379960173071,112.75189592147211
Kabel Drop,107/03 -> 107/03-04,8.41,m,,
Homepass (Titik Rumah),107/03-05,1,pcs,-7.241355439954572,112.75182362850644
Kabel Drop,107/03 -> 107/03-05,9.18,m,,
Homepass (Titik Rumah),107/03-06,1,pcs,-7.241091246221133,112.75170578055967
Kabel Drop,107/03 -> 107/03-06,38.26,m,,
Homepass (Titik Rumah),107/03-07,1,pcs,-7.24134665,112.75174275
Kabel Drop,107/03 -> 107/03-07,18.82,m,,
Homepass (Titik Rumah),107/03-08,1,pcs,-7.2414403499999995,112.75187139999998
Kabel Drop,107/03 -> 107/03-08,16.33,m,,
ODP,107/04,1,pcs,-7.240618650530765,112.75157224698162
Kabel Distribusi,ODC 107 -> 107/04,85.16,m,,
Homepass (Titik Rumah),107/04-01,1,pcs,-7.2405933080511975,112.75149732375095
Kabel Drop,107/04 -> 107/04-01,10.48,m,,
ODC,ODC 108,1,pcs,-7.2412307438853345,112.75275904184758
Join Closure,JOIN CLOSURE ODC 108,1,pcs,-7.2412307438853345,112.75275904184758
ODP,108/01,1,pcs,-7.241061764895741,112.7530523268203
Kabel Distribusi,ODC 108 -> 108/01,44.89,m,,
Homepass (Titik Rumah),108/01-01,1,pcs,-7.241282725887843,112.7529913674796
Kabel Drop,108/01 -> 108/01-01,30.57,m,,
Homepass (Titik Rumah),108/01-02,1,pcs,-7.2412025500000015,112.75297950000002
Kabel Drop,108/01 -> 108/01-02,21.11,m,,
Homepass (Titik Rumah),108/01-03,1,pcs,-7.241358819312293,112.75292903870684
Kabel Drop,108/01 -> 108/01-03,42.87,m,,
Homepass (Titik Rumah),108/01-04,1,pcs,-7.2415367841264455,112.75290568541983
Kabel Drop,108/01 -> 108/01-04,66.29,m,,
Homepass (Titik Rumah),108/01-05,1,pcs,-7.2410027,112.75300675000003
Kabel Drop,108/01 -> 108/01-05,9.93,m,,
Homepass (Titik Rumah),108/01-06,1,pcs,-7.240999582160505,112.75307060154609
Kabel Drop,108/01 -> 108/01-06,8.64,m,,
Homepass (Titik Rumah),108/01-07,1,pcs,-7.24102372402397,112.75314289714358
Kabel Drop,108/01 -> 108/01-07,13.02,m,,
Homepass (Titik Rumah),108/01-08,1,pcs,-7.240962550000001,112.7530184
Kabel Drop,108/01 -> 108/01-08,13.98,m,,
ODP,108/02,1,pcs,-7.241067598732457,112.75282679557611
Kabel Distribusi,ODC 108 -> 108/02,23.54,m,,
Homepass (Titik Rumah),108/02-01,1,pcs,-7.2409569,112.75273205
Kabel Drop,108/02 -> 108/02-01,19.38,m,,
Homepass (Titik Rumah),108/02-02,1,pcs,-7.240822899999999,112.75268205000003
Kabel Drop,108/02 -> 108/02-02,37.86,m,,
Homepass (Titik Rumah),108/02-03,1,pcs,-7.2408903,112.75257965000002
Kabel Drop,108/02 -> 108/02-03,40.37,m,,
Homepass (Titik Rumah),108/02-04,1,pcs,-7.240963798288046,112.75253190020159
Kabel Drop,108/02 -> 108/02-04,41.42,m,,
Homepass (Titik Rumah),108/02-05,1,pcs,-7.240795411341905,112.75261268209927
Kabel Drop,108/02 -> 108/02-05,46.07,m,,
Homepass (Titik Rumah),108/02-06,1,pcs,-7.24103705,112.75251670000002
Kabel Drop,108/02 -> 108/02-06,41.25,m,,
Homepass (Titik Rumah),108/02-07,1,pcs,-7.241223601910635,112.75262426880799
Kabel Drop,108/02 -> 108/02-07,33.94,m,,
Homepass (Titik Rumah),108/02-08,1,pcs,-7.241070499999998,112.7524561
Kabel Drop,108/02 -> 108/02-08,49.07,m,,
ODP,108/03,1,pcs,-7.241317350626084,112.75240458312452
Kabel Distribusi,ODC 108 -> 108/03,48.32,m,,
Homepass (Titik Rumah),108/03-01,1,pcs,-7.241735917021714,112.75238139716046
Kabel Drop,108/03 -> 108/03-01,55.94,m,,
Homepass (Titik Rumah),108/03-02,1,pcs,-7.241655282284374,112.75241341545008
Kabel Drop,108/03 -> 108/03-02,45.11,m,,
Homepass (Titik Rumah),108/03-03,1,pcs,-7.241540909303041,112.75231511602904
Kabel Drop,108/03 -> 108/03-03,32.1,m,,
Homepass (Titik Rumah),108/03-04,1,pcs,-7.241516750000001,112.75251580000001
Kabel Drop,108/03 -> 108/03-04,30.41,m,,
Homepass (Titik Rumah),108/03-05,1,pcs,-7.241518543760805,112.75223683036461
Kabel Drop,108/03 -> 108/03-05,34.84,m,,
Homepass (Titik Rumah),108/03-06,1,pcs,-7.2415799,112.75214629999998
Kabel Drop,108/03 -> 108/03-06,48.95,m,,
Homepass (Titik Rumah),108/03-07,1,pcs,-7.2414366528147225,112.75253246922634
Kabel Drop,108/03 -> 108/03-07,23.24,m,,
Homepass (Titik Rumah),108/03-08,1,pcs,-7.241562899999999,112.75209054999999
Kabel Drop,108/03 -> 108/03-08,52.93,m,,
ODP,108/04,1,pcs,-7.2412792462121365,112.75227806650827
Kabel Distribusi,ODC 108 -> 108/04,63.99,m,,
Homepass (Titik Rumah),108/04-01,1,pcs,-7.241382899999996,112.7522821
Kabel Drop,108/04 -> 108/04-01,13.84,m,,
Homepass (Titik Rumah),108/04-02,1,pcs,-7.241355655577686,112.75236612108964
Kabel Drop,108/04 -> 108/04-02,15.49,m,,
Homepass (Titik Rumah),108/04-03,1,pcs,-7.241424337092704,112.75218753531433
Kabel Drop,108/04 -> 108/04-03,22.77,m,,
Homepass (Titik Rumah),108/04-04,1,pcs,-7.241157199999999,112.7523319
Kabel Drop,108/04 -> 108/04-04,17.78,m,,
Homepass (Titik Rumah),108/04-05,1,pcs,-7.24118198360769,112.75241044975459
Kabel Drop,108/04 -> 108/04-05,21.81,m,,
Homepass (Titik Rumah),108/04-06,1,pcs,-7.241206616666666,112.7524794
Kabel Drop,108/04 -> 108/04-06,28.36,m,,
Homepass (Titik Rumah),108/04-07,1,pcs,-7.241463668716068,112.75202548826896
Kabel Drop,108/04 -> 108/04-07,41.51,m,,
Homepass (Titik Rumah),108/04-08,1,pcs,-7.24153155,112.75199999999998
Kabel Drop,108/04 -> 108/04-08,49.88,m,,
ODC,ODC 109,1,pcs,-7.241325862448061,112.75383465426772
Join Closure,JOIN CLOSURE ODC 109,1,pcs,-7.241325862448061,112.75383465426772
ODP,109/01,1,pcs,-7.241343467755202,112.75387738493235
Kabel Distribusi,ODC 109 -> 109/01,6.12,m,,
Homepass (Titik Rumah),109/01-01,1,pcs,-7.241345197769163,112.75398098070661
Kabel Drop,109/01 -> 109/01-01,13.71,m,,
Homepass (Titik Rumah),109/01-02,1,pcs,-7.2412759499999995,112.75394845
Kabel Drop,109/01 -> 109/01-02,13.03,m,,
Homepass (Titik Rumah),109/01-03,1,pcs,-7.2412583960722365,112.75403857952772
Kabel Drop,109/01 -> 109/01-03,24.17,m,,
Homepass (Titik Rumah),109/01-04,1,pcs,-7.241228378881642,112.75396215792378
Kabel Drop,109/01 -> 109/01-04,19.02,m,,
Homepass (Titik Rumah),109/01-05,1,pcs,-7.2412623279449235,112.7538681447567
Kabel Drop,109/01 -> 109/01-05,10.9,m,,
Homepass (Titik Rumah),109/01-06,1,pcs,-7.24120275,112.75390820000001
Kabel Drop,109/01 -> 109/01-06,19.21,m,,
Homepass (Titik Rumah),109/01-07,1,pcs,-7.24135351425295,112.75377477118306
Kabel Drop,109/01 -> 109/01-07,13.65,m,,
Homepass (Titik Rumah),109/01-08,1,pcs,-7.241184354863572,112.75383432074676
Kabel Drop,109/01 -> 109/01-08,21.98,m,,
ODP,109/02,1,pcs,-7.241370168294254,112.75393473190293
Kabel Distribusi,ODC 109 -> 109/02,14.51,m,,
Homepass (Titik Rumah),109/02-01,1,pcs,-7.24150695,112.75391199999999
Kabel Drop,109/02 -> 109/02-01,18.5,m,,
Homepass (Titik Rumah),109/02-02,1,pcs,-7.2414697198418265,112.75396958625632
Kabel Drop,109/02 -> 109/02-02,14.06,m,,
Homepass (Titik Rumah),109/02-03,1,pcs,-7.241483620191993,112.75383333844388
Kabel Drop,109/02 -> 109/02-03,20.23,m,,
Homepass (Titik Rumah),109/02-04,1,pcs,-7.2414160999999995,112.75391949999998
Kabel Drop,109/02 -> 109/02-04,6.45,m,,
Homepass (Titik Rumah),109/02-05,1,pcs,-7.2414321,112.75385209999999
Kabel Drop,109/02 -> 109/02-05,13.71,m,,
Homepass (Titik Rumah),109/02-06,1,pcs,-7.241375523209912,112.75387085671962
Kabel Drop,109/02 -> 109/02-06,8.49,m,,
Homepass (Titik Rumah),109/02-07,1,pcs,-7.2414599,112.75377904999998
Kabel Drop,109/02 -> 109/02-07,23.83,m,,
Homepass (Titik Rumah),109/02-08,1,pcs,-7.241450694723577,112.75404657952053
Kabel Drop,109/02 -> 109/02-08,18.29,m,,
ODP,109/03,1,pcs,-7.241652959121982,112.75401241055549
Kabel Distribusi,ODC 109 -> 109/03,49.58,m,,
Homepass (Titik Rumah),109/03-01,1,pcs,-7.241769632109126,112.75412071492852
Kabel Drop,109/03 -> 109/03-01,21.16,m,,
Homepass (Titik Rumah),109/03-02,1,pcs,-7.241701840251217,112.75420233298614
Kabel Drop,109/03 -> 109/03-02,25.97,m,,
Homepass (Titik Rumah),109/03-03,1,pcs,-7.241649413229286,112.75421292467436
Kabel Drop,109/03 -> 109/03-03,26.55,m,,
Homepass (Titik Rumah),109/03-04,1,pcs,-7.2417153,112.75390359999999
Kabel Drop,109/03 -> 109/03-04,16.63,m,,
Homepass (Titik Rumah),109/03-05,1,pcs,-7.241564917029895,112.754279851983
Kabel Drop,109/03 -> 109/03-05,37.3,m,,
Homepass (Titik Rumah),109/03-06,1,pcs,-7.241825,112.7538522
Kabel Drop,109/03 -> 109/03-06,31.25,m,,
Homepass (Titik Rumah),109/03-07,1,pcs,-7.2415255669000365,112.75396241910174
Kabel Drop,109/03 -> 109/03-07,18.24,m,,
Homepass (Titik Rumah),109/03-08,1,pcs,-7.241594853525554,112.75386927001391
Kabel Drop,109/03 -> 109/03-08,20.47,m,,
ODP,109/04,1,pcs,-7.241208993959852,112.75343552055074
Kabel Distribusi,ODC 109 -> 109/04,55.09,m,,
Homepass (Titik Rumah),109/04-01,1,pcs,-7.241405599999999,112.75342655000001
Kabel Drop,109/04 -> 109/04-01,26.26,m,,
Homepass (Titik Rumah),109/04-02,1,pcs,-7.241479668564762,112.75339744725115
Kabel Drop,109/04 -> 109/04-02,36.47,m,,
Homepass (Titik Rumah),109/04-03,1,pcs,-7.24136095,112.75333890000002
Kabel Drop,109/04 -> 109/04-03,23.97,m,,
Homepass (Titik Rumah),109/04-04,1,pcs,-7.241498548398632,112.75345988119074
Kabel Drop,109/04 -> 109/04-04,38.77,m,,
Homepass (Titik Rumah),109/04-05,1,pcs,-7.241280200317312,112.75342647619762
Kabel Drop,109/04 -> 109/04-05,9.58,m,,
Homepass (Titik Rumah),109/04-06,1,pcs,-7.241309049999999,112.7533438
Kabel Drop,109/04 -> 109/04-06,18.05,m,,
Homepass (Titik Rumah),109/04-07,1,pcs,-7.241485878686034,112.7532924533042
Kabel Drop,109/04 -> 109/04-07,41.52,m,,
Homepass (Titik Rumah),109/04-08,1,pcs,-7.241239900000001,112.75336895
Kabel Drop,109/04 -> 109/04-08,9.73,m,,
ODC,ODC 110,1,pcs,-7.241760175075162,112.75390568340343
Join Closure,JOIN CLOSURE ODC 110,1,pcs,-7.241760175075162,112.75390568340343
ODP,110/01,1,pcs,-7.241892295239317,112.75426035697772
Kabel Distribusi,ODC 110 -> 110/01,50.15,m,,
Homepass (Titik Rumah),110/01-01,1,pcs,-7.241986450000001,112.75426745
Kabel Drop,110/01 -> 110/01-01,12.6,m,,
Homepass (Titik Rumah),110/01-02,1,pcs,-7.24196775,112.75419805000001
Kabel Drop,110/01 -> 110/01-02,13.02,m,,
Homepass (Titik Rumah),110/01-03,1,pcs,-7.241836624647971,112.75434478706211
Kabel Drop,110/01 -> 110/01-03,13.42,m,,
Homepass (Titik Rumah),110/01-04,1,pcs,-7.241863699999999,112.7543856
Kabel Drop,110/01 -> 110/01-04,17.01,m,,
Homepass (Titik Rumah),110/01-05,1,pcs,-7.241827546901945,112.7541561123051
Kabel Drop,110/01 -> 110/01-05,16.28,m,,
Homepass (Titik Rumah),110/01-06,1,pcs,-7.2420712,112.75446875
Kabel Drop,110/01 -> 110/01-06,36.48,m,,
Homepass (Titik Rumah),110/01-07,1,pcs,-7.241930419077956,112.7540371451488
Kabel Drop,110/01 -> 110/01-07,29.98,m,,
Homepass (Titik Rumah),110/01-08,1,pcs,-7.241749640125759,112.75418903465287
Kabel Drop,110/01 -> 110/01-08,21.25,m,,
ODP,110/02,1,pcs,-7.241306407292107,112.75458129067525
Kabel Distribusi,ODC 110 -> 110/02,108.0,m,,
Homepass (Titik Rumah),110/02-01,1,pcs,-7.241509137171814,112.75452693340335
Kabel Drop,110/02 -> 110/02-01,27.99,m,,
Homepass (Titik Rumah),110/02-02,1,pcs,-7.241399567637805,112.75442250746718
Kabel Drop,110/02 -> 110/02-02,24.42,m,,
Homepass (Titik Rumah),110/02-03,1,pcs,-7.2415215741652,112.75484566018639
Kabel Drop,110/02 -> 110/02-03,45.26,m,,
Homepass (Titik Rumah),110/02-04,1,pcs,-7.241320300000001,112.75423555000002
Kabel Drop,110/02 -> 110/02-04,45.8,m,,
Homepass (Titik Rumah),110/02-05,1,pcs,-7.241656649999998,112.75484955000002
Kabel Drop,110/02 -> 110/02-05,58.69,m,,
Homepass (Titik Rumah),110/02-06,1,pcs,-7.24135498159732,112.7542010478833
Kabel Drop,110/02 -> 110/02-06,50.75,m,,
Homepass (Titik Rumah),110/02-07,1,pcs,-7.241281249091121,112.75423266554526
Kabel Drop,110/02 -> 110/02-07,46.27,m,,
Homepass (Titik Rumah),110/02-08,1,pcs,-7.241716150000001,112.75491394999999
Kabel Drop,110/02 -> 110/02-08,70.2,m,,
ODP,110/03,1,pcs,-7.241125710008747,112.75320183550087
Kabel Distribusi,ODC 110 -> 110/03,125.89,m,,
Homepass (Titik Rumah),110/03-01,1,pcs,-7.241267418583476,112.75324133670263
Kabel Drop,110/03 -> 110/03-01,19.62,m,,
Homepass (Titik Rumah),110/03-02,1,pcs,-7.241222581648863,112.75314800190651
Kabel Drop,110/03 -> 110/03-02,14.76,m,,
Homepass (Titik Rumah),110/03-03,1,pcs,-7.241419920190653,112.75315036936574
Kabel Drop,110/03 -> 110/03-03,39.84,m,,
Homepass (Titik Rumah),110/03-04,1,pcs,-7.24124125,112.75304595000001
Kabel Drop,110/03 -> 110/03-04,25.76,m,,
Homepass (Titik Rumah),110/03-05,1,pcs,-7.241085400000001,112.75334485
Kabel Drop,110/03 -> 110/03-05,19.68,m,,
Homepass (Titik Rumah),110/03-06,1,pcs,-7.241054780593148,112.7532429541489
Kabel Drop,110/03 -> 110/03-06,10.92,m,,
Homepass (Titik Rumah),110/03-07,1,pcs,-7.241390769252089,112.75304914686733
Kabel Drop,110/03 -> 110/03-07,40.74,m,,
Homepass (Titik Rumah),110/03-08,1,pcs,-7.24112898601349,112.75304759287678
Kabel Drop,110/03 -> 110/03-08,20.42,m,,
ODP,110/04,1,pcs,-7.24185153526265,112.75285610260109
Kabel Distribusi,ODC 110 -> 110/04,139.47,m,,
Homepass (Titik Rumah),110/04-01,1,pcs,-7.241763199999999,112.75277150000001
Kabel Drop,110/04 -> 110/04-01,16.26,m,,
Homepass (Titik Rumah),110/04-02,1,pcs,-7.241612880282713,112.75277955573682
Kabel Drop,110/04 -> 110/04-02,33.42,m,,
Homepass (Titik Rumah),110/04-03,1,pcs,-7.241927558900519,112.75271916955793
Kabel Drop,110/04 -> 110/04-03,20.77,m,,
Homepass (Titik Rumah),110/04-04,1,pcs,-7.242113076988872,112.75269419090871
Kabel Drop,110/04 -> 110/04-04,40.95,m,,
Homepass (Titik Rumah),110/04-05,1,pcs,-7.242114732266953,112.75285704471634
Kabel Drop,110/04 -> 110/04-05,35.12,m,,
Homepass (Titik Rumah),110/04-06,1,pcs,-7.242189720467591,112.75292620519537
Kabel Drop,110/04 -> 110/04-06,46.07,m,,
Homepass (Titik Rumah),110/04-07,1,pcs,-7.242198400000002,112.75300184999999
Kabel Drop,110/04 -> 110/04-07,50.14,m,,
Homepass (Titik Rumah),110/04-08,1,pcs,-7.24227926712819,112.75265282437002
Kabel Drop,110/04 -> 110/04-08,63.1,m,,
ODC,ODC 111,1,pcs,-7.2416430970004955,112.7535628051023
Join Closure,JOIN CLOSURE ODC 111,1,pcs,-7.2416430970004955,112.7535628051023
ODP,111/01,1,pcs,-7.241641565965703,112.7535583212727
Kabel Distribusi,ODC 111 -> 111/01,0.63,m,,
Homepass (Titik Rumah),111/01-01,1,pcs,-7.24153022613424,112.7537060242272
Kabel Drop,111/01 -> 111/01-01,24.56,m,,
Homepass (Titik Rumah),111/01-02,1,pcs,-7.241163504916542,112.7535134298064
Kabel Drop,111/01 -> 111/01-02,64.07,m,,
Homepass (Titik Rumah),111/01-03,1,pcs,-7.2419382945618604,112.75383012999414
Kabel Drop,111/01 -> 111/01-03,53.5,m,,
Homepass (Titik Rumah),111/01-04,1,pcs,-7.2419633,112.75372265000001
Kabel Drop,111/01 -> 111/01-04,48.13,m,,
Homepass (Titik Rumah),111/01-05,1,pcs,-7.2411149,112.75346875000001
Kabel Drop,111/01 -> 111/01-05,71.27,m,,
Homepass (Titik Rumah),111/01-06,1,pcs,-7.2420335,112.75368345000001
Kabel Drop,111/01 -> 111/01-06,54.86,m,,
Homepass (Titik Rumah),111/01-07,1,pcs,-7.2411077999999955,112.7534184
Kabel Drop,111/01 -> 111/01-07,73.59,m,,
Homepass (Titik Rumah),111/01-08,1,pcs,-7.241821109853694,112.75328076956379
Kabel Drop,111/01 -> 111/01-08,43.86,m,,
ODP,111/02,1,pcs,-7.241663398763213,112.75362226138954
Kabel Distribusi,ODC 111 -> 111/02,8.32,m,,
Homepass (Titik Rumah),111/02-01,1,pcs,-7.241732400000001,112.75351780000001
Kabel Drop,111/02 -> 111/02-01,16.61,m,,
Homepass (Titik Rumah),111/02-02,1,pcs,-7.241703563308884,112.7534582994126
Kabel Drop,111/02 -> 111/02-02,22.36,m,,
Homepass (Titik Rumah),111/02-03,1,pcs,-7.2416787499999975,112.7533869
Kabel Drop,111/02 -> 111/02-03,31.22,m,,
Homepass (Titik Rumah),111/02-04,1,pcs,-7.241762822398996,112.75366598286385
Kabel Drop,111/02 -> 111/02-04,14.47,m,,
Homepass (Titik Rumah),111/02-05,1,pcs,-7.241534743373639,112.7536038845277
Kabel Drop,111/02 -> 111/02-05,17.34,m,,
Homepass (Titik Rumah),111/02-06,1,pcs,-7.241658070444276,112.753733331803
Kabel Drop,111/02 -> 111/02-06,14.72,m,,
Homepass (Titik Rumah),111/02-07,1,pcs,-7.241846700000001,112.75372325
Kabel Drop,111/02 -> 111/02-07,27.87,m,,
Homepass (Titik Rumah),111/02-08,1,pcs,-7.241765183892466,112.75376058136214
Kabel Drop,111/02 -> 111/02-08,22.8,m,,
ODP,111/03,1,pcs,-7.241288487076272,112.75370519745609
Kabel Distribusi,ODC 111 -> 111/03,50.93,m,,
Homepass (Titik Rumah),111/03-01,1,pcs,-7.241237249999999,112.7537859
Kabel Drop,111/03 -> 111/03-01,12.68,m,,
Homepass (Titik Rumah),111/03-02,1,pcs,-7.2411872851346955,112.75375154872279
Kabel Drop,111/03 -> 111/03-02,14.83,m,,
Homepass (Titik Rumah),111/03-03,1,pcs,-7.241163119146068,112.75371419780713
Kabel Drop,111/03 -> 111/03-03,16.77,m,,
Homepass (Titik Rumah),111/03-04,1,pcs,-7.2412321,112.7536546
Kabel Drop,111/03 -> 111/03-04,10.07,m,,
Homepass (Titik Rumah),111/03-05,1,pcs,-7.24135989781621,112.75371122112848
Kabel Drop,111/03 -> 111/03-05,9.56,m,,
Homepass (Titik Rumah),111/03-06,1,pcs,-7.241141799999998,112.75367135000002
Kabel Drop,111/03 -> 111/03-06,20.08,m,,
Homepass (Titik Rumah),111/03-07,1,pcs,-7.241349919694638,112.7536594470646
Kabel Drop,111/03 -> 111/03-07,10.19,m,,
Homepass (Titik Rumah),111/03-08,1,pcs,-7.24141577716889,112.75375704680181
Kabel Drop,111/03 -> 111/03-08,18.32,m,,
ODP,111/04,1,pcs,-7.24126115608679,112.75361053130061
Kabel Distribusi,ODC 111 -> 111/04,51.35,m,,
Homepass (Titik Rumah),111/04-01,1,pcs,-7.241333249999999,112.75362279999999
Kabel Drop,111/04 -> 111/04-01,9.76,m,,
Homepass (Titik Rumah),111/04-02,1,pcs,-7.241300750000001,112.75358610000002
Kabel Drop,111/04 -> 111/04-02,6.19,m,,
Homepass (Titik Rumah),111/04-03,1,pcs,-7.241378294028434,112.75356003019444
Kabel Drop,111/04 -> 111/04-03,17.0,m,,
Homepass (Titik Rumah),111/04-04,1,pcs,-7.241419745205756,112.75363587959593
Kabel Drop,111/04 -> 111/04-04,21.43,m,,
Homepass (Titik Rumah),111/04-05,1,pcs,-7.241305399999999,112.75352489999999
Kabel Drop,111/04 -> 111/04-05,12.78,m,,
Homepass (Titik Rumah),111/04-06,1,pcs,-7.241432684638234,112.75368672020252
Kabel Drop,111/04 -> 111/04-06,25.01,m,,
Homepass (Titik Rumah),111/04-07,1,pcs,-7.241342933403412,112.75346788077513
Kabel Drop,111/04 -> 111/04-07,21.81,m,,
Homepass (Titik Rumah),111/04-08,1,pcs,-7.241508864137924,112.75353066844751
Kabel Drop,111/04 -> 111/04-08,34.7,m,,
ODC,ODC 112,1,pcs,-7.242015422652976,112.75336505830143
Join Closure,JOIN CLOSURE ODC 112,1,pcs,-7.242015422652976,112.75336505830143
ODP,112/01,1,pcs,-7.241995986905753,112.75330470018406
Kabel Distribusi,ODC 112 -> 112/01,8.4,m,,
Homepass (Titik Rumah),112/01-01,1,pcs,-7.24206235,112.75322815
Kabel Drop,112/01 -> 112/01-01,13.46,m,,
Homepass (Titik Rumah),112/01-02,1,pcs,-7.2420788,112.7532841
Kabel Drop,112/01 -> 112/01-02,11.38,m,,
Homepass (Titik Rumah),112/01-03,1,pcs,-7.242045310922678,112.75310831588651
Kabel Drop,112/01 -> 112/01-03,26.82,m,,
Homepass (Titik Rumah),112/01-04,1,pcs,-7.2421257500000005,112.75336374999999
Kabel Drop,112/01 -> 112/01-04,19.0,m,,
Homepass (Titik Rumah),112/01-05,1,pcs,-7.2419100499999995,112.75325305
Kabel Drop,112/01 -> 112/01-05,13.35,m,,
Homepass (Titik Rumah),112/01-06,1,pcs,-7.241942687693791,112.75337933040645
Kabel Drop,112/01 -> 112/01-06,12.17,m,,
Homepass (Titik Rumah),112/01-07,1,pcs,-7.2419026511324756,112.75333646870868
Kabel Drop,112/01 -> 112/01-07,13.14,m,,
Homepass (Titik Rumah),112/01-08,1,pcs,-7.242103305655332,112.75341906574215
Kabel Drop,112/01 -> 112/01-08,20.84,m,,
ODP,112/02,1,pcs,-7.242043733740375,112.75345297897236
Kabel Distribusi,ODC 112 -> 112/02,12.24,m,,
Homepass (Titik Rumah),112/02-01,1,pcs,-7.241953065179275,112.75345347047706
Kabel Drop,112/02 -> 112/02-01,12.1,m,,
Homepass (Titik Rumah),112/02-02,1,pcs,-7.241898668802184,112.75346863405855
Kabel Drop,112/02 -> 112/02-02,19.47,m,,
Homepass (Titik Rumah),112/02-03,1,pcs,-7.2418269,112.75337745
Kabel Drop,112/02 -> 112/02-03,30.61,m,,
Homepass (Titik Rumah),112/02-04,1,pcs,-7.241804100000001,112.75342614999998
Kabel Drop,112/02 -> 112/02-04,32.17,m,,
Homepass (Titik Rumah),112/02-05,1,pcs,-7.242118513089294,112.75347477321131
Kabel Drop,112/02 -> 112/02-05,10.39,m,,
Homepass (Titik Rumah),112/02-06,1,pcs,-7.2418712376706935,112.75362920971651
Kabel Drop,112/02 -> 112/02-06,32.77,m,,
Homepass (Titik Rumah),112/02-07,1,pcs,-7.241794350000003,112.75356954999998
Kabel Drop,112/02 -> 112/02-07,36.68,m,,
Homepass (Titik Rumah),112/02-08,1,pcs,-7.2421422,112.75352755
Kabel Drop,112/02 -> 112/02-08,16.43,m,,
ODP,112/03,1,pcs,-7.241894462132535,112.75298941288861
Kabel Distribusi,ODC 112 -> 112/03,52.28,m,,
Homepass (Titik Rumah),112/03-01,1,pcs,-7.2418310698249435,112.75319285252002
Kabel Drop,112/03 -> 112/03-01,28.23,m,,
Homepass (Titik Rumah),112/03-02,1,pcs,-7.241841281515767,112.75309735192371
Kabel Drop,112/03 -> 112/03-02,15.95,m,,
Homepass (Titik Rumah),112/03-03,1,pcs,-7.241811615898086,112.75294524413566
Kabel Drop,112/03 -> 112/03-03,12.51,m,,
Homepass (Titik Rumah),112/03-04,1,pcs,-7.241689581275728,112.75297753426402
Kabel Drop,112/03 -> 112/03-04,27.38,m,,
Homepass (Titik Rumah),112/03-05,1,pcs,-7.241593257956394,112.75307947087803
Kabel Drop,112/03 -> 112/03-05,41.92,m,,
Homepass (Titik Rumah),112/03-06,1,pcs,-7.2420065000000005,112.75299505000001
Kabel Drop,112/03 -> 112/03-06,14.97,m,,
Homepass (Titik Rumah),112/03-07,1,pcs,-7.241995035993611,112.75291879262451
Kabel Drop,112/03 -> 112/03-07,16.35,m,,
Homepass (Titik Rumah),112/03-08,1,pcs,-7.241972696112924,112.75284252977214
Kabel Drop,112/03 -> 112/03-08,22.07,m,,
ODP,112/04,1,pcs,-7.24212750783325,112.7537131411607
Kabel Distribusi,ODC 112 -> 112/04,48.44,m,,
Homepass (Titik Rumah),112/04-01,1,pcs,-7.242231863580287,112.75373583093689
Kabel Drop,112/04 -> 112/04-01,14.24,m,,
Homepass (Titik Rumah),112/04-02,1,pcs,-7.242175499999998,112.75375249999999
Kabel Drop,112/04 -> 112/04-02,8.26,m,,
Homepass (Titik Rumah),112/04-03,1,pcs,-7.242281170332002,112.75366705644788
Kabel Drop,112/04 -> 112/04-03,21.39,m,,
Homepass (Titik Rumah),112/04-04,1,pcs,-7.242152330347349,112.75367175433185
Kabel Drop,112/04 -> 112/04-04,6.4,m,,
Homepass (Titik Rumah),112/04-05,1,pcs,-7.242150298547647,112.75362244806753
Kabel Drop,112/04 -> 112/04-05,12.38,m,,
Homepass (Titik Rumah),112/04-06,1,pcs,-7.242357909275791,112.7536607196893
Kabel Drop,112/04 -> 112/04-06,31.52,m,,
Homepass (Titik Rumah),112/04-07,1,pcs,-7.242246631779773,112.7535890090017
Kabel Drop,112/04 -> 112/04-07,22.86,m,,
Homepass (Titik Rumah),112/04-08,1,pcs,-7.242077392893231,112.75379552914409
Kabel Drop,112/04 -> 112/04-08,12.79,m,,
ODC,ODC 113,1,pcs,-7.242387280515489,112.75325174053697
Join Closure,JOIN CLOSURE ODC 113,1,pcs,-7.242387280515489,112.75325174053697
ODP,113/01,1,pcs,-7.242349284456306,112.75313045655714
Kabel Distribusi,ODC 113 -> 113/01,16.84,m,,
Homepass (Titik Rumah),113/01-01,1,pcs,-7.242260250000005,112.75319025
Kabel Drop,113/01 -> 113/01-01,14.28,m,,
Homepass (Titik Rumah),113/01-02,1,pcs,-7.242244869772489,112.75315873770039
Kabel Drop,113/01 -> 113/01-02,14.43,m,,
Homepass (Titik Rumah),113/01-03,1,pcs,-7.2421980500000025,112.7531336
Kabel Drop,113/01 -> 113/01-03,20.18,m,,
Homepass (Titik Rumah),113/01-04,1,pcs,-7.242275011660856,112.75309032496368
Kabel Drop,113/01 -> 113/01-04,11.24,m,,
Homepass (Titik Rumah),113/01-05,1,pcs,-7.242141129747613,112.75319980016839
Kabel Drop,113/01 -> 113/01-05,29.25,m,,
Homepass (Titik Rumah),113/01-06,1,pcs,-7.242145903862403,112.75326781978846
Kabel Drop,113/01 -> 113/01-06,32.67,m,,
Homepass (Titik Rumah),113/01-07,1,pcs,-7.242230801477778,112.75305095819394
Kabel Drop,113/01 -> 113/01-07,18.99,m,,
Homepass (Titik Rumah),113/01-08,1,pcs,-7.242146999175386,112.75331283039178
Kabel Drop,113/01 -> 113/01-08,36.21,m,,
ODP,113/02,1,pcs,-7.242366247737452,112.75318460360009
Kabel Distribusi,ODC 113 -> 113/02,9.32,m,,
Homepass (Titik Rumah),113/02-01,1,pcs,-7.242455216582582,112.75320396892418
Kabel Drop,113/02 -> 113/02-01,12.15,m,,
Homepass (Titik Rumah),113/02-02,1,pcs,-7.242453899999999,112.75316609999999
Kabel Drop,113/02 -> 113/02-02,11.95,m,,
Homepass (Titik Rumah),113/02-03,1,pcs,-7.242432552230128,112.75311210291039
Kabel Drop,113/02 -> 113/02-03,13.05,m,,
Homepass (Titik Rumah),113/02-04,1,pcs,-7.242303869680244,112.75322344656938
Kabel Drop,113/02 -> 113/02-04,9.78,m,,
Homepass (Titik Rumah),113/02-05,1,pcs,-7.242420186083896,112.75304863062216
Kabel Drop,113/02 -> 113/02-05,19.38,m,,
Homepass (Titik Rumah),113/02-06,1,pcs,-7.2422920782129925,112.75328603269332
Kabel Drop,113/02 -> 113/02-06,16.68,m,,
Homepass (Titik Rumah),113/02-07,1,pcs,-7.242507929754935,112.75302856002254
Kabel Drop,113/02 -> 113/02-07,28.0,m,,
Homepass (Titik Rumah),113/02-08,1,pcs,-7.242316111967355,112.75332908309491
Kabel Drop,113/02 -> 113/02-08,20.26,m,,
ODP,113/03,1,pcs,-7.242388988377615,112.753257192058
Kabel Distribusi,ODC 113 -> 113/03,0.76,m,,
Homepass (Titik Rumah),113/03-01,1,pcs,-7.242667069253753,112.75318774713993
Kabel Drop,113/03 -> 113/03-01,38.23,m,,
Homepass (Titik Rumah),113/03-02,1,pcs,-7.242706250000002,112.75325140000001
Kabel Drop,113/03 -> 113/03-02,42.34,m,,
Homepass (Titik Rumah),113/03-03,1,pcs,-7.2425894,112.75311515000001
Kabel Drop,113/03 -> 113/03-03,32.69,m,,
Homepass (Titik Rumah),113/03-04,1,pcs,-7.242629329646105,112.75328950728318
Kabel Drop,113/03 -> 113/03-04,32.35,m,,
Homepass (Titik Rumah),113/03-05,1,pcs,-7.242517469298488,112.75310928477886
Kabel Drop,113/03 -> 113/03-05,26.02,m,,
Homepass (Titik Rumah),113/03-06,1,pcs,-7.24250540790136,112.75324507543766
Kabel Drop,113/03 -> 113/03-06,15.62,m,,
Homepass (Titik Rumah),113/03-07,1,pcs,-7.24256775,112.7530393
Kabel Drop,113/03 -> 113/03-07,37.43,m,,
Homepass (Titik Rumah),113/03-08,1,pcs,-7.242529715613783,112.75331866915613
Kabel Drop,113/03 -> 113/03-08,20.47,m,,
ODP,113/04,1,pcs,-7.242444601490568,112.75343470993259
Kabel Distribusi,ODC 113 -> 113/04,25.4,m,,
Homepass (Titik Rumah),113/04-01,1,pcs,-7.242192733511385,112.75356274986338
Kabel Drop,113/04 -> 113/04-01,37.64,m,,
Homepass (Titik Rumah),113/04-02,1,pcs,-7.242197063261481,112.75344801890117
Kabel Drop,113/04 -> 113/04-02,33.08,m,,
Homepass (Titik Rumah),113/04-03,1,pcs,-7.242186669272436,112.75339448417458
Kabel Drop,113/04 -> 113/04-03,34.83,m,,
Homepass (Titik Rumah),113/04-04,1,pcs,-7.242329955224596,112.75346439400143
Kabel Drop,113/04 -> 113/04-04,15.79,m,,
Homepass (Titik Rumah),113/04-05,1,pcs,-7.2422846,112.75341709999998
Kabel Drop,113/04 -> 113/04-05,21.48,m,,
Homepass (Titik Rumah),113/04-06,1,pcs,-7.242372476791491,112.7535423534019
Kabel Drop,113/04 -> 113/04-06,17.19,m,,
Homepass (Titik Rumah),113/04-07,1,pcs,-7.242422800000001,112.75361274999999
Kabel Drop,113/04 -> 113/04-07,23.75,m,,
Homepass (Titik Rumah),113/04-08,1,pcs,-7.242376534612664,112.7534098810445
Kabel Drop,113/04 -> 113/04-08,9.66,m,,
ODC,ODC 114,1,pcs,-7.242712062218246,112.75285938708208
Join Closure,JOIN CLOSURE ODC 114,1,pcs,-7.242712062218246,112.75285938708208
ODP,114/01,1,pcs,-7.242699621494814,112.75282029416438
Kabel Distribusi,ODC 114 -> 114/01,5.43,m,,
Homepass (Titik Rumah),114/01-01,1,pcs,-7.242906564502021,112.75268762136731
Kabel Drop,114/01 -> 114/01-01,32.72,m,,
Homepass (Titik Rumah),114/01-02,1,pcs,-7.242793539654952,112.75278078691912
Kabel Drop,114/01 -> 114/01-02,13.58,m,,
Homepass (Titik Rumah),114/01-03,1,pcs,-7.242754799999997,112.75271955000001
Kabel Drop,114/01 -> 114/01-03,15.23,m,,
Homepass (Titik Rumah),114/01-04,1,pcs,-7.242751950290284,112.75264702226609
Kabel Drop,114/01 -> 114/01-04,23.98,m,,
Homepass (Titik Rumah),114/01-05,1,pcs,-7.242866829711429,112.75284435975969
Kabel Drop,114/01 -> 114/01-05,22.54,m,,
Homepass (Titik Rumah),114/01-06,1,pcs,-7.243052444266582,112.75280957200424
Kabel Drop,114/01 -> 114/01-06,47.1,m,,
Homepass (Titik Rumah),114/01-07,1,pcs,-7.242788332400712,112.75289005079864
Kabel Drop,114/01 -> 114/01-07,15.01,m,,
Homepass (Titik Rumah),114/01-08,1,pcs,-7.2431600000000005,112.75266279999998
Kabel Drop,114/01 -> 114/01-08,64.87,m,,
ODP,114/02,1,pcs,-7.242684425628578,112.75277716672326
Kabel Distribusi,ODC 114 -> 114/02,11.49,m,,
Homepass (Titik Rumah),114/02-01,1,pcs,-7.242514899999997,112.7529512
Kabel Drop,114/02 -> 114/02-01,32.29,m,,
Homepass (Titik Rumah),114/02-02,1,pcs,-7.242580727236481,112.75292071356809
Kabel Drop,114/02 -> 114/02-02,23.51,m,,
Homepass (Titik Rumah),114/02-03,1,pcs,-7.24257605,112.75279044999999
Kabel Drop,114/02 -> 114/02-03,14.57,m,,
Homepass (Titik Rumah),114/02-04,1,pcs,-7.242548199999999,112.75274750000001
Kabel Drop,114/02 -> 114/02-04,18.6,m,,
Homepass (Titik Rumah),114/02-05,1,pcs,-7.242537500000001,112.75269815000001
Kabel Drop,114/02 -> 114/02-05,22.22,m,,
Homepass (Titik Rumah),114/02-06,1,pcs,-7.242361650475987,112.75262208399253
Kabel Drop,114/02 -> 114/02-06,47.71,m,,
Homepass (Titik Rumah),114/02-07,1,pcs,-7.24247825,112.7525713
Kabel Drop,114/02 -> 114/02-07,38.72,m,,
Homepass (Titik Rumah),114/02-08,1,pcs,-7.24254866734069,112.75338436874613
Kabel Drop,114/02 -> 114/02-08,82.39,m,,
ODP,114/03,1,pcs,-7.24278957308882,112.75307558609799
Kabel Distribusi,ODC 114 -> 114/03,30.43,m,,
Homepass (Titik Rumah),114/03-01,1,pcs,-7.242811017088596,112.75293659971271
Kabel Drop,114/03 -> 114/03-01,18.62,m,,
Homepass (Titik Rumah),114/03-02,1,pcs,-7.242888138761415,112.75305804594657
Kabel Drop,114/03 -> 114/03-02,13.36,m,,
Homepass (Titik Rumah),114/03-03,1,pcs,-7.24282065,112.75308629999999
Kabel Drop,114/03 -> 114/03-03,4.38,m,,
Homepass (Titik Rumah),114/03-04,1,pcs,-7.242868849999999,112.75310694999999
Kabel Drop,114/03 -> 114/03-04,11.36,m,,
Homepass (Titik Rumah),114/03-05,1,pcs,-7.242650505119421,112.75302992938435
Kabel Drop,114/03 -> 114/03-05,19.52,m,,
Homepass (Titik Rumah),114/03-06,1,pcs,-7.242946733995255,112.75307744916515
Kabel Drop,114/03 -> 114/03-06,20.97,m,,
Homepass (Titik Rumah),114/03-07,1,pcs,-7.242670100000001,112.75308599999998
Kabel Drop,114/03 -> 114/03-07,16.0,m,,
Homepass (Titik Rumah),114/03-08,1,pcs,-7.242868667571404,112.75315009877619
Kabel Drop,114/03 -> 114/03-08,14.45,m,,
ODP,114/04,1,pcs,-7.242276515584366,112.75289817724749
Kabel Distribusi,ODC 114 -> 114/04,58.34,m,,
Homepass (Titik Rumah),114/04-01,1,pcs,-7.242336613792676,112.75282417707318
Kabel Drop,114/04 -> 114/04-01,12.66,m,,
Homepass (Titik Rumah),114/04-02,1,pcs,-7.242387449999999,112.7528726
Kabel Drop,114/04 -> 114/04-02,15.18,m,,
Homepass (Titik Rumah),114/04-03,1,pcs,-7.242416679406923,112.75280194657778
Kabel Drop,114/04 -> 114/04-03,22.63,m,,
Homepass (Titik Rumah),114/04-04,1,pcs,-7.242412620232382,112.75295574582236
Kabel Drop,114/04 -> 114/04-04,19.69,m,,
Homepass (Titik Rumah),114/04-05,1,pcs,-7.242492120091771,112.75281759560882
Kabel Drop,114/04 -> 114/04-05,30.68,m,,
Homepass (Titik Rumah),114/04-06,1,pcs,-7.242460339438769,112.7527266308925
Kabel Drop,114/04 -> 114/04-06,33.43,m,,
Homepass (Titik Rumah),114/04-07,1,pcs,-7.242506570554635,112.75291599404216
Kabel Drop,114/04 -> 114/04-07,30.79,m,,
Homepass (Titik Rumah),114/04-08,1,pcs,-7.242528918823945,112.7528543177059
Kabel Drop,114/04 -> 114/04-08,34.18,m,,
ODC,ODC 115,1,pcs,-7.242465935478692,112.75236707781768
Join Closure,JOIN CLOSURE ODC 115,1,pcs,-7.242465935478692,112.75236707781768
ODP,115/01,1,pcs,-7.2426274,112.7521183
Kabel Distribusi,ODC 115 -> 115/01,39.35,m,,
Homepass (Titik Rumah),115/01-01,1,pcs,-7.24247345,112.7518897
Kabel Drop,115/01 -> 115/01-01,36.57,m,,
Homepass (Titik Rumah),115/01-02,1,pcs,-7.242316149999999,112.75196915000001
Kabel Drop,115/01 -> 115/01-02,45.99,m,,
Homepass (Titik Rumah),115/01-03,1,pcs,-7.242667995130128,112.75190272445725
Kabel Drop,115/01 -> 115/01-03,29.05,m,,
Homepass (Titik Rumah),115/01-04,1,pcs,-7.242186749999999,112.75195375
Kabel Drop,115/01 -> 115/01-04,62.7,m,,
Homepass (Titik Rumah),115/01-05,1,pcs,-7.242243300000001,112.75209085
Kabel Drop,115/01 -> 115/01-05,51.38,m,,
Homepass (Titik Rumah),115/01-06,1,pcs,-7.242181441976278,112.7520795438108
Kabel Drop,115/01 -> 115/01-06,59.73,m,,
Homepass (Titik Rumah),115/01-07,1,pcs,-7.242898301939337,112.75186526916369
Kabel Drop,115/01 -> 115/01-07,49.28,m,,
Homepass (Titik Rumah),115/01-08,1,pcs,-7.24206365,112.75202145
Kabel Drop,115/01 -> 115/01-08,76.31,m,,
ODP,115/02,1,pcs,-7.242020278875202,112.75213182679782
Kabel Distribusi,ODC 115 -> 115/02,67.13,m,,
Homepass (Titik Rumah),115/02-01,1,pcs,-7.2418415000000005,112.75216964999998
Kabel Drop,115/02 -> 115/02-01,24.37,m,,
Homepass (Titik Rumah),115/02-02,1,pcs,-7.241772998694868,112.75217433208029
Kabel Drop,115/02 -> 115/02-02,33.47,m,,
Homepass (Titik Rumah),115/02-03,1,pcs,-7.24171455,112.75221999999998
Kabel Drop,115/02 -> 115/02-03,42.43,m,,
Homepass (Titik Rumah),115/02-04,1,pcs,-7.24188606503975,112.75232852602117
Kabel Drop,115/02 -> 115/02-04,31.6,m,,
Homepass (Titik Rumah),115/02-05,1,pcs,-7.2418152000000005,112.75235705
Kabel Drop,115/02 -> 115/02-05,40.47,m,,
Homepass (Titik Rumah),115/02-06,1,pcs,-7.241653250000001,112.75211665000002
Kabel Drop,115/02 -> 115/02-06,49.02,m,,
Homepass (Titik Rumah),115/02-07,1,pcs,-7.241656348487856,112.75225746423997
Kabel Drop,115/02 -> 115/02-07,51.33,m,,
Homepass (Titik Rumah),115/02-08,1,pcs,-7.241637716402582,112.75228109879113
Kabel Drop,115/02 -> 115/02-08,54.74,m,,
ODP,115/03,1,pcs,-7.2419996883064846,112.75207891631355
Kabel Distribusi,ODC 115 -> 115/03,72.98,m,,
Homepass (Titik Rumah),115/03-01,1,pcs,-7.2420879000000005,112.75208120000002
Kabel Drop,115/03 -> 115/03-01,11.77,m,,
Homepass (Titik Rumah),115/03-02,1,pcs,-7.242111317970868,112.7521453986103
Kabel Drop,115/03 -> 115/03-02,17.3,m,,
Homepass (Titik Rumah),115/03-03,1,pcs,-7.242035100000001,112.75198185000002
Kabel Drop,115/03 -> 115/03-03,13.69,m,,
Homepass (Titik Rumah),115/03-04,1,pcs,-7.24212623352405,112.75220114983358
Kabel Drop,115/03 -> 115/03-04,23.39,m,,
Homepass (Titik Rumah),115/03-05,1,pcs,-7.242009186247222,112.75192621054016
Kabel Drop,115/03 -> 115/03-05,20.25,m,,
Homepass (Titik Rumah),115/03-06,1,pcs,-7.241951449999998,112.75188545
Kabel Drop,115/03 -> 115/03-06,26.41,m,,
Homepass (Titik Rumah),115/03-07,1,pcs,-7.241968568612071,112.75229233782444
Kabel Drop,115/03 -> 115/03-07,28.55,m,,
Homepass (Titik Rumah),115/03-08,1,pcs,-7.24183285,112.75206904999999
Kabel Drop,115/03 -> 115/03-08,22.3,m,,
ODP,115/04,1,pcs,-7.243226891704561,112.7531675987046
Kabel Distribusi,ODC 115 -> 115/04,146.76,m,,
Homepass (Titik Rumah),115/04-01,1,pcs,-7.243034250594934,112.75327924082265
Kabel Drop,115/04 -> 115/04-01,29.65,m,,
Homepass (Titik Rumah),115/04-02,1,pcs,-7.242971250000001,112.75336044999999
Kabel Drop,115/04 -> 115/04-02,42.61,m,,
Homepass (Titik Rumah),115/04-03,1,pcs,-7.24306676931078,112.75312439396923
Kabel Drop,115/04 -> 115/04-03,22.12,m,,
Homepass (Titik Rumah),115/04-04,1,pcs,-7.24303105,112.75307905
Kabel Drop,115/04 -> 115/04-04,28.64,m,,
Homepass (Titik Rumah),115/04-05,1,pcs,-7.243132000000003,112.75309450000002
Kabel Drop,115/04 -> 115/04-05,15.94,m,,
Homepass (Titik Rumah),115/04-06,1,pcs,-7.243105550000002,112.75305184999999
Kabel Drop,115/04 -> 115/04-06,22.29,m,,
Homepass (Titik Rumah),115/04-07,1,pcs,-7.2432013,112.75388999999998
Kabel Drop,115/04 -> 115/04-07,95.68,m,,
Homepass (Titik Rumah),115/04-08,1,pcs,-7.243409949999998,112.7527243
Kabel Drop,115/04 -> 115/04-08,63.56,m,,
ODC,ODC 116,1,pcs,-7.242610837882632,112.75122448788798
Join Closure,JOIN CLOSURE ODC 116,1,pcs,-7.242610837882632,112.75122448788798
ODP,116/01,1,pcs,-7.24261067604957,112.75122391672163
Kabel Distribusi,ODC 116 -> 116/01,0.08,m,,
Homepass (Titik Rumah),116/01-01,1,pcs,-7.242515246660036,112.75124581488384
Kabel Drop,116/01 -> 116/01-01,13.06,m,,
Homepass (Titik Rumah),116/01-02,1,pcs,-7.242573800000001,112.75121270000001
Kabel Drop,116/01 -> 116/01-02,5.14,m,,
Homepass (Titik Rumah),116/01-03,1,pcs,-7.242483080812271,112.75111490282106
Kabel Drop,116/01 -> 116/01-03,22.32,m,,
Homepass (Titik Rumah),116/01-04,1,pcs,-7.2424319,112.7514132
Kabel Drop,116/01 -> 116/01-04,34.6,m,,
Homepass (Titik Rumah),116/01-05,1,pcs,-7.242491550000002,112.75146235
Kabel Drop,116/01 -> 116/01-05,35.34,m,,
Homepass (Titik Rumah),116/01-06,1,pcs,-7.242640115354995,112.75105564674065
Kabel Drop,116/01 -> 116/01-06,22.62,m,,
Homepass (Titik Rumah),116/01-07,1,pcs,-7.242411900000001,112.75101770000002
Kabel Drop,116/01 -> 116/01-07,38.06,m,,
Homepass (Titik Rumah),116/01-08,1,pcs,-7.242510250000002,112.7515035
Kabel Drop,116/01 -> 116/01-08,39.36,m,,
ODP,116/02,1,pcs,-7.24259003172643,112.75115105557344
Kabel Distribusi,ODC 116 -> 116/02,10.11,m,,
Homepass (Titik Rumah),116/02-01,1,pcs,-7.242256247019188,112.7511980808207
Kabel Drop,116/02 -> 116/02-01,44.97,m,,
Homepass (Titik Rumah),116/02-02,1,pcs,-7.242283531536573,112.7512524018024
Kabel Drop,116/02 -> 116/02-02,43.04,m,,
Homepass (Titik Rumah),116/02-03,1,pcs,-7.242406907929967,112.75121306997556
Kabel Drop,116/02 -> 116/02-03,25.78,m,,
Homepass (Titik Rumah),116/02-04,1,pcs,-7.2424176000000005,112.75113844999998
Kabel Drop,116/02 -> 116/02-04,23.07,m,,
Homepass (Titik Rumah),116/02-05,1,pcs,-7.2424371,112.7512703
Kabel Drop,116/02 -> 116/02-05,25.8,m,,
Homepass (Titik Rumah),116/02-06,1,pcs,-7.242429550000001,112.75108575000002
Kabel Drop,116/02 -> 116/02-06,23.09,m,,
Homepass (Titik Rumah),116/02-07,1,pcs,-7.2424100655671175,112.75134226914106
Kabel Drop,116/02 -> 116/02-07,34.89,m,,
Homepass (Titik Rumah),116/02-08,1,pcs,-7.242490230632652,112.75115835272231
Kabel Drop,116/02 -> 116/02-08,13.35,m,,
ODP,116/03,1,pcs,-7.2425743504320375,112.75109571071634
Kabel Distribusi,ODC 116 -> 116/03,17.73,m,,
Homepass (Titik Rumah),116/03-01,1,pcs,-7.242505737838593,112.75084527524777
Kabel Drop,116/03 -> 116/03-01,34.39,m,,
Homepass (Titik Rumah),116/03-02,1,pcs,-7.242480799999999,112.7507604
Kabel Drop,116/03 -> 116/03-02,46.11,m,,
Homepass (Titik Rumah),116/03-03,1,pcs,-7.242405588953787,112.75089223077501
Kabel Drop,116/03 -> 116/03-03,35.11,m,,
Homepass (Titik Rumah),116/03-04,1,pcs,-7.242364631870915,112.75079425345616
Kabel Drop,116/03 -> 116/03-04,48.74,m,,
Homepass (Titik Rumah),116/03-05,1,pcs,-7.242349188191954,112.75072127434315
Kabel Drop,116/03 -> 116/03-05,57.96,m,,
Homepass (Titik Rumah),116/03-06,1,pcs,-7.242288674240151,112.75080380267765
Kabel Drop,116/03 -> 116/03-06,54.28,m,,
Homepass (Titik Rumah),116/03-07,1,pcs,-7.243066100000001,112.7517161
Kabel Drop,116/03 -> 116/03-07,105.12,m,,
Homepass (Titik Rumah),116/03-08,1,pcs,-7.24265793756788,112.75236725908654
Kabel Drop,116/03 -> 116/03-08,168.68,m,,
ODP,116/04,1,pcs,-7.2426643,112.7514284
Kabel Distribusi,ODC 116 -> 116/04,27.92,m,,
Homepass (Titik Rumah),116/04-01,1,pcs,-7.242414649999998,112.75148875
Kabel Drop,116/04 -> 116/04-01,34.26,m,,
Homepass (Titik Rumah),116/04-02,1,pcs,-7.242431500000001,112.75153470000001
Kabel Drop,116/04 -> 116/04-02,34.1,m,,
Homepass (Titik Rumah),116/04-03,1,pcs,-7.24235415,112.75158345000001
Kabel Drop,116/04 -> 116/04-03,46.19,m,,
Homepass (Titik Rumah),116/04-04,1,pcs,-7.2423818820996555,112.75164776640182
Kabel Drop,116/04 -> 116/04-04,47.57,m,,
Homepass (Titik Rumah),116/04-05,1,pcs,-7.242156829286485,112.75156881304493
Kabel Drop,116/04 -> 116/04-05,70.22,m,,
Homepass (Titik Rumah),116/04-06,1,pcs,-7.242201733706316,112.75172407015802
Kabel Drop,116/04 -> 116/04-06,73.08,m,,
Homepass (Titik Rumah),116/04-07,1,pcs,-7.242131850000001,112.7517291
Kabel Drop,116/04 -> 116/04-07,81.44,m,,
Homepass (Titik Rumah),116/04-08,1,pcs,-7.242779736555355,112.7515678189938
Kabel Drop,116/04 -> 116/04-08,24.04,m,,
ODC,ODC 117,1,pcs,-7.243250896794063,112.75061479587181
Join Closure,JOIN CLOSURE ODC 117,1,pcs,-7.243250896794063,112.75061479587181
ODP,117/01,1,pcs,-7.243176336826543,112.75038096051551
Kabel Distribusi,ODC 117 -> 117/01,32.51,m,,
Homepass (Titik Rumah),117/01-01,1,pcs,-7.242917800000004,112.75043725000002
Kabel Drop,117/01 -> 117/01-01,35.29,m,,
Homepass (Titik Rumah),117/01-02,1,pcs,-7.242975684863031,112.75048872954552
Kabel Drop,117/01 -> 117/01-02,30.34,m,,
Homepass (Titik Rumah),117/01-03,1,pcs,-7.242992282735688,112.75040138118146
Kabel Drop,117/01 -> 117/01-03,24.71,m,,
Homepass (Titik Rumah),117/01-04,1,pcs,-7.243047196019902,112.75041697167819
Kabel Drop,117/01 -> 117/01-04,17.88,m,,
Homepass (Titik Rumah),117/01-05,1,pcs,-7.243052183984034,112.75045334959832
Kabel Drop,117/01 -> 117/01-05,19.14,m,,
Homepass (Titik Rumah),117/01-06,1,pcs,-7.243012600000001,112.75033834999999
Kabel Drop,117/01 -> 117/01-06,22.56,m,,
Homepass (Titik Rumah),117/01-07,1,pcs,-7.24294104582976,112.75058677985979
Kabel Drop,117/01 -> 117/01-07,41.57,m,,
Homepass (Titik Rumah),117/01-08,1,pcs,-7.2430638180138285,112.75037384899721
Kabel Drop,117/01 -> 117/01-08,15.04,m,,
ODP,117/02,1,pcs,-7.2432354573206315,112.75056637451527
Kabel Distribusi,ODC 117 -> 117/02,6.73,m,,
Homepass (Titik Rumah),117/02-01,1,pcs,-7.243069969043768,112.75055039274945
Kabel Drop,117/02 -> 117/02-01,22.18,m,,
Homepass (Titik Rumah),117/02-02,1,pcs,-7.24310505,112.7506163
Kabel Drop,117/02 -> 117/02-02,18.61,m,,
Homepass (Titik Rumah),117/02-03,1,pcs,-7.243168749999999,112.750535
Kabel Drop,117/02 -> 117/02-03,9.82,m,,
Homepass (Titik Rumah),117/02-04,1,pcs,-7.24300395,112.75065485
Kabel Drop,117/02 -> 117/02-04,33.04,m,,
Homepass (Titik Rumah),117/02-05,1,pcs,-7.243129999999999,112.75069675000002
Kabel Drop,117/02 -> 117/02-05,22.27,m,,
Homepass (Titik Rumah),117/02-06,1,pcs,-7.2429480670489745,112.7506685634374
Kabel Drop,117/02 -> 117/02-06,40.66,m,,
Homepass (Titik Rumah),117/02-07,1,pcs,-7.243024544452863,112.75073462958802
Kabel Drop,117/02 -> 117/02-07,35.89,m,,
Homepass (Titik Rumah),117/02-08,1,pcs,-7.24324615,112.75045305
Kabel Drop,117/02 -> 117/02-08,15.07,m,,
ODP,117/03,1,pcs,-7.243301600503617,112.7507871029413
Kabel Distribusi,ODC 117 -> 117/03,23.79,m,,
Homepass (Titik Rumah),117/03-01,1,pcs,-7.243313600000003,112.75053529999995
Kabel Drop,117/03 -> 117/03-01,33.37,m,,
Homepass (Titik Rumah),117/03-02,1,pcs,-7.243818432523071,112.75052955077872
Kabel Drop,117/03 -> 117/03-02,76.93,m,,
Homepass (Titik Rumah),117/03-03,1,pcs,-7.24385303154867,112.75062863312625
Kabel Drop,117/03 -> 117/03-03,76.51,m,,
Homepass (Titik Rumah),117/03-04,1,pcs,-7.243866350000001,112.75066904999998
Kabel Drop,117/03 -> 117/03-04,76.96,m,,
Homepass (Titik Rumah),117/03-05,1,pcs,-7.24388929671195,112.75071091937822
Kabel Drop,117/03 -> 117/03-05,79.06,m,,
Homepass (Titik Rumah),117/03-06,1,pcs,-7.242759497633834,112.75103152988379
Kabel Drop,117/03 -> 117/03-06,79.24,m,,
Homepass (Titik Rumah),117/03-07,1,pcs,-7.242593558444517,112.75082241415713
Kabel Drop,117/03 -> 117/03-07,94.59,m,,
Homepass (Titik Rumah),117/03-08,1,pcs,-7.242841758964095,112.75124302454516
Kabel Drop,117/03 -> 117/03-08,86.06,m,,
ODP,117/04,1,pcs,-7.2429960436487795,112.75081853685205
Kabel Distribusi,ODC 117 -> 117/04,43.4,m,,
Homepass (Titik Rumah),117/04-01,1,pcs,-7.242960395413149,112.75073697974409
Kabel Drop,117/04 -> 117/04-01,11.8,m,,
Homepass (Titik Rumah),117/04-02,1,pcs,-7.242890881966352,112.75072892081342
Kabel Drop,117/04 -> 117/04-02,18.37,m,,
Homepass (Titik Rumah),117/04-03,1,pcs,-7.242983330269994,112.7508510040785
Kabel Drop,117/04 -> 117/04-03,4.62,m,,
Homepass (Titik Rumah),117/04-04,1,pcs,-7.243050049999998,112.75083424999998
Kabel Drop,117/04 -> 117/04-04,7.5,m,,
Homepass (Titik Rumah),117/04-05,1,pcs,-7.243104000000001,112.75081644999999
Kabel Drop,117/04 -> 117/04-05,14.41,m,,
Homepass (Titik Rumah),117/04-06,1,pcs,-7.2430712213645485,112.75088904110058
Kabel Drop,117/04 -> 117/04-06,13.7,m,,
Homepass (Titik Rumah),117/04-07,1,pcs,-7.242766121927846,112.75077018597204
Kabel Drop,117/04 -> 117/04-07,31.34,m,,
Homepass (Titik Rumah),117/04-08,1,pcs,-7.243123039273371,112.75085617648044
Kabel Drop,117/04 -> 117/04-08,17.66,m,,
ODC,ODC 118,1,pcs,-7.243872034826742,112.75084620377214
Join Closure,JOIN CLOSURE ODC 118,1,pcs,-7.243872034826742,112.75084620377214
ODP,118/01,1,pcs,-7.244062749208981,112.75121993863924
Kabel Distribusi,ODC 118 -> 118/01,55.63,m,,
Homepass (Titik Rumah),118/01-01,1,pcs,-7.243848578725419,112.75133580564311
Kabel Drop,118/01 -> 118/01-01,32.43,m,,
Homepass (Titik Rumah),118/01-02,1,pcs,-7.243912099999998,112.75132575
Kabel Drop,118/01 -> 118/01-02,24.5,m,,
Homepass (Titik Rumah),118/01-03,1,pcs,-7.243837750000001,112.7512505
Kabel Drop,118/01 -> 118/01-03,30.29,m,,
Homepass (Titik Rumah),118/01-04,1,pcs,-7.2438236195241865,112.75119764809384
Kabel Drop,118/01 -> 118/01-04,32.04,m,,
Homepass (Titik Rumah),118/01-05,1,pcs,-7.2439940671393686,112.7512842834357
Kabel Drop,118/01 -> 118/01-05,12.51,m,,
Homepass (Titik Rumah),118/01-06,1,pcs,-7.244003213412195,112.7513429195298
Kabel Drop,118/01 -> 118/01-06,18.11,m,,
Homepass (Titik Rumah),118/01-07,1,pcs,-7.243919339721571,112.75149855556462
Kabel Drop,118/01 -> 118/01-07,41.55,m,,
Homepass (Titik Rumah),118/01-08,1,pcs,-7.24396845,112.75118535
Kabel Drop,118/01 -> 118/01-08,13.39,m,,
ODP,118/02,1,pcs,-7.243886208788742,112.75087902868682
Kabel Distribusi,ODC 118 -> 118/02,4.74,m,,
Homepass (Titik Rumah),118/02-01,1,pcs,-7.243976080387741,112.75093608349447
Kabel Drop,118/02 -> 118/02-01,14.17,m,,
Homepass (Titik Rumah),118/02-02,1,pcs,-7.243963600000001,112.75090825000002
Kabel Drop,118/02 -> 118/02-02,11.03,m,,
Homepass (Titik Rumah),118/02-03,1,pcs,-7.2439497178692,112.75087679877151
Kabel Drop,118/02 -> 118/02-03,8.48,m,,
Homepass (Titik Rumah),118/02-04,1,pcs,-7.243938521706036,112.75084336580652
Kabel Drop,118/02 -> 118/02-04,8.43,m,,
Homepass (Titik Rumah),118/02-05,1,pcs,-7.2439250500000005,112.75081435
Kabel Drop,118/02 -> 118/02-05,10.01,m,,
Homepass (Titik Rumah),118/02-06,1,pcs,-7.243807073041622,112.75087718258133
Kabel Drop,118/02 -> 118/02-06,10.56,m,,
Homepass (Titik Rumah),118/02-07,1,pcs,-7.243794678129703,112.75095196387382
Kabel Drop,118/02 -> 118/02-07,15.57,m,,
Homepass (Titik Rumah),118/02-08,1,pcs,-7.243902584126592,112.75075184935837
Kabel Drop,118/02 -> 118/02-08,16.98,m,,
ODP,118/03,1,pcs,-7.243832546602588,112.75075089391913
Kabel Distribusi,ODC 118 -> 118/03,13.67,m,,
Homepass (Titik Rumah),118/03-01,1,pcs,-7.2437609499999995,112.7508427
Kabel Drop,118/03 -> 118/03-01,15.46,m,,
Homepass (Titik Rumah),118/03-02,1,pcs,-7.243701219432301,112.75081334708908
Kabel Drop,118/03 -> 118/03-02,19.38,m,,
Homepass (Titik Rumah),118/03-03,1,pcs,-7.243736549999999,112.75074520000001
Kabel Drop,118/03 -> 118/03-03,12.83,m,,
Homepass (Titik Rumah),118/03-04,1,pcs,-7.24364765,112.75086469999998
Kabel Drop,118/03 -> 118/03-04,28.91,m,,
Homepass (Titik Rumah),118/03-05,1,pcs,-7.243672633316914,112.75076313338262
Kabel Drop,118/03 -> 118/03-05,21.4,m,,
Homepass (Titik Rumah),118/03-06,1,pcs,-7.2436412609716685,112.75093087646826
Kabel Drop,118/03 -> 118/03-06,34.92,m,,
Homepass (Titik Rumah),118/03-07,1,pcs,-7.243700640127011,112.75069092551502
Kabel Drop,118/03 -> 118/03-07,19.31,m,,
Homepass (Titik Rumah),118/03-08,1,pcs,-7.243596509578082,112.7508030697607
Kabel Drop,118/03 -> 118/03-08,32.24,m,,
ODP,118/04,1,pcs,-7.243746025114676,112.75051794486859
Kabel Distribusi,ODC 118 -> 118/04,46.59,m,,
Homepass (Titik Rumah),118/04-01,1,pcs,-7.243592100000002,112.75064309999998
Kabel Drop,118/04 -> 118/04-01,26.39,m,,
Homepass (Titik Rumah),118/04-02,1,pcs,-7.243674192138497,112.75057431226728
Kabel Drop,118/04 -> 118/04-02,12.15,m,,
Homepass (Titik Rumah),118/04-03,1,pcs,-7.243534490782886,112.75048906989522
Kabel Drop,118/04 -> 118/04-03,28.48,m,,
Homepass (Titik Rumah),118/04-04,1,pcs,-7.243765473321728,112.75067098869911
Kabel Drop,118/04 -> 118/04-04,20.42,m,,
Homepass (Titik Rumah),118/04-05,1,pcs,-7.243641996981641,112.75042615443881
Kabel Drop,118/04 -> 118/04-05,18.45,m,,
Homepass (Titik Rumah),118/04-06,1,pcs,-7.243365899999999,112.75062919999999
Kabel Drop,118/04 -> 118/04-06,52.82,m,,
Homepass (Titik Rumah),118/04-07,1,pcs,-7.243353167540261,112.75057924934778
Kabel Drop,118/04 -> 118/04-07,53.04,m,,
Homepass (Titik Rumah),118/04-08,1,pcs,-7.2438364,112.75057885000002
Kabel Drop,118/04 -> 118/04-08,14.51,m,,
ODC,ODC 119,1,pcs,-7.243354873095497,112.7510074065726
Join Closure,JOIN CLOSURE ODC 119,1,pcs,-7.243354873095497,112.7510074065726
ODP,119/01,1,pcs,-7.243334196617812,112.75092190100668
Kabel Distribusi,ODC 119 -> 119/01,11.65,m,,
Homepass (Titik Rumah),119/01-01,1,pcs,-7.243586,112.75087409999999
Kabel Drop,119/01 -> 119/01-01,34.19,m,,
Homepass (Titik Rumah),119/01-02,1,pcs,-7.243531603550627,112.75089326949889
Kabel Drop,119/01 -> 119/01-02,26.61,m,,
Homepass (Titik Rumah),119/01-03,1,pcs,-7.24359205,112.75094854999998
Kabel Drop,119/01 -> 119/01-03,34.59,m,,
Homepass (Titik Rumah),119/01-04,1,pcs,-7.243556219248969,112.75096208552286
Kabel Drop,119/01 -> 119/01-04,30.1,m,,
Homepass (Titik Rumah),119/01-05,1,pcs,-7.2434940552436435,112.75091552021412
Kabel Drop,119/01 -> 119/01-05,21.35,m,,
Homepass (Titik Rumah),119/01-06,1,pcs,-7.24345445,112.75086555
Kabel Drop,119/01 -> 119/01-06,17.69,m,,
Homepass (Titik Rumah),119/01-07,1,pcs,-7.243448950000004,112.75081460000001
Kabel Drop,119/01 -> 119/01-07,20.89,m,,
Homepass (Titik Rumah),119/01-08,1,pcs,-7.243592323151117,112.75071896350381
Kabel Drop,119/01 -> 119/01-08,43.68,m,,
ODP,119/02,1,pcs,-7.243339950105188,112.75094569399509
Kabel Distribusi,ODC 119 -> 119/02,8.41,m,,
Homepass (Titik Rumah),119/02-01,1,pcs,-7.243433650000002,112.7509333
Kabel Drop,119/02 -> 119/02-01,12.61,m,,
Homepass (Titik Rumah),119/02-02,1,pcs,-7.243474911976794,112.7509921197217
Kabel Drop,119/02 -> 119/02-02,19.03,m,,
Homepass (Titik Rumah),119/02-03,1,pcs,-7.2435174949115275,112.7510620160615
Kabel Drop,119/02 -> 119/02-03,28.25,m,,
Homepass (Titik Rumah),119/02-04,1,pcs,-7.243426384117227,112.75075321386231
Kabel Drop,119/02 -> 119/02-04,27.97,m,,
Homepass (Titik Rumah),119/02-05,1,pcs,-7.2435633500000005,112.75111165
Kabel Drop,119/02 -> 119/02-05,37.03,m,,
Homepass (Titik Rumah),119/02-06,1,pcs,-7.243402130880647,112.75068460949618
Kabel Drop,119/02 -> 119/02-06,35.54,m,,
Homepass (Titik Rumah),119/02-07,1,pcs,-7.243664223380504,112.75107069879405
Kabel Drop,119/02 -> 119/02-07,46.33,m,,
Homepass (Titik Rumah),119/02-08,1,pcs,-7.24353197875465,112.7506449096704
Kabel Drop,119/02 -> 119/02-08,47.35,m,,
ODP,119/03,1,pcs,-7.243419145969608,112.75127320080298
Kabel Distribusi,ODC 119 -> 119/03,36.21,m,,
Homepass (Titik Rumah),119/03-01,1,pcs,-7.24321855,112.75121539999999
Kabel Drop,119/03 -> 119/03-01,27.84,m,,
Homepass (Titik Rumah),119/03-02,1,pcs,-7.243262365389026,112.75128198314383
Kabel Drop,119/03 -> 119/03-02,20.95,m,,
Homepass (Titik Rumah),119/03-03,1,pcs,-7.24316939639507,112.751306127647
Kabel Drop,119/03 -> 119/03-03,33.61,m,,
Homepass (Titik Rumah),119/03-04,1,pcs,-7.243231970483048,112.75137986211533
Kabel Drop,119/03 -> 119/03-04,28.69,m,,
Homepass (Titik Rumah),119/03-05,1,pcs,-7.243362987619206,112.75138312890547
Kabel Drop,119/03 -> 119/03-05,16.37,m,,
Homepass (Titik Rumah),119/03-06,1,pcs,-7.243444629743214,112.75120955568268
Kabel Drop,119/03 -> 119/03-06,9.09,m,,
Homepass (Titik Rumah),119/03-07,1,pcs,-7.2434632500000005,112.75114719999998
Kabel Drop,119/03 -> 119/03-07,17.69,m,,
Homepass (Titik Rumah),119/03-08,1,pcs,-7.24332563405133,112.75147378759623
Kabel Drop,119/03 -> 119/03-08,29.34,m,,
ODP,119/04,1,pcs,-7.2429285,112.750985
Kabel Distribusi,ODC 119 -> 119/04,56.97,m,,
Homepass (Titik Rumah),119/04-01,1,pcs,-7.243025786872318,112.75094736682435
Kabel Drop,119/04 -> 119/04-01,13.9,m,,
Homepass (Titik Rumah),119/04-02,1,pcs,-7.24294870025764,112.75097228392862
Kabel Drop,119/04 -> 119/04-02,3.18,m,,
Homepass (Titik Rumah),119/04-03,1,pcs,-7.242854492881218,112.75099958804392
Kabel Drop,119/04 -> 119/04-03,10.06,m,,
Homepass (Titik Rumah),119/04-04,1,pcs,-7.243201024071831,112.75089189452873
Kabel Drop,119/04 -> 119/04-04,38.4,m,,
Homepass (Titik Rumah),119/04-05,1,pcs,-7.243191199999997,112.75102779999999
Kabel Drop,119/04 -> 119/04-05,35.51,m,,
Homepass (Titik Rumah),119/04-06,1,pcs,-7.243175400000002,112.7510917
Kabel Drop,119/04 -> 119/04-06,35.84,m,,
Homepass (Titik Rumah),119/04-07,1,pcs,-7.243192,112.75079434999999
Kabel Drop,119/04 -> 119/04-07,43.28,m,,
Homepass (Titik Rumah),119/04-08,1,pcs,-7.2432075,112.7511368
Kabel Drop,119/04 -> 119/04-08,42.3,m,,
ODC,ODC 120,1,pcs,-7.243459424668165,112.75146504000732
Join Closure,JOIN CLOSURE ODC 120,1,pcs,-7.243459424668165,112.75146504000732
ODP,120/01,1,pcs,-7.243453147487907,112.75143103923331
Kabel Distribusi,ODC 120 -> 120/01,4.58,m,,
Homepass (Titik Rumah),120/01-01,1,pcs,-7.243546419010926,112.75144004855754
Kabel Drop,120/01 -> 120/01-01,12.5,m,,
Homepass (Titik Rumah),120/01-02,1,pcs,-7.243536719046644,112.75139079852873
Kabel Drop,120/01 -> 120/01-02,12.36,m,,
Homepass (Titik Rumah),120/01-03,1,pcs,-7.243667900000001,112.75135940000001
Kabel Drop,120/01 -> 120/01-03,30.18,m,,
Homepass (Titik Rumah),120/01-04,1,pcs,-7.243610836631463,112.75127384505218
Kabel Drop,120/01 -> 120/01-04,29.59,m,,
Homepass (Titik Rumah),120/01-05,1,pcs,-7.243761420991132,112.75136528756501
Kabel Drop,120/01 -> 120/01-05,42.04,m,,
Homepass (Titik Rumah),120/01-06,1,pcs,-7.243550718722381,112.75119344818656
Kabel Drop,120/01 -> 120/01-06,34.04,m,,
Homepass (Titik Rumah),120/01-07,1,pcs,-7.2437765207235385,112.7515973653635
Kabel Drop,120/01 -> 120/01-07,48.44,m,,
Homepass (Titik Rumah),120/01-08,1,pcs,-7.243820667893068,112.75152423388954
Kabel Drop,120/01 -> 120/01-08,50.57,m,,
ODP,120/02,1,pcs,-7.243478121700859,112.7515663137572
Kabel Distribusi,ODC 120 -> 120/02,13.64,m,,
Homepass (Titik Rumah),120/02-01,1,pcs,-7.243251846090211,112.75151812831541
Kabel Drop,120/02 -> 120/02-01,30.86,m,,
Homepass (Titik Rumah),120/02-02,1,pcs,-7.243175519595808,112.75154203586611
Kabel Drop,120/02 -> 120/02-02,40.51,m,,
Homepass (Titik Rumah),120/02-03,1,pcs,-7.243320328040118,112.7515841220418
Kabel Drop,120/02 -> 120/02-03,21.19,m,,
Homepass (Titik Rumah),120/02-04,1,pcs,-7.243386554371222,112.7516622475678
Kabel Drop,120/02 -> 120/02-04,17.62,m,,
Homepass (Titik Rumah),120/02-05,1,pcs,-7.243442024122391,112.75158578005335
Kabel Drop,120/02 -> 120/02-05,5.46,m,,
Homepass (Titik Rumah),120/02-06,1,pcs,-7.243203338608212,112.75174528285237
Kabel Drop,120/02 -> 120/02-06,43.65,m,,
Homepass (Titik Rumah),120/02-07,1,pcs,-7.24302535,112.75145835000002
Kabel Drop,120/02 -> 120/02-07,62.08,m,,
Homepass (Titik Rumah),120/02-08,1,pcs,-7.243288949999998,112.75175415
Kabel Drop,120/02 -> 120/02-08,35.43,m,,
ODP,120/03,1,pcs,-7.243498455763258,112.75167645458986
Kabel Distribusi,ODC 120 -> 120/03,28.47,m,,
Homepass (Titik Rumah),120/03-01,1,pcs,-7.243397749883974,112.75175502230485
Kabel Drop,120/03 -> 120/03-01,16.99,m,,
Homepass (Titik Rumah),120/03-02,1,pcs,-7.243359584637211,112.75180292010027
Kabel Drop,120/03 -> 120/03-02,24.97,m,,
Homepass (Titik Rumah),120/03-03,1,pcs,-7.243459400000001,112.7517317
Kabel Drop,120/03 -> 120/03-03,8.98,m,,
Homepass (Titik Rumah),120/03-04,1,pcs,-7.243573731869941,112.75168086128046
Kabel Drop,120/03 -> 120/03-04,10.06,m,,
Homepass (Titik Rumah),120/03-05,1,pcs,-7.243552050000001,112.75156534999998
Kabel Drop,120/03 -> 120/03-05,16.35,m,,
Homepass (Titik Rumah),120/03-06,1,pcs,-7.2431604,112.7518172
Kabel Drop,120/03 -> 120/03-06,48.8,m,,
Homepass (Titik Rumah),120/03-07,1,pcs,-7.2435484300834565,112.75149505233385
Kabel Drop,120/03 -> 120/03-07,24.92,m,,
Homepass (Titik Rumah),120/03-08,1,pcs,-7.24366645,112.75161334999999
Kabel Drop,120/03 -> 120/03-08,23.92,m,,
ODP,120/04,1,pcs,-7.2439857505649625,112.75107968401248
Kabel Distribusi,ODC 120 -> 120/04,86.8,m,,
Homepass (Titik Rumah),120/04-01,1,pcs,-7.243922573296911,112.75115666708379
Kabel Drop,120/04 -> 120/04-01,13.23,m,,
Homepass (Titik Rumah),120/04-02,1,pcs,-7.243882926035816,112.75111668274334
Kabel Drop,120/04 -> 120/04-02,14.57,m,,
Homepass (Titik Rumah),120/04-03,1,pcs,-7.243883551967508,112.75103641862671
Kabel Drop,120/04 -> 120/04-03,14.79,m,,
Homepass (Titik Rumah),120/04-04,1,pcs,-7.244074592763902,112.75112998275338
Kabel Drop,120/04 -> 120/04-04,13.6,m,,
Homepass (Titik Rumah),120/04-05,1,pcs,-7.244032400000001,112.75104534999998
Kabel Drop,120/04 -> 120/04-05,7.71,m,,
Homepass (Titik Rumah),120/04-06,1,pcs,-7.24378979593313,112.75106534460602
Kabel Drop,120/04 -> 120/04-06,26.22,m,,
Homepass (Titik Rumah),120/04-07,1,pcs,-7.244003066761389,112.7509870998588
Kabel Drop,120/04 -> 120/04-07,12.47,m,,
Homepass (Titik Rumah),120/04-08,1,pcs,-7.244108005656535,112.75120326746173
Kabel Drop,120/04 -> 120/04-08,23.1,m,,
ODC,ODC 121,1,pcs,-7.2430767897152135,112.75267504180623
Join Closure,JOIN CLOSURE ODC 121,1,pcs,-7.2430767897152135,112.75267504180623
ODP,121/01,1,pcs,-7.243438916827252,112.75247458749718
Kabel Distribusi,ODC 121 -> 121/01,55.13,m,,
Homepass (Titik Rumah),121/01-01,1,pcs,-7.2435656845974,112.75247343109078
Kabel Drop,121/01 -> 121/01-01,16.92,m,,
Homepass (Titik Rumah),121/01-02,1,pcs,-7.2435486238237665,112.75237784856124
Kabel Drop,121/01 -> 121/01-02,19.45,m,,
Homepass (Titik Rumah),121/01-03,1,pcs,-7.243661183383382,112.7524098166792
Kabel Drop,121/01 -> 121/01-03,30.87,m,,
Homepass (Titik Rumah),121/01-04,1,pcs,-7.243480150000002,112.75239360000002
Kabel Drop,121/01 -> 121/01-04,12.05,m,,
Homepass (Titik Rumah),121/01-05,1,pcs,-7.243639600000001,112.75237135
Kabel Drop,121/01 -> 121/01-05,30.06,m,,
Homepass (Titik Rumah),121/01-06,1,pcs,-7.243644400000001,112.75257660000001
Kabel Drop,121/01 -> 121/01-06,30.56,m,,
Homepass (Titik Rumah),121/01-07,1,pcs,-7.243470181213388,112.75236106572649
Kabel Drop,121/01 -> 121/01-07,15.6,m,,
Homepass (Titik Rumah),121/01-08,1,pcs,-7.24372295,112.75245125000001
Kabel Drop,121/01 -> 121/01-08,38.03,m,,
ODP,121/02,1,pcs,-7.243065074028204,112.75263659699625
Kabel Distribusi,ODC 121 -> 121/02,5.32,m,,
Homepass (Titik Rumah),121/02-01,1,pcs,-7.242688600000002,112.75249109999999
Kabel Drop,121/02 -> 121/02-01,53.8,m,,
Homepass (Titik Rumah),121/02-02,1,pcs,-7.242503259284659,112.75245152068798
Kabel Drop,121/02 -> 121/02-02,78.87,m,,
Homepass (Titik Rumah),121/02-03,1,pcs,-7.24317185739281,112.7525594635968
Kabel Drop,121/02 -> 121/02-03,17.53,m,,
Homepass (Titik Rumah),121/02-04,1,pcs,-7.243199299999999,112.75273985
Kabel Drop,121/02 -> 121/02-04,22.53,m,,
Homepass (Titik Rumah),121/02-05,1,pcs,-7.243044350000001,112.75297405
Kabel Drop,121/02 -> 121/02-05,44.75,m,,
Homepass (Titik Rumah),121/02-06,1,pcs,-7.243280847579952,112.75264840238995
Kabel Drop,121/02 -> 121/02-06,28.83,m,,
Homepass (Titik Rumah),121/02-07,1,pcs,-7.243095447664351,112.75295293127894
Kabel Drop,121/02 -> 121/02-07,42.07,m,,
Homepass (Titik Rumah),121/02-08,1,pcs,-7.243289079190991,112.75235098826528
Kabel Drop,121/02 -> 121/02-08,48.19,m,,
ODP,121/03,1,pcs,-7.243023650574107,112.75250066669874
Kabel Distribusi,ODC 121 -> 121/03,24.15,m,,
Homepass (Titik Rumah),121/03-01,1,pcs,-7.242935817008027,112.75236842870206
Kabel Drop,121/03 -> 121/03-01,21.07,m,,
Homepass (Titik Rumah),121/03-02,1,pcs,-7.243083774615882,112.75239114470635
Kabel Drop,121/03 -> 121/03-02,16.57,m,,
Homepass (Titik Rumah),121/03-03,1,pcs,-7.242987497787986,112.75252677965909
Kabel Drop,121/03 -> 121/03-03,5.93,m,,
Homepass (Titik Rumah),121/03-04,1,pcs,-7.242949499999999,112.75253654999999
Kabel Drop,121/03 -> 121/03-04,10.98,m,,
Homepass (Titik Rumah),121/03-05,1,pcs,-7.242920222210683,112.7525541881826
Kabel Drop,121/03 -> 121/03-05,15.51,m,,
Homepass (Titik Rumah),121/03-06,1,pcs,-7.242864349999999,112.75257729999998
Kabel Drop,121/03 -> 121/03-06,23.55,m,,
Homepass (Titik Rumah),121/03-07,1,pcs,-7.242958154001652,112.7526007714254
Kabel Drop,121/03 -> 121/03-07,15.87,m,,
Homepass (Titik Rumah),121/03-08,1,pcs,-7.24289237808511,112.75263225662388
Kabel Drop,121/03 -> 121/03-08,24.7,m,,
ODP,121/04,1,pcs,-7.243166768350111,112.75297030503037
Kabel Distribusi,ODC 121 -> 121/04,40.89,m,,
Homepass (Titik Rumah),121/04-01,1,pcs,-7.243238000000003,112.75284590000001
Kabel Drop,121/04 -> 121/04-01,19.01,m,,
Homepass (Titik Rumah),121/04-02,1,pcs,-7.2432990698972555,112.75289129588545
Kabel Drop,121/04 -> 121/04-02,20.52,m,,
Homepass (Titik Rumah),121/04-03,1,pcs,-7.243209400000001,112.75291915000001
Kabel Drop,121/04 -> 121/04-03,8.84,m,,
Homepass (Titik Rumah),121/04-04,1,pcs,-7.243240012539682,112.75297031964593
Kabel Drop,121/04 -> 121/04-04,9.77,m,,
Homepass (Titik Rumah),121/04-05,1,pcs,-7.243320930268584,112.75294740320652
Kabel Drop,121/04 -> 121/04-05,20.79,m,,
Homepass (Titik Rumah),121/04-06,1,pcs,-7.24338114747016,112.7528553810902
Kabel Drop,121/04 -> 121/04-06,32.4,m,,
Homepass (Titik Rumah),121/04-07,1,pcs,-7.243260369880727,112.75303029361326
Kabel Drop,121/04 -> 121/04-07,14.8,m,,
Homepass (Titik Rumah),121/04-08,1,pcs,-7.243350177530762,112.75300863425953
Kabel Drop,121/04 -> 121/04-08,24.99,m,,
ODC,ODC 122,1,pcs,-7.243543740302125,112.75281019359669
Join Closure,JOIN CLOSURE ODC 122,1,pcs,-7.243543740302125,112.75281019359669
ODP,122/01,1,pcs,-7.2439353946268055,112.75272016684409
Kabel Distribusi,ODC 122 -> 122/01,53.6,m,,
Homepass (Titik Rumah),122/01-01,1,pcs,-7.2438371,112.75276915
Kabel Drop,122/01 -> 122/01-01,14.63,m,,
Homepass (Titik Rumah),122/01-02,1,pcs,-7.243812029179181,112.75270480420492
Kabel Drop,122/01 -> 122/01-02,16.59,m,,
Homepass (Titik Rumah),122/01-03,1,pcs,-7.243797728998957,112.75264963070171
Kabel Drop,122/01 -> 122/01-03,20.61,m,,
Homepass (Titik Rumah),122/01-04,1,pcs,-7.243911599999998,112.75293375000001
Kabel Drop,122/01 -> 122/01-04,28.45,m,,
Homepass (Titik Rumah),122/01-05,1,pcs,-7.243783699999998,112.75259650000002
Kabel Drop,122/01 -> 122/01-05,26.03,m,,
Homepass (Titik Rumah),122/01-06,1,pcs,-7.243963569818137,112.75262224768524
Kabel Drop,122/01 -> 122/01-06,13.5,m,,
Homepass (Titik Rumah),122/01-07,1,pcs,-7.24402505428655,112.75265095275775
Kabel Drop,122/01 -> 122/01-07,15.07,m,,
Homepass (Titik Rumah),122/01-08,1,pcs,-7.2438896781017865,112.75299211559896
Kabel Drop,122/01 -> 122/01-08,36.51,m,,
ODP,122/02,1,pcs,-7.243570202831867,112.75291078609439
Kabel Distribusi,ODC 122 -> 122/02,13.78,m,,
Homepass (Titik Rumah),122/02-01,1,pcs,-7.243685100000001,112.75291619999999
Kabel Drop,122/02 -> 122/02-01,15.35,m,,
Homepass (Titik Rumah),122/02-02,1,pcs,-7.243735206158377,112.75296451481363
Kabel Drop,122/02 -> 122/02-02,23.14,m,,
Homepass (Titik Rumah),122/02-03,1,pcs,-7.24371429537127,112.7528325299278
Kabel Drop,122/02 -> 122/02-03,21.84,m,,
Homepass (Titik Rumah),122/02-04,1,pcs,-7.2436738,112.75301405
Kabel Drop,122/02 -> 122/02-04,19.44,m,,
Homepass (Titik Rumah),122/02-05,1,pcs,-7.243646199999997,112.7527886
Kabel Drop,122/02 -> 122/02-05,19.09,m,,
Homepass (Titik Rumah),122/02-06,1,pcs,-7.243630099999998,112.75273755
Kabel Drop,122/02 -> 122/02-06,24.28,m,,
Homepass (Titik Rumah),122/02-07,1,pcs,-7.2438756999999985,112.75287844999998
Kabel Drop,122/02 -> 122/02-07,40.99,m,,
Homepass (Titik Rumah),122/02-08,1,pcs,-7.243860382407988,112.75282315069381
Kabel Drop,122/02 -> 122/02-08,40.42,m,,
ODP,122/03,1,pcs,-7.24357326142364,112.75292241277518
Kabel Distribusi,ODC 122 -> 122/03,15.37,m,,
Homepass (Titik Rumah),122/03-01,1,pcs,-7.243459150000004,112.7529285
Kabel Drop,122/03 -> 122/03-01,15.25,m,,
Homepass (Titik Rumah),122/03-02,1,pcs,-7.2434782443494194,112.75299823328554
Kabel Drop,122/03 -> 122/03-02,16.17,m,,
Homepass (Titik Rumah),122/03-03,1,pcs,-7.243456676683764,112.75279871366338
Kabel Drop,122/03 -> 122/03-03,22.59,m,,
Homepass (Titik Rumah),122/03-04,1,pcs,-7.243634216160904,112.75293511853654
Kabel Drop,122/03 -> 122/03-04,8.31,m,,
Homepass (Titik Rumah),122/03-05,1,pcs,-7.243520403617588,112.75310754855057
Kabel Drop,122/03 -> 122/03-05,25.5,m,,
Homepass (Titik Rumah),122/03-06,1,pcs,-7.243634563876407,112.75285531934618
Kabel Drop,122/03 -> 122/03-06,12.07,m,,
Homepass (Titik Rumah),122/03-07,1,pcs,-7.243400599999999,112.75311024999998
Kabel Drop,122/03 -> 122/03-07,33.9,m,,
Homepass (Titik Rumah),122/03-08,1,pcs,-7.243574850000001,112.75275804999998
Kabel Drop,122/03 -> 122/03-08,21.76,m,,
ODP,122/04,1,pcs,-7.2434743332770175,112.75258790873016
Kabel Distribusi,ODC 122 -> 122/04,30.85,m,,
Homepass (Titik Rumah),122/04-01,1,pcs,-7.2433793679857095,112.75264844388522
Kabel Drop,122/04 -> 122/04-01,14.99,m,,
Homepass (Titik Rumah),122/04-02,1,pcs,-7.243384500000001,112.75254680000002
Kabel Drop,122/04 -> 122/04-02,13.16,m,,
Homepass (Titik Rumah),122/04-03,1,pcs,-7.243313321276227,112.75256054302024
Kabel Drop,122/04 -> 122/04-03,21.79,m,,
Homepass (Titik Rumah),122/04-04,1,pcs,-7.243554979681126,112.75271126495115
Kabel Drop,122/04 -> 122/04-04,19.56,m,,
Homepass (Titik Rumah),122/04-05,1,pcs,-7.24355995,112.75260175000001
Kabel Drop,122/04 -> 122/04-05,11.57,m,,
Homepass (Titik Rumah),122/04-06,1,pcs,-7.243546141948743,112.7525453393785
Kabel Drop,122/04 -> 122/04-06,11.12,m,,
Homepass (Titik Rumah),122/04-07,1,pcs,-7.243580076003162,112.7526522182432
Kabel Drop,122/04 -> 122/04-07,16.48,m,,
Homepass (Titik Rumah),122/04-08,1,pcs,-7.243490187945344,112.75243257910707
Kabel Drop,122/04 -> 122/04-08,20.67,m,,
ODC,ODC 123,1,pcs,-7.2438034640441655,112.75233336347728
Join Closure,JOIN CLOSURE ODC 123,1,pcs,-7.2438034640441655,112.75233336347728
ODP,123/01,1,pcs,-7.244138373033435,112.75202787679926
Kabel Distribusi,ODC 123 -> 123/01,60.27,m,,
Homepass (Titik Rumah),123/01-01,1,pcs,-7.244043309373198,112.75208756943032
Kabel Drop,123/01 -> 123/01-01,14.94,m,,
Homepass (Titik Rumah),123/01-02,1,pcs,-7.243983719576306,112.75194929433457
Kabel Drop,123/01 -> 123/01-02,23.11,m,,
Homepass (Titik Rumah),123/01-03,1,pcs,-7.2442766999999995,112.75209014999999
Kabel Drop,123/01 -> 123/01-03,20.21,m,,
Homepass (Titik Rumah),123/01-04,1,pcs,-7.243802499999999,112.75205759999999
Kabel Drop,123/01 -> 123/01-04,44.99,m,,
Homepass (Titik Rumah),123/01-05,1,pcs,-7.244195048607144,112.75187293939972
Kabel Drop,123/01 -> 123/01-05,21.86,m,,
Homepass (Titik Rumah),123/01-06,1,pcs,-7.244306650000002,112.75215915000001
Kabel Drop,123/01 -> 123/01-06,28.39,m,,
Homepass (Titik Rumah),123/01-07,1,pcs,-7.244280910927657,112.75195216981189
Kabel Drop,123/01 -> 123/01-07,21.5,m,,
Homepass (Titik Rumah),123/01-08,1,pcs,-7.244321099999999,112.75202095000002
Kabel Drop,123/01 -> 123/01-08,24.4,m,,
ODP,123/02,1,pcs,-7.243782082756675,112.7522706763139
Kabel Distribusi,ODC 123 -> 123/02,8.77,m,,
Homepass (Titik Rumah),123/02-01,1,pcs,-7.243740280893942,112.75238480198962
Kabel Drop,123/02 -> 123/02-01,16.1,m,,
Homepass (Titik Rumah),123/02-02,1,pcs,-7.243721483913859,112.75233942979376
Kabel Drop,123/02 -> 123/02-02,12.17,m,,
Homepass (Titik Rumah),123/02-03,1,pcs,-7.243698438930892,112.75224814327287
Kabel Drop,123/02 -> 123/02-03,11.55,m,,
Homepass (Titik Rumah),123/02-04,1,pcs,-7.243766660160818,112.75253552109704
Kabel Drop,123/02 -> 123/02-04,35.12,m,,
Homepass (Titik Rumah),123/02-05,1,pcs,-7.24370745,112.75255619999999
Kabel Drop,123/02 -> 123/02-05,39.08,m,,
Homepass (Titik Rumah),123/02-06,1,pcs,-7.243589535200959,112.75215400475564
Kabel Drop,123/02 -> 123/02-06,29.98,m,,
Homepass (Titik Rumah),123/02-07,1,pcs,-7.243660714648447,112.7520640008539
Kabel Drop,123/02 -> 123/02-07,31.79,m,,
Homepass (Titik Rumah),123/02-08,1,pcs,-7.243443924363709,112.75219988957288
Kabel Drop,123/02 -> 123/02-08,46.08,m,,
ODP,123/03,1,pcs,-7.2438107124615225,112.7523546148974
Kabel Distribusi,ODC 123 -> 123/03,2.97,m,,
Homepass (Titik Rumah),123/03-01,1,pcs,-7.244068249999999,112.75153569999999
Kabel Drop,123/03 -> 123/03-01,113.72,m,,
Homepass (Titik Rumah),123/03-02,1,pcs,-7.24403435,112.75145565
Kabel Drop,123/03 -> 123/03-02,122.68,m,,
Homepass (Titik Rumah),123/03-03,1,pcs,-7.244033,112.75139769999998
Kabel Drop,123/03 -> 123/03-03,130.09,m,,
Homepass (Titik Rumah),123/03-04,1,pcs,-7.243903285343941,112.75157663053734
Kabel Drop,123/03 -> 123/03-04,103.72,m,,
Homepass (Titik Rumah),123/03-05,1,pcs,-7.243926900000001,112.75302160000004
Kabel Drop,123/03 -> 123/03-05,89.64,m,,
Homepass (Titik Rumah),123/03-06,1,pcs,-7.24394801936347,112.75308549726117
Kabel Drop,123/03 -> 123/03-06,98.47,m,,
Homepass (Titik Rumah),123/03-07,1,pcs,-7.243754478479599,112.75316078617793
Kabel Drop,123/03 -> 123/03-07,106.98,m,,
Homepass (Titik Rumah),123/03-08,1,pcs,-7.243932165463827,112.75322313752058
Kabel Drop,123/03 -> 123/03-08,116.1,m,,
ODP,123/04,1,pcs,-7.243876032335873,112.7525461243019
Kabel Distribusi,ODC 123 -> 123/04,29.78,m,,
Homepass (Titik Rumah),123/04-01,1,pcs,-7.24396545,112.752547
Kabel Drop,123/04 -> 123/04-01,11.93,m,,
Homepass (Titik Rumah),123/04-02,1,pcs,-7.244045319361142,112.7524953838267
Kabel Drop,123/04 -> 123/04-02,23.57,m,,
Homepass (Titik Rumah),123/04-03,1,pcs,-7.2439609,112.7524358
Kabel Drop,123/04 -> 123/04-03,18.48,m,,
Homepass (Titik Rumah),123/04-04,1,pcs,-7.24408565,112.75258
Kabel Drop,123/04 -> 123/04-04,28.33,m,,
Homepass (Titik Rumah),123/04-05,1,pcs,-7.244093465769494,112.75252436666666
Kabel Drop,123/04 -> 123/04-05,29.16,m,,
Homepass (Titik Rumah),123/04-06,1,pcs,-7.244140547185047,112.75258132978821
Kabel Drop,123/04 -> 123/04-06,35.6,m,,
Homepass (Titik Rumah),123/04-07,1,pcs,-7.243906478854159,112.75237340548436
Kabel Drop,123/04 -> 123/04-07,23.22,m,,
Homepass (Titik Rumah),123/04-08,1,pcs,-7.244078800000001,112.7523991
Kabel Drop,123/04 -> 123/04-08,33.33,m,,
ODC,ODC 124,1,pcs,-7.244214894773954,112.75226523441795
Join Closure,JOIN CLOSURE ODC 124,1,pcs,-7.244214894773954,112.75226523441795
ODP,124/01,1,pcs,-7.244717441716905,112.7523282268943
Kabel Distribusi,ODC 124 -> 124/01,67.57,m,,
Homepass (Titik Rumah),124/01-01,1,pcs,-7.244821288572781,112.75243744059343
Kabel Drop,124/01 -> 124/01-01,20.02,m,,
Homepass (Titik Rumah),124/01-02,1,pcs,-7.244713579168301,112.75244740965846
Kabel Drop,124/01 -> 124/01-02,15.78,m,,
Homepass (Titik Rumah),124/01-03,1,pcs,-7.244802670703297,112.75232679565418
Kabel Drop,124/01 -> 124/01-03,11.37,m,,
Homepass (Titik Rumah),124/01-04,1,pcs,-7.244760550000001,112.75227760000001
Kabel Drop,124/01 -> 124/01-04,8.83,m,,
Homepass (Titik Rumah),124/01-05,1,pcs,-7.244656229848925,112.75238920325168
Kabel Drop,124/01 -> 124/01-05,11.48,m,,
Homepass (Titik Rumah),124/01-06,1,pcs,-7.2446478999999995,112.7523168
Kabel Drop,124/01 -> 124/01-06,9.4,m,,
Homepass (Titik Rumah),124/01-07,1,pcs,-7.244752575216778,112.7521965535041
Kabel Drop,124/01 -> 124/01-07,18.05,m,,
Homepass (Titik Rumah),124/01-08,1,pcs,-7.2447114500000005,112.75220264999999
Kabel Drop,124/01 -> 124/01-08,16.64,m,,
ODP,124/02,1,pcs,-7.244264586992902,112.75241937135573
Kabel Distribusi,ODC 124 -> 124/02,21.45,m,,
Homepass (Titik Rumah),124/02-01,1,pcs,-7.2443575,112.75228190000001
Kabel Drop,124/02 -> 124/02-01,22.02,m,,
Homepass (Titik Rumah),124/02-02,1,pcs,-7.24437535,112.75233945
Kabel Drop,124/02 -> 124/02-02,18.18,m,,
Homepass (Titik Rumah),124/02-03,1,pcs,-7.2444478,112.75226785000002
Kabel Drop,124/02 -> 124/02-03,31.62,m,,
Homepass (Titik Rumah),124/02-04,1,pcs,-7.244403590379178,112.75241387918062
Kabel Drop,124/02 -> 124/02-04,18.56,m,,
Homepass (Titik Rumah),124/02-05,1,pcs,-7.2444798389678295,112.7523615279119
Kabel Drop,124/02 -> 124/02-05,29.72,m,,
Homepass (Titik Rumah),124/02-06,1,pcs,-7.2444924,112.7524065
Kabel Drop,124/02 -> 124/02-06,30.45,m,,
Homepass (Titik Rumah),124/02-07,1,pcs,-7.24441855,112.75247825000001
Kabel Drop,124/02 -> 124/02-07,21.97,m,,
Homepass (Titik Rumah),124/02-08,1,pcs,-7.244551258859069,112.75235117519775
Kabel Drop,124/02 -> 124/02-08,39.3,m,,
ODP,124/03,1,pcs,-7.2442139489752035,112.75226230070868
Kabel Distribusi,ODC 124 -> 124/03,0.41,m,,
Homepass (Titik Rumah),124/03-01,1,pcs,-7.244003121737067,112.75235693594777
Kabel Drop,124/03 -> 124/03-01,30.79,m,,
Homepass (Titik Rumah),124/03-02,1,pcs,-7.244103388404596,112.75233446688893
Kabel Drop,124/03 -> 124/03-02,17.58,m,,
Homepass (Titik Rumah),124/03-03,1,pcs,-7.244101157290138,112.75228928346222
Kabel Drop,124/03 -> 124/03-03,15.47,m,,
Homepass (Titik Rumah),124/03-04,1,pcs,-7.243877250000001,112.75231685
Kabel Drop,124/03 -> 124/03-04,45.5,m,,
Homepass (Titik Rumah),124/03-05,1,pcs,-7.244169872627841,112.75236434547126
Kabel Drop,124/03 -> 124/03-05,14.73,m,,
Homepass (Titik Rumah),124/03-06,1,pcs,-7.243873996888199,112.752222344077
Kabel Drop,124/03 -> 124/03-06,45.67,m,,
Homepass (Titik Rumah),124/03-07,1,pcs,-7.244093654319112,112.75219177488634
Kabel Drop,124/03 -> 124/03-07,18.57,m,,
Homepass (Titik Rumah),124/03-08,1,pcs,-7.244180647582667,112.7524442533009
Kabel Drop,124/03 -> 124/03-08,24.49,m,,
ODP,124/04,1,pcs,-7.244489300158808,112.75178484163172
Kabel Distribusi,ODC 124 -> 124/04,73.38,m,,
Homepass (Titik Rumah),124/04-01,1,pcs,-7.244323500000001,112.75186715000002
Kabel Drop,124/04 -> 124/04-01,24.66,m,,
Homepass (Titik Rumah),124/04-02,1,pcs,-7.244264534141818,112.75179625870553
Kabel Drop,124/04 -> 124/04-02,30.03,m,,
Homepass (Titik Rumah),124/04-03,1,pcs,-7.24449402086757,112.75196421640497
Kabel Drop,124/04 -> 124/04-03,23.75,m,,
Homepass (Titik Rumah),124/04-04,1,pcs,-7.244426379282307,112.75217349898813
Kabel Drop,124/04 -> 124/04-04,52.13,m,,
Homepass (Titik Rumah),124/04-05,1,pcs,-7.244190637846786,112.75153234643501
Kabel Drop,124/04 -> 124/04-05,52.01,m,,
Homepass (Titik Rumah),124/04-06,1,pcs,-7.244318813498042,112.7522295826875
Kabel Drop,124/04 -> 124/04-06,63.11,m,,
Homepass (Titik Rumah),124/04-07,1,pcs,-7.24414105,112.75150000000001
Kabel Drop,124/04 -> 124/04-07,59.84,m,,
Homepass (Titik Rumah),124/04-08,1,pcs,-7.24456907286542,112.75219773024192
Kabel Drop,124/04 -> 124/04-08,55.68,m,,
ODC,ODC 125,1,pcs,-7.245063612067696,112.75296590533546
Join Closure,JOIN CLOSURE ODC 125,1,pcs,-7.245063612067696,112.75296590533546
ODP,125/01,1,pcs,-7.244886706320962,112.75299699030342
Kabel Distribusi,ODC 125 -> 125/01,23.96,m,,
Homepass (Titik Rumah),125/01-01,1,pcs,-7.244932399999999,112.75295925
Kabel Drop,125/01 -> 125/01-01,7.88,m,,
Homepass (Titik Rumah),125/01-02,1,pcs,-7.2449401,112.752904
Kabel Drop,125/01 -> 125/01-02,14.22,m,,
Homepass (Titik Rumah),125/01-03,1,pcs,-7.244989321051701,112.75294604358318
Kabel Drop,125/01 -> 125/01-03,15.26,m,,
Homepass (Titik Rumah),125/01-04,1,pcs,-7.244990520314577,112.75299309237926
Kabel Drop,125/01 -> 125/01-04,13.86,m,,
Homepass (Titik Rumah),125/01-05,1,pcs,-7.2449457499999985,112.75304475000002
Kabel Drop,125/01 -> 125/01-05,10.1,m,,
Homepass (Titik Rumah),125/01-06,1,pcs,-7.244999,112.75304055000002
Kabel Drop,125/01 -> 125/01-06,16.05,m,,
Homepass (Titik Rumah),125/01-07,1,pcs,-7.244973570080431,112.75282434392159
Kabel Drop,125/01 -> 125/01-07,25.62,m,,
Homepass (Titik Rumah),125/01-08,1,pcs,-7.244867770916364,112.7531297420711
Kabel Drop,125/01 -> 125/01-08,17.75,m,,
ODP,125/02,1,pcs,-7.245061658851896,112.75320743291029
Kabel Distribusi,ODC 125 -> 125/02,31.97,m,,
Homepass (Titik Rumah),125/02-01,1,pcs,-7.244983700000001,112.75315905000001
Kabel Drop,125/02 -> 125/02-01,12.22,m,,
Homepass (Titik Rumah),125/02-02,1,pcs,-7.245003149999999,112.7532506
Kabel Drop,125/02 -> 125/02-02,9.67,m,,
Homepass (Titik Rumah),125/02-03,1,pcs,-7.24484895311902,112.75322184842625
Kabel Drop,125/02 -> 125/02-03,28.45,m,,
Homepass (Titik Rumah),125/02-04,1,pcs,-7.245138899999997,112.7531383
Kabel Drop,125/02 -> 125/02-04,13.78,m,,
Homepass (Titik Rumah),125/02-05,1,pcs,-7.245032550000002,112.75331135
Kabel Drop,125/02 -> 125/02-05,14.29,m,,
Homepass (Titik Rumah),125/02-06,1,pcs,-7.245137899999996,112.75310004999999
Kabel Drop,125/02 -> 125/02-06,17.48,m,,
Homepass (Titik Rumah),125/02-07,1,pcs,-7.245171173582216,112.75317583978037
Kabel Drop,125/02 -> 125/02-07,15.2,m,,
Homepass (Titik Rumah),125/02-08,1,pcs,-7.2448606463771235,112.75331181621274
Kabel Drop,125/02 -> 125/02-08,30.17,m,,
ODP,125/03,1,pcs,-7.24522096807256,112.75274228072975
Kabel Distribusi,ODC 125 -> 125/03,36.29,m,,
Homepass (Titik Rumah),125/03-01,1,pcs,-7.245373624378792,112.75277104766141
Kabel Drop,125/03 -> 125/03-01,20.72,m,,
Homepass (Titik Rumah),125/03-02,1,pcs,-7.245138700000001,112.75275304999998
Kabel Drop,125/03 -> 125/03-02,11.07,m,,
Homepass (Titik Rumah),125/03-03,1,pcs,-7.245137631011404,112.75266698759673
Kabel Drop,125/03 -> 125/03-03,14.93,m,,
Homepass (Titik Rumah),125/03-04,1,pcs,-7.245138550000001,112.75290995000002
Kabel Drop,125/03 -> 125/03-04,24.77,m,,
Homepass (Titik Rumah),125/03-05,1,pcs,-7.245091377944556,112.75271842979076
Kabel Drop,125/03 -> 125/03-05,17.58,m,,
Homepass (Titik Rumah),125/03-06,1,pcs,-7.245103994081038,112.7528705773099
Kabel Drop,125/03 -> 125/03-06,23.07,m,,
Homepass (Titik Rumah),125/03-07,1,pcs,-7.245076918527488,112.75267871932334
Kabel Drop,125/03 -> 125/03-07,20.98,m,,
Homepass (Titik Rumah),125/03-08,1,pcs,-7.245084363169692,112.75261397075887
Kabel Drop,125/03 -> 125/03-08,24.91,m,,
ODP,125/04,1,pcs,-7.2453117737073764,112.75289383691062
Kabel Distribusi,ODC 125 -> 125/04,34.46,m,,
Homepass (Titik Rumah),125/04-01,1,pcs,-7.245465225874196,112.75295061955079
Kabel Drop,125/04 -> 125/04-01,21.81,m,,
Homepass (Titik Rumah),125/04-02,1,pcs,-7.245508350000001,112.75294910000002
Kabel Drop,125/04 -> 125/04-02,27.23,m,,
Homepass (Titik Rumah),125/04-03,1,pcs,-7.245492300000001,112.75290270000002
Kabel Drop,125/04 -> 125/04-03,24.12,m,,
Homepass (Titik Rumah),125/04-04,1,pcs,-7.2454710739626025,112.75286702445261
Kabel Drop,125/04 -> 125/04-04,21.55,m,,
Homepass (Titik Rumah),125/04-05,1,pcs,-7.24537542609773,112.75292212480139
Kabel Drop,125/04 -> 125/04-05,9.28,m,,
Homepass (Titik Rumah),125/04-06,1,pcs,-7.245375149999999,112.75288945
Kabel Drop,125/04 -> 125/04-06,8.48,m,,
Homepass (Titik Rumah),125/04-07,1,pcs,-7.245368025828619,112.75285355251752
Kabel Drop,125/04 -> 125/04-07,9.21,m,,
Homepass (Titik Rumah),125/04-08,1,pcs,-7.245374999999998,112.75281340000001
Kabel Drop,125/04 -> 125/04-08,13.58,m,,
ODC,ODC 126,1,pcs,-7.244615002744501,112.75290329236752
Join Closure,JOIN CLOSURE ODC 126,1,pcs,-7.244615002744501,112.75290329236752
ODP,126/01,1,pcs,-7.244406167246909,112.7528585295834
Kabel Distribusi,ODC 126 -> 126/01,28.49,m,,
Homepass (Titik Rumah),126/01-01,1,pcs,-7.244487669178621,112.75275769758296
Kabel Drop,126/01 -> 126/01-01,17.22,m,,
Homepass (Titik Rumah),126/01-02,1,pcs,-7.2445194204262675,112.7528448447457
Kabel Drop,126/01 -> 126/01-02,15.22,m,,
Homepass (Titik Rumah),126/01-03,1,pcs,-7.244671718280442,112.7527754337328
Kabel Drop,126/01 -> 126/01-03,37.1,m,,
Homepass (Titik Rumah),126/01-04,1,pcs,-7.244641420727355,112.75265123932499
Kabel Drop,126/01 -> 126/01-04,41.69,m,,
Homepass (Titik Rumah),126/01-05,1,pcs,-7.2443114,112.75282415
Kabel Drop,126/01 -> 126/01-05,13.44,m,,
Homepass (Titik Rumah),126/01-06,1,pcs,-7.244332159458562,112.7528899450144
Kabel Drop,126/01 -> 126/01-06,10.71,m,,
Homepass (Titik Rumah),126/01-07,1,pcs,-7.244350299999999,112.75294115000001
Kabel Drop,126/01 -> 126/01-07,13.24,m,,
Homepass (Titik Rumah),126/01-08,1,pcs,-7.244553216893766,112.75298454984211
Kabel Drop,126/01 -> 126/01-08,25.75,m,,
ODP,126/02,1,pcs,-7.244336210129899,112.75264153432701
Kabel Distribusi,ODC 126 -> 126/02,50.84,m,,
Homepass (Titik Rumah),126/02-01,1,pcs,-7.244446849999996,112.75251680000001
Kabel Drop,126/02 -> 126/02-01,22.15,m,,
Homepass (Titik Rumah),126/02-02,1,pcs,-7.244422579820461,112.75258685331092
Kabel Drop,126/02 -> 126/02-02,13.61,m,,
Homepass (Titik Rumah),126/02-03,1,pcs,-7.2444339232137,112.75262306823753
Kabel Drop,126/02 -> 126/02-03,13.27,m,,
Homepass (Titik Rumah),126/02-04,1,pcs,-7.244543018410325,112.752585216643
Kabel Drop,126/02 -> 126/02-04,28.58,m,,
Homepass (Titik Rumah),126/02-05,1,pcs,-7.244439513088413,112.75266112033908
Kabel Drop,126/02 -> 126/02-05,14.03,m,,
Homepass (Titik Rumah),126/02-06,1,pcs,-7.244527549999999,112.75263735
Kabel Drop,126/02 -> 126/02-06,25.54,m,,
Homepass (Titik Rumah),126/02-07,1,pcs,-7.244454153621587,112.7527109769446
Kabel Drop,126/02 -> 126/02-07,18.23,m,,
Homepass (Titik Rumah),126/02-08,1,pcs,-7.2442274499999995,112.75255125
Kabel Drop,126/02 -> 126/02-08,18.8,m,,
ODP,126/03,1,pcs,-7.244734755832095,112.75286608095612
Kabel Distribusi,ODC 126 -> 126/03,16.72,m,,
Homepass (Titik Rumah),126/03-01,1,pcs,-7.244677500000001,112.75292714999999
Kabel Drop,126/03 -> 126/03-01,11.12,m,,
Homepass (Titik Rumah),126/03-02,1,pcs,-7.2446583,112.7530136
Kabel Drop,126/03 -> 126/03-02,22.03,m,,
Homepass (Titik Rumah),126/03-03,1,pcs,-7.24481415,112.75295825
Kabel Drop,126/03 -> 126/03-03,16.16,m,,
Homepass (Titik Rumah),126/03-04,1,pcs,-7.244771249999999,112.7527967
Kabel Drop,126/03 -> 126/03-04,10.39,m,,
Homepass (Titik Rumah),126/03-05,1,pcs,-7.2446007,112.75308235
Kabel Drop,126/03 -> 126/03-05,33.76,m,,
Homepass (Titik Rumah),126/03-06,1,pcs,-7.24474956939073,112.75272959660356
Kabel Drop,126/03 -> 126/03-06,18.17,m,,
Homepass (Titik Rumah),126/03-07,1,pcs,-7.244850120116259,112.75306299621799
Kabel Drop,126/03 -> 126/03-07,30.27,m,,
Homepass (Titik Rumah),126/03-08,1,pcs,-7.244908699999999,112.75284795
Kabel Drop,126/03 -> 126/03-08,23.33,m,,
ODP,126/04,1,pcs,-7.244808520705988,112.75268591187319
Kabel Distribusi,ODC 126 -> 126/04,38.66,m,,
Homepass (Titik Rumah),126/04-01,1,pcs,-7.2449172761071,112.75276417933023
Kabel Drop,126/04 -> 126/04-01,17.83,m,,
Homepass (Titik Rumah),126/04-02,1,pcs,-7.244895854648283,112.7526653271938
Kabel Drop,126/04 -> 126/04-02,11.97,m,,
Homepass (Titik Rumah),126/04-03,1,pcs,-7.244856950000002,112.75261235
Kabel Drop,126/04 -> 126/04-03,11.69,m,,
Homepass (Titik Rumah),126/04-04,1,pcs,-7.244867917025939,112.7525623997932
Kabel Drop,126/04 -> 126/04-04,18.17,m,,
Homepass (Titik Rumah),126/04-05,1,pcs,-7.244729193897458,112.75263447908777
Kabel Drop,126/04 -> 126/04-05,12.59,m,,
Homepass (Titik Rumah),126/04-06,1,pcs,-7.2448492999999985,112.75252015000001
Kabel Drop,126/04 -> 126/04-06,22.61,m,,
Homepass (Titik Rumah),126/04-07,1,pcs,-7.24471685,112.75257965
Kabel Drop,126/04 -> 126/04-07,18.64,m,,
Homepass (Titik Rumah),126/04-08,1,pcs,-7.245141757559901,112.75300582233596
Kabel Drop,126/04 -> 126/04-08,61.4,m,,
ODC,ODC 127,1,pcs,-7.24412968432927,112.75333923052129
Join Closure,JOIN CLOSURE ODC 127,1,pcs,-7.24412968432927,112.75333923052129
ODP,127/01,1,pcs,-7.244195957190193,112.75358771448859
Kabel Distribusi,ODC 127 -> 127/01,34.06,m,,
Homepass (Titik Rumah),127/01-01,1,pcs,-7.2438011,112.75379015
Kabel Drop,127/01 -> 127/01-01,59.11,m,,
Homepass (Titik Rumah),127/01-02,1,pcs,-7.243908049817157,112.75382206643117
Kabel Drop,127/01 -> 127/01-02,49.38,m,,
Homepass (Titik Rumah),127/01-03,1,pcs,-7.243839099999999,112.75356494999998
Kabel Drop,127/01 -> 127/01-03,47.71,m,,
Homepass (Titik Rumah),127/01-04,1,pcs,-7.243624480150816,112.75358966187085
Kabel Drop,127/01 -> 127/01-04,76.25,m,,
Homepass (Titik Rumah),127/01-05,1,pcs,-7.2440963,112.75389515000002
Kabel Drop,127/01 -> 127/01-05,42.81,m,,
Homepass (Titik Rumah),127/01-06,1,pcs,-7.244093049999999,112.7536614
Kabel Drop,127/01 -> 127/01-06,16.84,m,,
Homepass (Titik Rumah),127/01-07,1,pcs,-7.243656624304967,112.75349535500662
Kabel Drop,127/01 -> 127/01-07,73.0,m,,
Homepass (Titik Rumah),127/01-08,1,pcs,-7.24404950765898,112.75354960673585
Kabel Drop,127/01 -> 127/01-08,20.18,m,,
ODP,127/02,1,pcs,-7.244137959704702,112.75337025827669
Kabel Distribusi,ODC 127 -> 127/02,4.25,m,,
Homepass (Titik Rumah),127/02-01,1,pcs,-7.245684249999999,112.75454995000001
Kabel Drop,127/02 -> 127/02-01,258.76,m,,
Homepass (Titik Rumah),127/02-02,1,pcs,-7.2457711663203925,112.75457013189181
Kabel Drop,127/02 -> 127/02-02,269.66,m,,
Homepass (Titik Rumah),127/02-03,1,pcs,-7.245773299999999,112.75451369999999
Kabel Drop,127/02 -> 127/02-03,265.56,m,,
Homepass (Titik Rumah),127/02-04,1,pcs,-7.24574755,112.7546364
Kabel Drop,127/02 -> 127/02-04,272.43,m,,
Homepass (Titik Rumah),127/02-05,1,pcs,-7.24572125,112.75467454999999
Kabel Drop,127/02 -> 127/02-05,272.84,m,,
Homepass (Titik Rumah),127/02-06,1,pcs,-7.241023699999994,112.75150879999998
Kabel Drop,127/02 -> 127/02-06,483.11,m,,
Homepass (Titik Rumah),127/02-07,1,pcs,-7.240833144393875,112.75156242117521
Kabel Drop,127/02 -> 127/02-07,501.72,m,,
Homepass (Titik Rumah),127/02-08,1,pcs,-7.240769529849341,112.7514207980226
Kabel Drop,127/02 -> 127/02-08,518.27,m,,
ODP,127/03,1,pcs,-7.244488558455935,112.75321242649244
Kabel Distribusi,ODC 127 -> 127/03,50.74,m,,
Homepass (Titik Rumah),127/03-01,1,pcs,-7.244332013826756,112.7530759187632
Kabel Drop,127/03 -> 127/03-01,27.62,m,,
Homepass (Titik Rumah),127/03-02,1,pcs,-7.244365648360032,112.75314522872382
Kabel Drop,127/03 -> 127/03-02,18.66,m,,
Homepass (Titik Rumah),127/03-03,1,pcs,-7.244216264401938,112.7531805222752
Kabel Drop,127/03 -> 127/03-03,36.58,m,,
Homepass (Titik Rumah),127/03-04,1,pcs,-7.244445071151231,112.75326374269073
Kabel Drop,127/03 -> 127/03-04,8.93,m,,
Homepass (Titik Rumah),127/03-05,1,pcs,-7.244137800000001,112.75321540000002
Kabel Drop,127/03 -> 127/03-05,46.8,m,,
Homepass (Titik Rumah),127/03-06,1,pcs,-7.244459050000001,112.75340565
Kabel Drop,127/03 -> 127/03-06,25.88,m,,
Homepass (Titik Rumah),127/03-07,1,pcs,-7.244290735276946,112.75342696693329
Kabel Drop,127/03 -> 127/03-07,38.77,m,,
Homepass (Titik Rumah),127/03-08,1,pcs,-7.24468055,112.75322095
Kabel Drop,127/03 -> 127/03-08,25.64,m,,
ODP,127/04,1,pcs,-7.244240105690583,112.75304147491993
Kabel Distribusi,ODC 127 -> 127/04,42.08,m,,
Homepass (Titik Rumah),127/04-01,1,pcs,-7.244112499999996,112.75269234999999
Kabel Drop,127/04 -> 127/04-01,49.25,m,,
Homepass (Titik Rumah),127/04-02,1,pcs,-7.244243300000001,112.75278815
Kabel Drop,127/04 -> 127/04-02,33.54,m,,
Homepass (Titik Rumah),127/04-03,1,pcs,-7.244235380108844,112.75285130402614
Kabel Drop,127/04 -> 127/04-03,25.18,m,,
Homepass (Titik Rumah),127/04-04,1,pcs,-7.244047619769599,112.75290894507397
Kabel Drop,127/04 -> 127/04-04,31.1,m,,
Homepass (Titik Rumah),127/04-05,1,pcs,-7.244246850000003,112.75291374999999
Kabel Drop,127/04 -> 127/04-05,16.93,m,,
Homepass (Titik Rumah),127/04-06,1,pcs,-7.2440672722411215,112.7529619355553
Kabel Drop,127/04 -> 127/04-06,25.35,m,,
Homepass (Titik Rumah),127/04-07,1,pcs,-7.24416105,112.75299160000002
Kabel Drop,127/04 -> 127/04-07,12.44,m,,
Homepass (Titik Rumah),127/04-08,1,pcs,-7.244278800000001,112.75296695
Kabel Drop,127/04 -> 127/04-08,11.13,m,,
ODC,ODC 128,1,pcs,-7.244624429039067,112.75366741257209
Join Closure,JOIN CLOSURE ODC 128,1,pcs,-7.244624429039067,112.75366741257209
ODP,128/01,1,pcs,-7.2446377942290665,112.75383570530963
Kabel Distribusi,ODC 128 -> 128/01,22.35,m,,
Homepass (Titik Rumah),128/01-01,1,pcs,-7.244420000000005,112.75384825
Kabel Drop,128/01 -> 128/01-01,29.11,m,,
Homepass (Titik Rumah),128/01-02,1,pcs,-7.244489310611567,112.75376332209387
Kabel Drop,128/01 -> 128/01-02,22.01,m,,
Homepass (Titik Rumah),128/01-03,1,pcs,-7.24446465,112.75395855
Kabel Drop,128/01 -> 128/01-03,28.25,m,,
Homepass (Titik Rumah),128/01-04,1,pcs,-7.244540161055978,112.7538929218645
Kabel Drop,128/01 -> 128/01-04,15.07,m,,
Homepass (Titik Rumah),128/01-05,1,pcs,-7.244581608097738,112.75394452159615
Kabel Drop,128/01 -> 128/01-05,16.24,m,,
Homepass (Titik Rumah),128/01-06,1,pcs,-7.244610282127089,112.75387066598827
Kabel Drop,128/01 -> 128/01-06,5.91,m,,
Homepass (Titik Rumah),128/01-07,1,pcs,-7.244384531724256,112.75403899047309
Kabel Drop,128/01 -> 128/01-07,43.2,m,,
Homepass (Titik Rumah),128/01-08,1,pcs,-7.244511488205803,112.75363187784393
Kabel Drop,128/01 -> 128/01-08,31.81,m,,
ODP,128/02,1,pcs,-7.244265589100832,112.7538458826993
Kabel Distribusi,ODC 128 -> 128/02,53.39,m,,
Homepass (Titik Rumah),128/02-01,1,pcs,-7.24415508520299,112.75375548129028
Kabel Drop,128/02 -> 128/02-01,18.99,m,,
Homepass (Titik Rumah),128/02-02,1,pcs,-7.2441862014059755,112.75373611795547
Kabel Drop,128/02 -> 128/02-02,17.98,m,,
Homepass (Titik Rumah),128/02-03,1,pcs,-7.244146066391049,112.75388135776592
Kabel Drop,128/02 -> 128/02-03,16.63,m,,
Homepass (Titik Rumah),128/02-04,1,pcs,-7.244186832905337,112.75387997517154
Kabel Drop,128/02 -> 128/02-04,11.44,m,,
Homepass (Titik Rumah),128/02-05,1,pcs,-7.2442303815378715,112.75386807164642
Kabel Drop,128/02 -> 128/02-05,5.54,m,,
Homepass (Titik Rumah),128/02-06,1,pcs,-7.244404350000001,112.75372440000002
Kabel Drop,128/02 -> 128/02-06,24.52,m,,
Homepass (Titik Rumah),128/02-07,1,pcs,-7.244202349999999,112.75401719999999
Kabel Drop,128/02 -> 128/02-07,24.2,m,,
Homepass (Titik Rumah),128/02-08,1,pcs,-7.244147150000001,112.75403245000001
Kabel Drop,128/02 -> 128/02-08,29.32,m,,
ODP,128/03,1,pcs,-7.244546502006764,112.75345442602826
Kabel Distribusi,ODC 128 -> 128/03,30.05,m,,
Homepass (Titik Rumah),128/03-01,1,pcs,-7.2443624500000015,112.75349155
Kabel Drop,128/03 -> 128/03-01,25.05,m,,
Homepass (Titik Rumah),128/03-02,1,pcs,-7.2444586271243825,112.75358603078988
Kabel Drop,128/03 -> 128/03-02,21.0,m,,
Homepass (Titik Rumah),128/03-03,1,pcs,-7.244672720039277,112.75350764564251
Kabel Drop,128/03 -> 128/03-03,18.26,m,,
Homepass (Titik Rumah),128/03-04,1,pcs,-7.2446719,112.75337014999998
Kabel Drop,128/03 -> 128/03-04,20.11,m,,
Homepass (Titik Rumah),128/03-05,1,pcs,-7.244687249999998,112.75362815
Kabel Drop,128/03 -> 128/03-05,29.69,m,,
Homepass (Titik Rumah),128/03-06,1,pcs,-7.2446601,112.7533
Kabel Drop,128/03 -> 128/03-06,25.45,m,,
Homepass (Titik Rumah),128/03-07,1,pcs,-7.2447740000000005,112.75346330000002
Kabel Drop,128/03 -> 128/03-07,30.38,m,,
Homepass (Titik Rumah),128/03-08,1,pcs,-7.243953856631672,112.75331997486967
Kabel Drop,128/03 -> 128/03-08,81.06,m,,
ODP,128/04,1,pcs,-7.245005166471128,112.7535448332808
Kabel Distribusi,ODC 128 -> 128/04,53.33,m,,
Homepass (Titik Rumah),128/04-01,1,pcs,-7.2447937499999995,112.75366125000002
Kabel Drop,128/04 -> 128/04-01,32.14,m,,
Homepass (Titik Rumah),128/04-02,1,pcs,-7.244946213747167,112.75361617221898
Kabel Drop,128/04 -> 128/04-02,12.29,m,,
Homepass (Titik Rumah),128/04-03,1,pcs,-7.24487355,112.75352170000001
Kabel Drop,128/04 -> 128/04-03,17.83,m,,
Homepass (Titik Rumah),128/04-04,1,pcs,-7.2449629607174115,112.75355577261591
Kabel Drop,128/04 -> 128/04-04,5.81,m,,
Homepass (Titik Rumah),128/04-05,1,pcs,-7.244900928790392,112.75345430370263
Kabel Drop,128/04 -> 128/04-05,18.36,m,,
Homepass (Titik Rumah),128/04-06,1,pcs,-7.24504442296335,112.75354569410835
Kabel Drop,128/04 -> 128/04-06,5.24,m,,
Homepass (Titik Rumah),128/04-07,1,pcs,-7.244907650000001,112.7533735
Kabel Drop,128/04 -> 128/04-07,26.15,m,,
Homepass (Titik Rumah),128/04-08,1,pcs,-7.245152885281581,112.75366972663227
Kabel Drop,128/04 -> 128/04-08,25.73,m,,
ODC,ODC 129,1,pcs,-7.245052859827466,112.75404923528055
Join Closure,JOIN CLOSURE ODC 129,1,pcs,-7.245052859827466,112.75404923528055
ODP,129/01,1,pcs,-7.244999346963806,112.75427598868963
Kabel Distribusi,ODC 129 -> 129/01,30.85,m,,
Homepass (Titik Rumah),129/01-01,1,pcs,-7.244982561943984,112.75418627571587
Kabel Drop,129/01 -> 129/01-01,12.08,m,,
Homepass (Titik Rumah),129/01-02,1,pcs,-7.244961999999998,112.75423459999999
Kabel Drop,129/01 -> 129/01-02,7.41,m,,
Homepass (Titik Rumah),129/01-03,1,pcs,-7.24507455248291,112.75417432916005
Kabel Drop,129/01 -> 129/01-03,16.79,m,,
Homepass (Titik Rumah),129/01-04,1,pcs,-7.244886499999997,112.75425089999999
Kabel Drop,129/01 -> 129/01-04,15.42,m,,
Homepass (Titik Rumah),129/01-05,1,pcs,-7.24506515,112.75427740000002
Kabel Drop,129/01 -> 129/01-05,8.78,m,,
Homepass (Titik Rumah),129/01-06,1,pcs,-7.24505495,112.75432514999999
Kabel Drop,129/01 -> 129/01-06,9.87,m,,
Homepass (Titik Rumah),129/01-07,1,pcs,-7.244828774719994,112.75432261239469
Kabel Drop,129/01 -> 129/01-07,23.58,m,,
Homepass (Titik Rumah),129/01-08,1,pcs,-7.245027693749348,112.75441007080954
Kabel Drop,129/01 -> 129/01-08,18.15,m,,
ODP,129/02,1,pcs,-7.244961312603279,112.7540304689842
Kabel Distribusi,ODC 129 -> 129/02,12.47,m,,
Homepass (Titik Rumah),129/02-01,1,pcs,-7.244934023562749,112.75392953917368
Kabel Drop,129/02 -> 129/02-01,13.85,m,,
Homepass (Titik Rumah),129/02-02,1,pcs,-7.24497537524593,112.7540528705198
Kabel Drop,129/02 -> 129/02-02,3.51,m,,
Homepass (Titik Rumah),129/02-03,1,pcs,-7.245026149999999,112.75383129999999
Kabel Drop,129/02 -> 129/02-03,27.75,m,,
Homepass (Titik Rumah),129/02-04,1,pcs,-7.245005695534578,112.75405252521439
Kabel Drop,129/02 -> 129/02-04,6.6,m,,
Homepass (Titik Rumah),129/02-05,1,pcs,-7.244979126314205,112.75411904363352
Kabel Drop,129/02 -> 129/02-05,11.96,m,,
Homepass (Titik Rumah),129/02-06,1,pcs,-7.2448861339969,112.75413913988719
Kabel Drop,129/02 -> 129/02-06,17.54,m,,
Homepass (Titik Rumah),129/02-07,1,pcs,-7.2450886,112.75411065
Kabel Drop,129/02 -> 129/02-07,20.03,m,,
Homepass (Titik Rumah),129/02-08,1,pcs,-7.2448215060999,112.75415201362053
Kabel Drop,129/02 -> 129/02-08,24.63,m,,
ODP,129/03,1,pcs,-7.245199775954399,112.75400386045882
Kabel Distribusi,ODC 129 -> 129/03,20.5,m,,
Homepass (Titik Rumah),129/03-01,1,pcs,-7.245491399999998,112.7540497
Kabel Drop,129/03 -> 129/03-01,39.38,m,,
Homepass (Titik Rumah),129/03-02,1,pcs,-7.2454491999999995,112.75400770000002
Kabel Drop,129/03 -> 129/03-02,33.29,m,,
Homepass (Titik Rumah),129/03-03,1,pcs,-7.245409562385375,112.75396742379287
Kabel Drop,129/03 -> 129/03-03,28.41,m,,
Homepass (Titik Rumah),129/03-04,1,pcs,-7.2453534,112.75399195000001
Kabel Drop,129/03 -> 129/03-04,20.56,m,,
Homepass (Titik Rumah),129/03-05,1,pcs,-7.245328797435899,112.75405772434316
Kabel Drop,129/03 -> 129/03-05,18.63,m,,
Homepass (Titik Rumah),129/03-06,1,pcs,-7.24530755,112.75412025
Kabel Drop,129/03 -> 129/03-06,21.08,m,,
Homepass (Titik Rumah),129/03-07,1,pcs,-7.2453418,112.75391190000002
Kabel Drop,129/03 -> 129/03-07,22.52,m,,
Homepass (Titik Rumah),129/03-08,1,pcs,-7.2452238499999995,112.75415685
Kabel Drop,129/03 -> 129/03-08,20.5,m,,
ODP,129/04,1,pcs,-7.2449776,112.7538693
Kabel Distribusi,ODC 129 -> 129/04,25.85,m,,
Homepass (Titik Rumah),129/04-01,1,pcs,-7.24475846485603,112.7538649327612
Kabel Drop,129/04 -> 129/04-01,29.25,m,,
Homepass (Titik Rumah),129/04-02,1,pcs,-7.2447833500000005,112.75393089999997
Kabel Drop,129/04 -> 129/04-02,27.17,m,,
Homepass (Titik Rumah),129/04-03,1,pcs,-7.244817613873308,112.75379682167646
Kabel Drop,129/04 -> 129/04-03,23.4,m,,
Homepass (Titik Rumah),129/04-04,1,pcs,-7.244860600000001,112.75391515000001
Kabel Drop,129/04 -> 129/04-04,16.75,m,,
Homepass (Titik Rumah),129/04-05,1,pcs,-7.244763515065042,112.7537446212813
Kabel Drop,129/04 -> 129/04-05,32.99,m,,
Homepass (Titik Rumah),129/04-06,1,pcs,-7.244824145487007,112.75401888297654
Kabel Drop,129/04 -> 129/04-06,28.48,m,,
Homepass (Titik Rumah),129/04-07,1,pcs,-7.2449326,112.75382619999998
Kabel Drop,129/04 -> 129/04-07,8.28,m,,
Homepass (Titik Rumah),129/04-08,1,pcs,-7.244894463311863,112.75373851500795
Kabel Drop,129/04 -> 129/04-08,20.56,m,,
ODC,ODC 130,1,pcs,-7.245543587021259,112.75378846401742
Join Closure,JOIN CLOSURE ODC 130,1,pcs,-7.245543587021259,112.75378846401742
ODP,130/01,1,pcs,-7.245539663827817,112.7538948622035
Kabel Distribusi,ODC 130 -> 130/01,14.09,m,,
Homepass (Titik Rumah),130/01-01,1,pcs,-7.243764949999999,112.7533832
Kabel Drop,130/01 -> 130/01-01,246.3,m,,
Homepass (Titik Rumah),130/01-02,1,pcs,-7.245600899999999,112.75369684999998
Kabel Drop,130/01 -> 130/01-02,27.45,m,,
Homepass (Titik Rumah),130/01-03,1,pcs,-7.2456677,112.75369845
Kabel Drop,130/01 -> 130/01-03,31.11,m,,
Homepass (Titik Rumah),130/01-04,1,pcs,-7.245694350000001,112.75336335
Kabel Drop,130/01 -> 130/01-04,73.32,m,,
Homepass (Titik Rumah),130/01-05,1,pcs,-7.245694899999999,112.75377130000003
Kabel Drop,130/01 -> 130/01-05,26.39,m,,
Homepass (Titik Rumah),130/01-06,1,pcs,-7.245730450000002,112.75440395
Kabel Drop,130/01 -> 130/01-06,72.04,m,,
Homepass (Titik Rumah),130/01-07,1,pcs,-7.245762585177451,112.75436492609215
Kabel Drop,130/01 -> 130/01-07,68.97,m,,
Homepass (Titik Rumah),130/01-08,1,pcs,-7.245729574384234,112.75445209669758
Kabel Drop,130/01 -> 130/01-08,77.99,m,,
ODP,130/02,1,pcs,-7.245540573387944,112.75387019465927
Kabel Distribusi,ODC 130 -> 130/02,10.83,m,,
Homepass (Titik Rumah),130/02-01,1,pcs,-7.24547885,112.75382330000001
Kabel Drop,130/02 -> 130/02-01,10.31,m,,
Homepass (Titik Rumah),130/02-02,1,pcs,-7.245467700000001,112.75385399999999
Kabel Drop,130/02 -> 130/02-02,9.96,m,,
Homepass (Titik Rumah),130/02-03,1,pcs,-7.245468450000001,112.75388960000001
Kabel Drop,130/02 -> 130/02-03,9.96,m,,
Homepass (Titik Rumah),130/02-04,1,pcs,-7.245469250000001,112.75392735000003
Kabel Drop,130/02 -> 130/02-04,12.16,m,,
Homepass (Titik Rumah),130/02-05,1,pcs,-7.24537135,112.75385439999998
Kabel Drop,130/02 -> 130/02-05,22.68,m,,
Homepass (Titik Rumah),130/02-06,1,pcs,-7.24560245,112.75387319999999
Kabel Drop,130/02 -> 130/02-06,8.27,m,,
Homepass (Titik Rumah),130/02-07,1,pcs,-7.2456053178833875,112.75375542412864
Kabel Drop,130/02 -> 130/02-07,17.48,m,,
Homepass (Titik Rumah),130/02-08,1,pcs,-7.245472499999999,112.75396995
Kabel Drop,130/02 -> 130/02-08,16.03,m,,
ODP,130/03,1,pcs,-7.2453141,112.7536935
Kabel Distribusi,ODC 130 -> 130/03,33.1,m,,
Homepass (Titik Rumah),130/03-01,1,pcs,-7.245371350000001,112.75363485000001
Kabel Drop,130/03 -> 130/03-01,10.89,m,,
Homepass (Titik Rumah),130/03-02,1,pcs,-7.24537135,112.75368309999999
Kabel Drop,130/03 -> 130/03-02,7.76,m,,
Homepass (Titik Rumah),130/03-03,1,pcs,-7.245371350000001,112.75372734999999
Kabel Drop,130/03 -> 130/03-03,8.86,m,,
Homepass (Titik Rumah),130/03-04,1,pcs,-7.24548065,112.75371324999999
Kabel Drop,130/03 -> 130/03-04,22.38,m,,
Homepass (Titik Rumah),130/03-05,1,pcs,-7.245371350000001,112.75377429999999
Kabel Drop,130/03 -> 130/03-05,13.14,m,,
Homepass (Titik Rumah),130/03-06,1,pcs,-7.245481966668161,112.7537465752087
Kabel Drop,130/03 -> 130/03-06,23.48,m,,
Homepass (Titik Rumah),130/03-07,1,pcs,-7.24537135,112.75381519999999
Kabel Drop,130/03 -> 130/03-07,17.83,m,,
Homepass (Titik Rumah),130/03-08,1,pcs,-7.24547885,112.75378909999999
Kabel Drop,130/03 -> 130/03-08,25.37,m,,
ODP,130/04,1,pcs,-7.245783341320963,112.75369542200986
Kabel Distribusi,ODC 130 -> 130/04,34.28,m,,
Homepass (Titik Rumah),130/04-01,1,pcs,-7.245965626453872,112.75372625243436
Kabel Drop,130/04 -> 130/04-01,24.66,m,,
Homepass (Titik Rumah),130/04-02,1,pcs,-7.2459538,112.75368615
Kabel Drop,130/04 -> 130/04-02,22.78,m,,
Homepass (Titik Rumah),130/04-03,1,pcs,-7.245946396415268,112.7536517278946
Kabel Drop,130/04 -> 130/04-03,22.51,m,,
Homepass (Titik Rumah),130/04-04,1,pcs,-7.245871295614796,112.75372632557489
Kabel Drop,130/04 -> 130/04-04,12.43,m,,
Homepass (Titik Rumah),130/04-05,1,pcs,-7.246046450000004,112.75364610000001
Kabel Drop,130/04 -> 130/04-05,35.71,m,,
Homepass (Titik Rumah),130/04-06,1,pcs,-7.246088500000002,112.75368745
Kabel Drop,130/04 -> 130/04-06,40.73,m,,
Homepass (Titik Rumah),130/04-07,1,pcs,-7.245849638784638,112.75366761943596
Kabel Drop,130/04 -> 130/04-07,9.58,m,,
Homepass (Titik Rumah),130/04-08,1,pcs,-7.2458242,112.75373230000001
Kabel Drop,130/04 -> 130/04-08,7.32,m,,
ODC,ODC 131,1,pcs,-7.245559147438521,112.75318506621277
Join Closure,JOIN CLOSURE ODC 131,1,pcs,-7.245559147438521,112.75318506621277
ODP,131/01,1,pcs,-7.245232039889693,112.75334880291203
Kabel Distribusi,ODC 131 -> 131/01,48.73,m,,
Homepass (Titik Rumah),131/01-01,1,pcs,-7.245145250000003,112.75330860000001
Kabel Drop,131/01 -> 131/01-01,12.74,m,,
Homepass (Titik Rumah),131/01-02,1,pcs,-7.245148550000001,112.7533928
Kabel Drop,131/01 -> 131/01-02,12.57,m,,
Homepass (Titik Rumah),131/01-03,1,pcs,-7.245183450000001,112.75322279999999
Kabel Drop,131/01 -> 131/01-03,17.89,m,,
Homepass (Titik Rumah),131/01-04,1,pcs,-7.2450271263962165,112.7534041578239
Kabel Drop,131/01 -> 131/01-04,28.31,m,,
Homepass (Titik Rumah),131/01-05,1,pcs,-7.2451439,112.7535195
Kabel Drop,131/01 -> 131/01-05,25.47,m,,
Homepass (Titik Rumah),131/01-06,1,pcs,-7.24537905,112.75331044999999
Kabel Drop,131/01 -> 131/01-06,20.26,m,,
Homepass (Titik Rumah),131/01-07,1,pcs,-7.245379549999996,112.75325400000001
Kabel Drop,131/01 -> 131/01-07,23.34,m,,
Homepass (Titik Rumah),131/01-08,1,pcs,-7.2453781,112.75337774999998
Kabel Drop,131/01 -> 131/01-08,19.86,m,,
ODP,131/02,1,pcs,-7.2455596382050675,112.75314012835597
Kabel Distribusi,ODC 131 -> 131/02,5.95,m,,
Homepass (Titik Rumah),131/02-01,1,pcs,-7.245486523344263,112.75314399852535
Kabel Drop,131/02 -> 131/02-01,9.77,m,,
Homepass (Titik Rumah),131/02-02,1,pcs,-7.245454650000003,112.7531105
Kabel Drop,131/02 -> 131/02-02,14.55,m,,
Homepass (Titik Rumah),131/02-03,1,pcs,-7.245485107717873,112.75321287203447
Kabel Drop,131/02 -> 131/02-03,13.84,m,,
Homepass (Titik Rumah),131/02-04,1,pcs,-7.245488299999999,112.75323954999999
Kabel Drop,131/02 -> 131/02-04,16.24,m,,
Homepass (Titik Rumah),131/02-05,1,pcs,-7.2453797,112.75312725
Kabel Drop,131/02 -> 131/02-05,24.07,m,,
Homepass (Titik Rumah),131/02-06,1,pcs,-7.245378900000001,112.75317500000001
Kabel Drop,131/02 -> 131/02-06,24.55,m,,
Homepass (Titik Rumah),131/02-07,1,pcs,-7.245379700000002,112.75308164999997
Kabel Drop,131/02 -> 131/02-07,25.23,m,,
Homepass (Titik Rumah),131/02-08,1,pcs,-7.245484574296318,112.7530199443627
Kabel Drop,131/02 -> 131/02-08,18.8,m,,
ODP,131/03,1,pcs,-7.2455596440519985,112.75313959297203
Kabel Distribusi,ODC 131 -> 131/03,6.02,m,,
Homepass (Titik Rumah),131/03-01,1,pcs,-7.245378600000003,112.7532194
Kabel Drop,131/03 -> 131/03-01,26.37,m,,
Homepass (Titik Rumah),131/03-02,1,pcs,-7.245481249999996,112.75326824999999
Kabel Drop,131/03 -> 131/03-02,19.99,m,,
Homepass (Titik Rumah),131/03-03,1,pcs,-7.245483400376772,112.75330607715573
Kabel Drop,131/03 -> 131/03-03,24.27,m,,
Homepass (Titik Rumah),131/03-04,1,pcs,-7.245379700000001,112.75304245
Kabel Drop,131/03 -> 131/03-04,27.24,m,,
Homepass (Titik Rumah),131/03-05,1,pcs,-7.2453992,112.75299769999998
Kabel Drop,131/03 -> 131/03-05,28.48,m,,
Homepass (Titik Rumah),131/03-06,1,pcs,-7.245440835331789,112.75296653881072
Kabel Drop,131/03 -> 131/03-06,27.86,m,,
Homepass (Titik Rumah),131/03-07,1,pcs,-7.245608949999998,112.75335334999998
Kabel Drop,131/03 -> 131/03-07,29.05,m,,
Homepass (Titik Rumah),131/03-08,1,pcs,-7.24537557514694,112.75295282519
Kabel Drop,131/03 -> 131/03-08,34.85,m,,
ODP,131/04,1,pcs,-7.245559987023442,112.7531081882202
Kabel Distribusi,ODC 131 -> 131/04,10.18,m,,
Homepass (Titik Rumah),131/04-01,1,pcs,-7.245718250000001,112.75310550000002
Kabel Drop,131/04 -> 131/04-01,21.12,m,,
Homepass (Titik Rumah),131/04-02,1,pcs,-7.245667399999999,112.75313040000002
Kabel Drop,131/04 -> 131/04-02,14.63,m,,
Homepass (Titik Rumah),131/04-03,1,pcs,-7.245598899999999,112.7531033
Kabel Drop,131/04 -> 131/04-03,5.23,m,,
Homepass (Titik Rumah),131/04-04,1,pcs,-7.245641005546375,112.75300347078758
Kabel Drop,131/04 -> 131/04-04,17.58,m,,
Homepass (Titik Rumah),131/04-05,1,pcs,-7.2455932476361,112.7532622748392
Kabel Drop,131/04 -> 131/04-05,20.87,m,,
Homepass (Titik Rumah),131/04-06,1,pcs,-7.245514000000001,112.75308905000003
Kabel Drop,131/04 -> 131/04-06,6.64,m,,
Homepass (Titik Rumah),131/04-07,1,pcs,-7.2455305,112.75299785
Kabel Drop,131/04 -> 131/04-07,15.13,m,,
Homepass (Titik Rumah),131/04-08,1,pcs,-7.245504099999999,112.7531768
Kabel Drop,131/04 -> 131/04-08,11.75,m,,
ODC,ODC 132,1,pcs,-7.245751994157743,112.75349289537094
Join Closure,JOIN CLOSURE ODC 132,1,pcs,-7.245751994157743,112.75349289537094
ODP,132/01,1,pcs,-7.245550038822731,112.7535579047996
Kabel Distribusi,ODC 132 -> 132/01,28.29,m,,
Homepass (Titik Rumah),132/01-01,1,pcs,-7.245511795957364,112.75352097493084
Kabel Drop,132/01 -> 132/01-01,7.07,m,,
Homepass (Titik Rumah),132/01-02,1,pcs,-7.245597049999999,112.75352354999998
Kabel Drop,132/01 -> 132/01-02,7.75,m,,
Homepass (Titik Rumah),132/01-03,1,pcs,-7.245505499999999,112.75361935000001
Kabel Drop,132/01 -> 132/01-03,10.07,m,,
Homepass (Titik Rumah),132/01-04,1,pcs,-7.245597136028695,112.75346747551454
Kabel Drop,132/01 -> 132/01-04,13.52,m,,
Homepass (Titik Rumah),132/01-05,1,pcs,-7.245452597043642,112.75362187572995
Kabel Drop,132/01 -> 132/01-05,15.52,m,,
Homepass (Titik Rumah),132/01-06,1,pcs,-7.2456100670309995,112.75361932344671
Kabel Drop,132/01 -> 132/01-06,11.41,m,,
Homepass (Titik Rumah),132/01-07,1,pcs,-7.245610199999999,112.7534037
Kabel Drop,132/01 -> 132/01-07,21.93,m,,
Homepass (Titik Rumah),132/01-08,1,pcs,-7.245481420281092,112.75368562406418
Kabel Drop,132/01 -> 132/01-08,19.23,m,,
ODP,132/02,1,pcs,-7.245553248882689,112.75347665015694
Kabel Distribusi,ODC 132 -> 132/02,26.61,m,,
Homepass (Titik Rumah),132/02-01,1,pcs,-7.245371350000001,112.75344640000002
Kabel Drop,132/02 -> 132/02-01,24.6,m,,
Homepass (Titik Rumah),132/02-02,1,pcs,-7.245371350000001,112.75351109999998
Kabel Drop,132/02 -> 132/02-02,24.7,m,,
Homepass (Titik Rumah),132/02-03,1,pcs,-7.245445074017718,112.753491144158
Kabel Drop,132/02 -> 132/02-03,14.56,m,,
Homepass (Titik Rumah),132/02-04,1,pcs,-7.245451182318027,112.75353122357774
Kabel Drop,132/02 -> 132/02-04,15.42,m,,
Homepass (Titik Rumah),132/02-05,1,pcs,-7.245491993363795,112.75345087793494
Kabel Drop,132/02 -> 132/02-05,8.86,m,,
Homepass (Titik Rumah),132/02-06,1,pcs,-7.2454867499999995,112.753409
Kabel Drop,132/02 -> 132/02-06,12.61,m,,
Homepass (Titik Rumah),132/02-07,1,pcs,-7.245371350000001,112.75357885
Kabel Drop,132/02 -> 132/02-07,27.79,m,,
Homepass (Titik Rumah),132/02-08,1,pcs,-7.24548505,112.75335700000001
Kabel Drop,132/02 -> 132/02-08,18.27,m,,
ODP,132/03,1,pcs,-7.245740621640826,112.75349264918562
Kabel Distribusi,ODC 132 -> 132/03,1.52,m,,
Homepass (Titik Rumah),132/03-01,1,pcs,-7.245686800000001,112.75352185000001
Kabel Drop,132/03 -> 132/03-01,8.16,m,,
Homepass (Titik Rumah),132/03-02,1,pcs,-7.245691273650154,112.75345904610242
Kabel Drop,132/03 -> 132/03-02,7.95,m,,
Homepass (Titik Rumah),132/03-03,1,pcs,-7.245699208062782,112.75359967437602
Kabel Drop,132/03 -> 132/03-03,15.21,m,,
Homepass (Titik Rumah),132/03-04,1,pcs,-7.245782050000001,112.7535124
Kabel Drop,132/03 -> 132/03-04,6.11,m,,
Homepass (Titik Rumah),132/03-05,1,pcs,-7.245693775682347,112.75340599573063
Kabel Drop,132/03 -> 132/03-05,13.06,m,,
Homepass (Titik Rumah),132/03-06,1,pcs,-7.245769999999999,112.75343845
Kabel Drop,132/03 -> 132/03-06,8.18,m,,
Homepass (Titik Rumah),132/03-07,1,pcs,-7.2458161500000005,112.75356395000003
Kabel Drop,132/03 -> 132/03-07,13.81,m,,
Homepass (Titik Rumah),132/03-08,1,pcs,-7.2458144062978755,112.75343827407593
Kabel Drop,132/03 -> 132/03-08,12.2,m,,
ODP,132/04,1,pcs,-7.2458803,112.7535173
Kabel Distribusi,ODC 132 -> 132/04,17.42,m,,
Homepass (Titik Rumah),132/04-01,1,pcs,-7.245853377259338,112.75347264809712
Kabel Drop,132/04 -> 132/04-01,6.92,m,,
Homepass (Titik Rumah),132/04-02,1,pcs,-7.245919237718776,112.75348752564338
Kabel Drop,132/04 -> 132/04-02,6.52,m,,
Homepass (Titik Rumah),132/04-03,1,pcs,-7.245909674708414,112.75340708597442
Kabel Drop,132/04 -> 132/04-03,15.11,m,,
Homepass (Titik Rumah),132/04-04,1,pcs,-7.245838024483172,112.75337211569524
Kabel Drop,132/04 -> 132/04-04,20.03,m,,
Homepass (Titik Rumah),132/04-05,1,pcs,-7.245774815191597,112.75337172597867
Kabel Drop,132/04 -> 132/04-05,23.86,m,,
Homepass (Titik Rumah),132/04-06,1,pcs,-7.24592630050381,112.75358049736823
Kabel Drop,132/04 -> 132/04-06,10.38,m,,
Homepass (Titik Rumah),132/04-07,1,pcs,-7.245973975143866,112.75341466111925
Kabel Drop,132/04 -> 132/04-07,18.46,m,,
Homepass (Titik Rumah),132/04-08,1,pcs,-7.245821800000001,112.7536148
Kabel Drop,132/04 -> 132/04-08,15.08,m,,
ODC,ODC 133,1,pcs,-7.246109982862423,112.75352851798678
Join Closure,JOIN CLOSURE ODC 133,1,pcs,-7.246109982862423,112.75352851798678
ODP,133/01,1,pcs,-7.2459209008215915,112.75351645194107
Kabel Distribusi,ODC 133 -> 133/01,25.28,m,,
Homepass (Titik Rumah),133/01-01,1,pcs,-7.246112055358152,112.75359652468637
Kabel Drop,133/01 -> 133/01-01,27.62,m,,
Homepass (Titik Rumah),133/01-02,1,pcs,-7.245906125151173,112.75330991389616
Kabel Drop,133/01 -> 133/01-02,27.41,m,,
Homepass (Titik Rumah),133/01-03,1,pcs,-7.2463124248585835,112.75328930586103
Kabel Drop,133/01 -> 133/01-03,60.28,m,,
Homepass (Titik Rumah),133/01-04,1,pcs,-7.245735109388632,112.75368722465223
Kabel Drop,133/01 -> 133/01-04,33.55,m,,
Homepass (Titik Rumah),133/01-05,1,pcs,-7.245855224054702,112.75329738360163
Kabel Drop,133/01 -> 133/01-05,30.29,m,,
Homepass (Titik Rumah),133/01-06,1,pcs,-7.24592485,112.75322440000001
Kabel Drop,133/01 -> 133/01-06,38.66,m,,
Homepass (Titik Rumah),133/01-07,1,pcs,-7.24577915,112.7533344
Kabel Drop,133/01 -> 133/01-07,30.63,m,,
Homepass (Titik Rumah),133/01-08,1,pcs,-7.2457299499999985,112.75380274999999
Kabel Drop,133/01 -> 133/01-08,45.67,m,,
ODP,133/02,1,pcs,-7.2460459455020425,112.75351384004173
Kabel Distribusi,ODC 133 -> 133/02,8.76,m,,
Homepass (Titik Rumah),133/02-01,1,pcs,-7.246026574035331,112.75343236472793
Kabel Drop,133/02 -> 133/02-01,11.09,m,,
Homepass (Titik Rumah),133/02-02,1,pcs,-7.24606775,112.75340935
Kabel Drop,133/02 -> 133/02-02,14.13,m,,
Homepass (Titik Rumah),133/02-03,1,pcs,-7.2460565500000005,112.75347890000002
Kabel Drop,133/02 -> 133/02-03,4.84,m,,
Homepass (Titik Rumah),133/02-04,1,pcs,-7.24611830290666,112.75343537442193
Kabel Drop,133/02 -> 133/02-04,14.18,m,,
Homepass (Titik Rumah),133/02-05,1,pcs,-7.24604805,112.75332535
Kabel Drop,133/02 -> 133/02-05,24.95,m,,
Homepass (Titik Rumah),133/02-06,1,pcs,-7.245982199999999,112.75331324999998
Kabel Drop,133/02 -> 133/02-06,27.88,m,,
Homepass (Titik Rumah),133/02-07,1,pcs,-7.2460663499999995,112.75357039999997
Kabel Drop,133/02 -> 133/02-07,7.97,m,,
Homepass (Titik Rumah),133/02-08,1,pcs,-7.2459898,112.75357185
Kabel Drop,133/02 -> 133/02-08,10.73,m,,
ODP,133/03,1,pcs,-7.246192693904804,112.75350875884638
Kabel Distribusi,ODC 133 -> 133/03,11.34,m,,
Homepass (Titik Rumah),133/03-01,1,pcs,-7.246173571815468,112.75343574526718
Kabel Drop,133/03 -> 133/03-01,10.0,m,,
Homepass (Titik Rumah),133/03-02,1,pcs,-7.246260292619526,112.75339647511653
Kabel Drop,133/03 -> 133/03-02,17.39,m,,
Homepass (Titik Rumah),133/03-03,1,pcs,-7.246268623625617,112.75347194622574
Kabel Drop,133/03 -> 133/03-03,11.24,m,,
Homepass (Titik Rumah),133/03-04,1,pcs,-7.24618195,112.75355345
Kabel Drop,133/03 -> 133/03-04,6.09,m,,
Homepass (Titik Rumah),133/03-05,1,pcs,-7.246167649999998,112.75331455
Kabel Drop,133/03 -> 133/03-05,25.92,m,,
Homepass (Titik Rumah),133/03-06,1,pcs,-7.246116099999998,112.75356379999998
Kabel Drop,133/03 -> 133/03-06,12.55,m,,
Homepass (Titik Rumah),133/03-07,1,pcs,-7.246240175213779,112.75357878226535
Kabel Drop,133/03 -> 133/03-07,11.23,m,,
Homepass (Titik Rumah),133/03-08,1,pcs,-7.246115181721646,112.75327596243423
Kabel Drop,133/03 -> 133/03-08,32.5,m,,
ODP,133/04,1,pcs,-7.245741504280989,112.75319704954369
Kabel Distribusi,ODC 133 -> 133/04,65.9,m,,
Homepass (Titik Rumah),133/04-01,1,pcs,-7.245820678430611,112.75324741478295
Kabel Drop,133/04 -> 133/04-01,12.49,m,,
Homepass (Titik Rumah),133/04-02,1,pcs,-7.2457642,112.75324115000001
Kabel Drop,133/04 -> 133/04-02,6.58,m,,
Homepass (Titik Rumah),133/04-03,1,pcs,-7.245708999999999,112.75321575000002
Kabel Drop,133/04 -> 133/04-03,4.99,m,,
Homepass (Titik Rumah),133/04-04,1,pcs,-7.245793699999999,112.753108
Kabel Drop,133/04 -> 133/04-04,13.69,m,,
Homepass (Titik Rumah),133/04-05,1,pcs,-7.24569227571615,112.753314904461
Kabel Drop,133/04 -> 133/04-05,16.93,m,,
Homepass (Titik Rumah),133/04-06,1,pcs,-7.245831826955386,112.75310270192473
Kabel Drop,133/04 -> 133/04-06,17.36,m,,
Homepass (Titik Rumah),133/04-07,1,pcs,-7.245767126954992,112.75310783523055
Kabel Drop,133/04 -> 133/04-07,12.29,m,,
Homepass (Titik Rumah),133/04-08,1,pcs,-7.2456501000000015,112.75324055000002
Kabel Drop,133/04 -> 133/04-08,13.49,m,,
ODC,ODC 134,1,pcs,-7.246196876647303,112.75388040451793
Join Closure,JOIN CLOSURE ODC 134,1,pcs,-7.246196876647303,112.75388040451793
ODP,134/01,1,pcs,-7.246327255034884,112.75350370430898
Kabel Distribusi,ODC 134 -> 134/01,52.81,m,,
Homepass (Titik Rumah),134/01-01,1,pcs,-7.246318220686616,112.75353432554273
Kabel Drop,134/01 -> 134/01-01,4.23,m,,
Homepass (Titik Rumah),134/01-02,1,pcs,-7.2463535,112.75358704999998
Kabel Drop,134/01 -> 134/01-02,11.57,m,,
Homepass (Titik Rumah),134/01-03,1,pcs,-7.246352472836723,112.75347164249631
Kabel Drop,134/01 -> 134/01-03,5.42,m,,
Homepass (Titik Rumah),134/01-04,1,pcs,-7.246286275487775,112.75360276450792
Kabel Drop,134/01 -> 134/01-04,14.21,m,,
Homepass (Titik Rumah),134/01-05,1,pcs,-7.246322523986435,112.7536691949062
Kabel Drop,134/01 -> 134/01-05,21.91,m,,
Homepass (Titik Rumah),134/01-06,1,pcs,-7.246176376736772,112.75360980335672
Kabel Drop,134/01 -> 134/01-06,24.55,m,,
Homepass (Titik Rumah),134/01-07,1,pcs,-7.24633845,112.75337384999997
Kabel Drop,134/01 -> 134/01-07,17.25,m,,
Homepass (Titik Rumah),134/01-08,1,pcs,-7.246482250000001,112.75350125
Kabel Drop,134/01 -> 134/01-08,20.68,m,,
ODP,134/02,1,pcs,-7.246397506947138,112.75358141624226
Kabel Distribusi,ODC 134 -> 134/02,47.78,m,,
Homepass (Titik Rumah),134/02-01,1,pcs,-7.2464976,112.7535667
Kabel Drop,134/02 -> 134/02-01,13.5,m,,
Homepass (Titik Rumah),134/02-02,1,pcs,-7.246499350000001,112.75360605
Kabel Drop,134/02 -> 134/02-02,13.98,m,,
Homepass (Titik Rumah),134/02-03,1,pcs,-7.246512800000004,112.75365310000001
Kabel Drop,134/02 -> 134/02-03,18.07,m,,
Homepass (Titik Rumah),134/02-04,1,pcs,-7.24647895,112.75344615000002
Kabel Drop,134/02 -> 134/02-04,20.94,m,,
Homepass (Titik Rumah),134/02-05,1,pcs,-7.246525061433505,112.75371982441318
Kabel Drop,134/02 -> 134/02-05,25.01,m,,
Homepass (Titik Rumah),134/02-06,1,pcs,-7.246667924067302,112.75356789706491
Kabel Drop,134/02 -> 134/02-06,36.13,m,,
Homepass (Titik Rumah),134/02-07,1,pcs,-7.246654749999999,112.75349725
Kabel Drop,134/02 -> 134/02-07,36.09,m,,
Homepass (Titik Rumah),134/02-08,1,pcs,-7.246627,112.75345149999998
Kabel Drop,134/02 -> 134/02-08,35.12,m,,
ODP,134/03,1,pcs,-7.246153951436424,112.75380416187788
Kabel Distribusi,ODC 134 -> 134/03,11.6,m,,
Homepass (Titik Rumah),134/03-01,1,pcs,-7.246348049999999,112.753786
Kabel Drop,134/03 -> 134/03-01,26.01,m,,
Homepass (Titik Rumah),134/03-02,1,pcs,-7.246350950000001,112.75384100000001
Kabel Drop,134/03 -> 134/03-02,26.73,m,,
Homepass (Titik Rumah),134/03-03,1,pcs,-7.246366795226387,112.75390452670042
Kabel Drop,134/03 -> 134/03-03,31.35,m,,
Homepass (Titik Rumah),134/03-04,1,pcs,-7.246224250000001,112.75380525000003
Kabel Drop,134/03 -> 134/03-04,9.38,m,,
Homepass (Titik Rumah),134/03-05,1,pcs,-7.2462225,112.75376995
Kabel Drop,134/03 -> 134/03-05,10.21,m,,
Homepass (Titik Rumah),134/03-06,1,pcs,-7.246220700000003,112.75373484999999
Kabel Drop,134/03 -> 134/03-06,12.79,m,,
Homepass (Titik Rumah),134/03-07,1,pcs,-7.246226549999999,112.75385159999999
Kabel Drop,134/03 -> 134/03-07,11.54,m,,
Homepass (Titik Rumah),134/03-08,1,pcs,-7.246218669341825,112.75369397384101
Kabel Drop,134/03 -> 134/03-08,16.95,m,,
ODP,134/04,1,pcs,-7.246154700120445,112.75381952435987
Kabel Distribusi,ODC 134 -> 134/04,9.83,m,,
Homepass (Titik Rumah),134/04-01,1,pcs,-7.246048099999999,112.75394899999999
Kabel Drop,134/04 -> 134/04-01,22.27,m,,
Homepass (Titik Rumah),134/04-02,1,pcs,-7.245934000000001,112.75392570000002
Kabel Drop,134/04 -> 134/04-02,32.63,m,,
Homepass (Titik Rumah),134/04-03,1,pcs,-7.2459344,112.75388130000002
Kabel Drop,134/04 -> 134/04-03,30.51,m,,
Homepass (Titik Rumah),134/04-04,1,pcs,-7.245953423266924,112.75382722428779
Kabel Drop,134/04 -> 134/04-04,26.88,m,,
Homepass (Titik Rumah),134/04-05,1,pcs,-7.245968700000001,112.75379099999999
Kabel Drop,134/04 -> 134/04-05,25.1,m,,
Homepass (Titik Rumah),134/04-06,1,pcs,-7.246093,112.7537615
Kabel Drop,134/04 -> 134/04-06,11.26,m,,
Homepass (Titik Rumah),134/04-07,1,pcs,-7.245967149999999,112.75375835000001
Kabel Drop,134/04 -> 134/04-07,26.3,m,,
Homepass (Titik Rumah),134/04-08,1,pcs,-7.246090650000001,112.75372295
Kabel Drop,134/04 -> 134/04-08,15.38,m,,
ODC,ODC 135,1,pcs,-7.245795499938251,112.7540896610115
Join Closure,JOIN CLOSURE ODC 135,1,pcs,-7.245795499938251,112.7540896610115
ODP,135/01,1,pcs,-7.2455281981227015,112.7542194913227
Kabel Distribusi,ODC 135 -> 135/01,39.59,m,,
Homepass (Titik Rumah),135/01-01,1,pcs,-7.245453025377401,112.7542651071764
Kabel Drop,135/01 -> 135/01-01,11.71,m,,
Homepass (Titik Rumah),135/01-02,1,pcs,-7.245445731362805,112.7541761510479
Kabel Drop,135/01 -> 135/01-02,12.41,m,,
Homepass (Titik Rumah),135/01-03,1,pcs,-7.2455991,112.75423805
Kabel Drop,135/01 -> 135/01-03,9.77,m,,
Homepass (Titik Rumah),135/01-04,1,pcs,-7.245324749999996,112.75418845000002
Kabel Drop,135/01 -> 135/01-04,27.46,m,,
Homepass (Titik Rumah),135/01-05,1,pcs,-7.245587126416795,112.75434660796097
Kabel Drop,135/01 -> 135/01-05,18.57,m,,
Homepass (Titik Rumah),135/01-06,1,pcs,-7.245598280185638,112.75418302734184
Kabel Drop,135/01 -> 135/01-06,10.52,m,,
Homepass (Titik Rumah),135/01-07,1,pcs,-7.2454452499999995,112.75409725
Kabel Drop,135/01 -> 135/01-07,19.6,m,,
Homepass (Titik Rumah),135/01-08,1,pcs,-7.245260481397662,112.7542459308876
Kabel Drop,135/01 -> 135/01-08,35.89,m,,
ODP,135/02,1,pcs,-7.2457979659996,112.7541696222062
Kabel Distribusi,ODC 135 -> 135/02,10.59,m,,
Homepass (Titik Rumah),135/02-01,1,pcs,-7.245863650000004,112.75417645000002
Kabel Drop,135/02 -> 135/02-01,8.81,m,,
Homepass (Titik Rumah),135/02-02,1,pcs,-7.245884399999999,112.75423409999999
Kabel Drop,135/02 -> 135/02-02,14.35,m,,
Homepass (Titik Rumah),135/02-03,1,pcs,-7.245980510207233,112.75410827294476
Kabel Drop,135/02 -> 135/02-03,25.68,m,,
Homepass (Titik Rumah),135/02-04,1,pcs,-7.245927943514498,112.75429552928053
Kabel Drop,135/02 -> 135/02-04,24.05,m,,
Homepass (Titik Rumah),135/02-05,1,pcs,-7.245722125741015,112.75422365332861
Kabel Drop,135/02 -> 135/02-05,12.39,m,,
Homepass (Titik Rumah),135/02-06,1,pcs,-7.245969227124661,112.75403872406575
Kabel Drop,135/02 -> 135/02-06,28.68,m,,
Homepass (Titik Rumah),135/02-07,1,pcs,-7.245720099999995,112.75428659999999
Kabel Drop,135/02 -> 135/02-07,18.65,m,,
Homepass (Titik Rumah),135/02-08,1,pcs,-7.245910699999998,112.75397529999998
Kabel Drop,135/02 -> 135/02-08,29.8,m,,
ODP,135/03,1,pcs,-7.245538007082194,112.75393979364304
Kabel Distribusi,ODC 135 -> 135/03,39.67,m,,
Homepass (Titik Rumah),135/03-01,1,pcs,-7.245602680290268,112.75392912521117
Kabel Drop,135/03 -> 135/03-01,8.74,m,,
Homepass (Titik Rumah),135/03-02,1,pcs,-7.2456052,112.75398955000001
Kabel Drop,135/03 -> 135/03-02,11.12,m,,
Homepass (Titik Rumah),135/03-03,1,pcs,-7.245669024553872,112.753860532894
Kabel Drop,135/03 -> 135/03-03,20.39,m,,
Homepass (Titik Rumah),135/03-04,1,pcs,-7.245603023815544,112.75402537431513
Kabel Drop,135/03 -> 135/03-04,14.27,m,,
Homepass (Titik Rumah),135/03-05,1,pcs,-7.245630050000002,112.75380775000002
Kabel Drop,135/03 -> 135/03-05,21.36,m,,
Homepass (Titik Rumah),135/03-06,1,pcs,-7.245729499999994,112.75391074999999
Kabel Drop,135/03 -> 135/03-06,25.84,m,,
Homepass (Titik Rumah),135/03-07,1,pcs,-7.245729799999999,112.75395464999998
Kabel Drop,135/03 -> 135/03-07,25.67,m,,
Homepass (Titik Rumah),135/03-08,1,pcs,-7.245596750000003,112.75407239999998
Kabel Drop,135/03 -> 135/03-08,19.22,m,,
ODP,135/04,1,pcs,-7.245794149931446,112.75404588750318
Kabel Distribusi,ODC 135 -> 135/04,5.8,m,,
Homepass (Titik Rumah),135/04-01,1,pcs,-7.24573015,112.75400595
Kabel Drop,135/04 -> 135/04-01,10.04,m,,
Homepass (Titik Rumah),135/04-02,1,pcs,-7.245730500000001,112.75405660000001
Kabel Drop,135/04 -> 135/04-02,8.61,m,,
Homepass (Titik Rumah),135/04-03,1,pcs,-7.245734700000001,112.75411565
Kabel Drop,135/04 -> 135/04-03,12.17,m,,
Homepass (Titik Rumah),135/04-04,1,pcs,-7.245733625380236,112.7538595560158
Kabel Drop,135/04 -> 135/04-04,25.95,m,,
Homepass (Titik Rumah),135/04-05,1,pcs,-7.245856611205608,112.75392737383667
Kabel Drop,135/04 -> 135/04-05,17.76,m,,
Homepass (Titik Rumah),135/04-06,1,pcs,-7.245740749999998,112.75416695
Kabel Drop,135/04 -> 135/04-06,17.54,m,,
Homepass (Titik Rumah),135/04-07,1,pcs,-7.24559775,112.7541247
Kabel Drop,135/04 -> 135/04-07,28.21,m,,
Homepass (Titik Rumah),135/04-08,1,pcs,-7.245867337000701,112.75412147760349
Kabel Drop,135/04 -> 135/04-08,13.98,m,,
ODC,ODC 136,1,pcs,-7.24566757432952,112.75452847446748
Join Closure,JOIN CLOSURE ODC 136,1,pcs,-7.24566757432952,112.75452847446748
ODP,136/01,1,pcs,-7.243372277755058,112.7533681845086
Kabel Distribusi,ODC 136 -> 136/01,342.62,m,,
Homepass (Titik Rumah),136/01-01,1,pcs,-7.2433849,112.75348905000001
Kabel Drop,136/01 -> 136/01-01,16.09,m,,
Homepass (Titik Rumah),136/01-02,1,pcs,-7.243385006068971,112.75343937078897
Kabel Drop,136/01 -> 136/01-02,9.57,m,,
Homepass (Titik Rumah),136/01-03,1,pcs,-7.243351430280676,112.75345076317626
Kabel Drop,136/01 -> 136/01-03,11.28,m,,
Homepass (Titik Rumah),136/01-04,1,pcs,-7.24341045,112.7535331
Kabel Drop,136/01 -> 136/01-04,22.42,m,,
Homepass (Titik Rumah),136/01-05,1,pcs,-7.243349593616766,112.75328662974943
Kabel Drop,136/01 -> 136/01-05,11.21,m,,
Homepass (Titik Rumah),136/01-06,1,pcs,-7.243181199999999,112.75329455
Kabel Drop,136/01 -> 136/01-06,27.3,m,,
Homepass (Titik Rumah),136/01-07,1,pcs,-7.2435706999999985,112.75321840000001
Kabel Drop,136/01 -> 136/01-07,33.08,m,,
Homepass (Titik Rumah),136/01-08,1,pcs,-7.243311529742268,112.7531422586971
Kabel Drop,136/01 -> 136/01-08,30.98,m,,
ODP,136/02,1,pcs,-7.244018056297746,112.75414183495097
Kabel Distribusi,ODC 136 -> 136/02,225.97,m,,
Homepass (Titik Rumah),136/02-01,1,pcs,-7.2440714666163455,112.75417983360764
Kabel Drop,136/02 -> 136/02-01,8.72,m,,
Homepass (Titik Rumah),136/02-02,1,pcs,-7.244007531928333,112.75421455001032
Kabel Drop,136/02 -> 136/02-02,9.73,m,,
Homepass (Titik Rumah),136/02-03,1,pcs,-7.244112949999999,112.75408885
Kabel Drop,136/02 -> 136/02-03,14.47,m,,
Homepass (Titik Rumah),136/02-04,1,pcs,-7.244027849999999,112.75406475000001
Kabel Drop,136/02 -> 136/02-04,10.29,m,,
Homepass (Titik Rumah),136/02-05,1,pcs,-7.24407931852165,112.75403513652452
Kabel Drop,136/02 -> 136/02-05,16.32,m,,
Homepass (Titik Rumah),136/02-06,1,pcs,-7.243932499360825,112.75424151601754
Kabel Drop,136/02 -> 136/02-06,17.45,m,,
Homepass (Titik Rumah),136/02-07,1,pcs,-7.243855697958698,112.7541317811988
Kabel Drop,136/02 -> 136/02-07,21.7,m,,
Homepass (Titik Rumah),136/02-08,1,pcs,-7.243834433996007,112.75426336570534
Kabel Drop,136/02 -> 136/02-08,29.31,m,,
ODP,136/03,1,pcs,-7.247087443697665,112.75474835837824
Kabel Distribusi,ODC 136 -> 136/03,191.68,m,,
Homepass (Titik Rumah),136/03-01,1,pcs,-7.247242518546768,112.75494124448934
Kabel Drop,136/03 -> 136/03-01,32.86,m,,
Homepass (Titik Rumah),136/03-02,1,pcs,-7.2472243500000015,112.75486280000001
Kabel Drop,136/03 -> 136/03-02,23.73,m,,
Homepass (Titik Rumah),136/03-03,1,pcs,-7.247162912651778,112.75505085222815
Kabel Drop,136/03 -> 136/03-03,41.29,m,,
Homepass (Titik Rumah),136/03-04,1,pcs,-7.247111974736403,112.75488821448327
Kabel Drop,136/03 -> 136/03-04,18.8,m,,
Homepass (Titik Rumah),136/03-05,1,pcs,-7.247174970977702,112.7547996019293
Kabel Drop,136/03 -> 136/03-05,13.51,m,,
Homepass (Titik Rumah),136/03-06,1,pcs,-7.24722705,112.7547792
Kabel Drop,136/03 -> 136/03-06,19.07,m,,
Homepass (Titik Rumah),136/03-07,1,pcs,-7.2470986,112.7550726
Kabel Drop,136/03 -> 136/03-07,42.95,m,,
Homepass (Titik Rumah),136/03-08,1,pcs,-7.247135999999999,112.75474399999999
Kabel Drop,136/03 -> 136/03-08,6.5,m,,
ODP,136/04,1,pcs,-7.247805384906548,112.75705362337901
Kabel Distribusi,ODC 136 -> 136/04,439.42,m,,
Homepass (Titik Rumah),136/04-01,1,pcs,-7.2478837,112.75707104999998
Kabel Drop,136/04 -> 136/04-01,10.7,m,,
Homepass (Titik Rumah),136/04-02,1,pcs,-7.247862749999997,112.75699125
Kabel Drop,136/04 -> 136/04-02,11.26,m,,
Homepass (Titik Rumah),136/04-03,1,pcs,-7.24799145,112.7571178
Kabel Drop,136/04 -> 136/04-03,26.24,m,,
Homepass (Titik Rumah),136/04-04,1,pcs,-7.247760884538004,112.75702268048362
Kabel Drop,136/04 -> 136/04-04,7.21,m,,
Homepass (Titik Rumah),136/04-05,1,pcs,-7.248011070573892,112.75703249542705
Kabel Drop,136/04 -> 136/04-05,27.59,m,,
Homepass (Titik Rumah),136/04-06,1,pcs,-7.248046400000001,112.75710864999999
Kabel Drop,136/04 -> 136/04-06,32.97,m,,
Homepass (Titik Rumah),136/04-07,1,pcs,-7.247826142166144,112.75690777913687
Kabel Drop,136/04 -> 136/04-07,19.5,m,,
Homepass (Titik Rumah),136/04-08,1,pcs,-7.247993800000002,112.75693325000002
Kabel Drop,136/04 -> 136/04-08,29.76,m,,
ODC,ODC 137,1,pcs,-7.245328472592528,112.75464950215836
Join Closure,JOIN CLOSURE ODC 137,1,pcs,-7.245328472592528,112.75464950215836
ODP,137/01,1,pcs,-7.245243612394515,112.75466421885824
Kabel Distribusi,ODC 137 -> 137/01,11.49,m,,
Homepass (Titik Rumah),137/01-01,1,pcs,-7.2451794000000005,112.75435645
Kabel Drop,137/01 -> 137/01-01,41.63,m,,
Homepass (Titik Rumah),137/01-02,1,pcs,-7.245125217850594,112.75447557076893
Kabel Drop,137/01 -> 137/01-02,29.55,m,,
Homepass (Titik Rumah),137/01-03,1,pcs,-7.245179557521841,112.75451127991847
Kabel Drop,137/01 -> 137/01-03,21.97,m,,
Homepass (Titik Rumah),137/01-04,1,pcs,-7.244956599999999,112.75463089999998
Kabel Drop,137/01 -> 137/01-04,38.55,m,,
Homepass (Titik Rumah),137/01-05,1,pcs,-7.2455798499999995,112.75446625000001
Kabel Drop,137/01 -> 137/01-05,51.96,m,,
Homepass (Titik Rumah),137/01-06,1,pcs,-7.245555649999999,112.7546036
Kabel Drop,137/01 -> 137/01-06,42.4,m,,
Homepass (Titik Rumah),137/01-07,1,pcs,-7.244825118505771,112.75465260631198
Kabel Drop,137/01 -> 137/01-07,55.86,m,,
Homepass (Titik Rumah),137/01-08,1,pcs,-7.2456062,112.75457015000002
Kabel Drop,137/01 -> 137/01-08,49.96,m,,
ODP,137/02,1,pcs,-7.245519941265483,112.75449470269488
Kabel Distribusi,ODC 137 -> 137/02,32.75,m,,
Homepass (Titik Rumah),137/02-01,1,pcs,-7.2453857,112.75454215
Kabel Drop,137/02 -> 137/02-01,18.98,m,,
Homepass (Titik Rumah),137/02-02,1,pcs,-7.24539565,112.75448079999998
Kabel Drop,137/02 -> 137/02-02,16.69,m,,
Homepass (Titik Rumah),137/02-03,1,pcs,-7.245451250000001,112.754544
Kabel Drop,137/02 -> 137/02-03,11.25,m,,
Homepass (Titik Rumah),137/02-04,1,pcs,-7.2453176041073295,112.7544791255294
Kabel Drop,137/02 -> 137/02-04,27.08,m,,
Homepass (Titik Rumah),137/02-05,1,pcs,-7.24546385,112.75447399999997
Kabel Drop,137/02 -> 137/02-05,7.97,m,,
Homepass (Titik Rumah),137/02-06,1,pcs,-7.245385150000002,112.75440370000003
Kabel Drop,137/02 -> 137/02-06,21.65,m,,
Homepass (Titik Rumah),137/02-07,1,pcs,-7.245264819100868,112.75446657080361
Kabel Drop,137/02 -> 137/02-07,34.25,m,,
Homepass (Titik Rumah),137/02-08,1,pcs,-7.245237412630522,112.75452953003841
Kabel Drop,137/02 -> 137/02-08,37.98,m,,
ODP,137/03,1,pcs,-7.244958075040635,112.75445087279485
Kabel Distribusi,ODC 137 -> 137/03,55.98,m,,
Homepass (Titik Rumah),137/03-01,1,pcs,-7.244892550000001,112.75440599999999
Kabel Drop,137/03 -> 137/03-01,10.57,m,,
Homepass (Titik Rumah),137/03-02,1,pcs,-7.244837816581475,112.75446298071272
Kabel Drop,137/03 -> 137/03-02,16.13,m,,
Homepass (Titik Rumah),137/03-03,1,pcs,-7.244781816595499,112.75435761474132
Kabel Drop,137/03 -> 137/03-03,26.56,m,,
Homepass (Titik Rumah),137/03-04,1,pcs,-7.2447882,112.75448705000002
Kabel Drop,137/03 -> 137/03-04,23.17,m,,
Homepass (Titik Rumah),137/03-05,1,pcs,-7.245016450000001,112.75445260000001
Kabel Drop,137/03 -> 137/03-05,7.79,m,,
Homepass (Titik Rumah),137/03-06,1,pcs,-7.244727050000001,112.75438044999999
Kabel Drop,137/03 -> 137/03-06,32.21,m,,
Homepass (Titik Rumah),137/03-07,1,pcs,-7.244864299999997,112.75459159999998
Kabel Drop,137/03 -> 137/03-07,22.44,m,,
Homepass (Titik Rumah),137/03-08,1,pcs,-7.24475815,112.75423310000001
Kabel Drop,137/03 -> 137/03-08,39.28,m,,
ODP,137/04,1,pcs,-7.245524056039966,112.7543575521179
Kabel Distribusi,ODC 137 -> 137/04,46.63,m,,
Homepass (Titik Rumah),137/04-01,1,pcs,-7.24532027569372,112.75437803691649
Kabel Drop,137/04 -> 137/04-01,27.33,m,,
Homepass (Titik Rumah),137/04-02,1,pcs,-7.2453272500000026,112.75431225
Kabel Drop,137/04 -> 137/04-02,26.94,m,,
Homepass (Titik Rumah),137/04-03,1,pcs,-7.245237750000001,112.75434980000001
Kabel Drop,137/04 -> 137/04-03,38.22,m,,
Homepass (Titik Rumah),137/04-04,1,pcs,-7.245211149999999,112.75443935
Kabel Drop,137/04 -> 137/04-04,43.13,m,,
Homepass (Titik Rumah),137/04-05,1,pcs,-7.245320199999998,112.7542486
Kabel Drop,137/04 -> 137/04-05,30.79,m,,
Homepass (Titik Rumah),137/04-06,1,pcs,-7.245447876674008,112.75432217544822
Kabel Drop,137/04 -> 137/04-06,11.19,m,,
Homepass (Titik Rumah),137/04-07,1,pcs,-7.245458993640454,112.75436472839597
Kabel Drop,137/04 -> 137/04-07,8.73,m,,
Homepass (Titik Rumah),137/04-08,1,pcs,-7.245459674663741,112.75440319521043
Kabel Drop,137/04 -> 137/04-08,10.5,m,,
ODC,ODC 138,1,pcs,-7.2450286,112.7548498
Join Closure,JOIN CLOSURE ODC 138,1,pcs,-7.2450286,112.7548498
ODP,138/01,1,pcs,-7.245063567016833,112.75486365305312
Kabel Distribusi,ODC 138 -> 138/01,5.01,m,,
Homepass (Titik Rumah),138/01-01,1,pcs,-7.245076253123804,112.75493101435251
Kabel Drop,138/01 -> 138/01-01,9.08,m,,
Homepass (Titik Rumah),138/01-02,1,pcs,-7.2450398499999995,112.75491214999998
Kabel Drop,138/01 -> 138/01-02,7.16,m,,
Homepass (Titik Rumah),138/01-03,1,pcs,-7.244983415258892,112.75488986782655
Kabel Drop,138/01 -> 138/01-03,11.24,m,,
Homepass (Titik Rumah),138/01-04,1,pcs,-7.245132679713846,112.75484000244704
Kabel Drop,138/01 -> 138/01-04,9.74,m,,
Homepass (Titik Rumah),138/01-05,1,pcs,-7.245164823929484,112.7548505904359
Kabel Drop,138/01 -> 138/01-05,13.62,m,,
Homepass (Titik Rumah),138/01-06,1,pcs,-7.245095697509997,112.75480426926008
Kabel Drop,138/01 -> 138/01-06,8.95,m,,
Homepass (Titik Rumah),138/01-07,1,pcs,-7.24494205107176,112.75498403274305
Kabel Drop,138/01 -> 138/01-07,22.73,m,,
Homepass (Titik Rumah),138/01-08,1,pcs,-7.245040049999999,112.75478240000001
Kabel Drop,138/01 -> 138/01-08,11.2,m,,
ODP,138/02,1,pcs,-7.245166601916632,112.75465990142658
Kabel Distribusi,ODC 138 -> 138/02,31.16,m,,
Homepass (Titik Rumah),138/02-01,1,pcs,-7.2451170000000005,112.75473410000001
Kabel Drop,138/02 -> 138/02-01,11.84,m,,
Homepass (Titik Rumah),138/02-02,1,pcs,-7.245069829452899,112.75468869203642
Kabel Drop,138/02 -> 138/02-02,13.46,m,,
Homepass (Titik Rumah),138/02-03,1,pcs,-7.245182645326322,112.75474407257903
Kabel Drop,138/02 -> 138/02-03,11.35,m,,
Homepass (Titik Rumah),138/02-04,1,pcs,-7.245250924821442,112.75474377762585
Kabel Drop,138/02 -> 138/02-04,15.81,m,,
Homepass (Titik Rumah),138/02-05,1,pcs,-7.245098999711546,112.75458898360297
Kabel Drop,138/02 -> 138/02-05,13.02,m,,
Homepass (Titik Rumah),138/02-06,1,pcs,-7.245234650000002,112.75482299999999
Kabel Drop,138/02 -> 138/02-06,23.42,m,,
Homepass (Titik Rumah),138/02-07,1,pcs,-7.2451613,112.75456795000001
Kabel Drop,138/02 -> 138/02-07,12.19,m,,
Homepass (Titik Rumah),138/02-08,1,pcs,-7.245206548760671,112.75458336787435
Kabel Drop,138/02 -> 138/02-08,11.45,m,,
ODP,138/03,1,pcs,-7.244956054471397,112.7550715529752
Kabel Distribusi,ODC 138 -> 138/03,30.91,m,,
Homepass (Titik Rumah),138/03-01,1,pcs,-7.245238249999999,112.75489575000002
Kabel Drop,138/03 -> 138/03-01,44.26,m,,
Homepass (Titik Rumah),138/03-02,1,pcs,-7.244865300000001,112.75485660000001
Kabel Drop,138/03 -> 138/03-02,30.92,m,,
Homepass (Titik Rumah),138/03-03,1,pcs,-7.24484145,112.7549031
Kabel Drop,138/03 -> 138/03-03,27.04,m,,
Homepass (Titik Rumah),138/03-04,1,pcs,-7.244937879404672,112.7551923745292
Kabel Drop,138/03 -> 138/03-04,16.18,m,,
Homepass (Titik Rumah),138/03-05,1,pcs,-7.245627650000002,112.7547141
Kabel Drop,138/03 -> 138/03-05,101.34,m,,
Homepass (Titik Rumah),138/03-06,1,pcs,-7.2448694,112.75511660000001
Kabel Drop,138/03 -> 138/03-06,13.01,m,,
Homepass (Titik Rumah),138/03-07,1,pcs,-7.244892435265334,112.75515849654246
Kabel Drop,138/03 -> 138/03-07,14.3,m,,
Homepass (Titik Rumah),138/03-08,1,pcs,-7.244946950790792,112.75522337960537
Kabel Drop,138/03 -> 138/03-08,20.13,m,,
ODP,138/04,1,pcs,-7.244890122531688,112.75466318404625
Kabel Distribusi,ODC 138 -> 138/04,30.85,m,,
Homepass (Titik Rumah),138/04-01,1,pcs,-7.244680700000001,112.75447825000002
Kabel Drop,138/04 -> 138/04-01,37.15,m,,
Homepass (Titik Rumah),138/04-02,1,pcs,-7.24460845,112.75453515
Kabel Drop,138/04 -> 138/04-02,41.23,m,,
Homepass (Titik Rumah),138/04-03,1,pcs,-7.2445797,112.75442995
Kabel Drop,138/04 -> 138/04-03,51.66,m,,
Homepass (Titik Rumah),138/04-04,1,pcs,-7.244618268932067,112.75458694844652
Kabel Drop,138/04 -> 138/04-04,37.65,m,,
Homepass (Titik Rumah),138/04-05,1,pcs,-7.244536059795204,112.75444935908935
Kabel Drop,138/04 -> 138/04-05,55.07,m,,
Homepass (Titik Rumah),138/04-06,1,pcs,-7.2446173,112.7546328
Kabel Drop,138/04 -> 138/04-06,36.63,m,,
Homepass (Titik Rumah),138/04-07,1,pcs,-7.244739394889087,112.7546496800992
Kabel Drop,138/04 -> 138/04-07,20.19,m,,
Homepass (Titik Rumah),138/04-08,1,pcs,-7.24449234984749,112.75445968311439
Kabel Drop,138/04 -> 138/04-08,59.52,m,,
ODC,ODC 139,1,pcs,-7.245497,112.75503391295648
Join Closure,JOIN CLOSURE ODC 139,1,pcs,-7.245497,112.75503391295648
ODP,139/01,1,pcs,-7.245498498709697,112.75499916215387
Kabel Distribusi,ODC 139 -> 139/01,4.6,m,,
Homepass (Titik Rumah),139/01-01,1,pcs,-7.24544205835308,112.75498902065421
Kabel Drop,139/01 -> 139/01-01,7.65,m,,
Homepass (Titik Rumah),139/01-02,1,pcs,-7.2453789215460995,112.75499839220844
Kabel Drop,139/01 -> 139/01-02,15.96,m,,
Homepass (Titik Rumah),139/01-03,1,pcs,-7.2453618,112.75492715
Kabel Drop,139/01 -> 139/01-03,20.58,m,,
Homepass (Titik Rumah),139/01-04,1,pcs,-7.245462969271907,112.75510584423505
Kabel Drop,139/01 -> 139/01-04,14.9,m,,
Homepass (Titik Rumah),139/01-05,1,pcs,-7.2453033385899674,112.75502352585274
Kabel Drop,139/01 -> 139/01-05,26.24,m,,
Homepass (Titik Rumah),139/01-06,1,pcs,-7.245376940683797,112.75485872904818
Kabel Drop,139/01 -> 139/01-06,24.67,m,,
Homepass (Titik Rumah),139/01-07,1,pcs,-7.245282737058694,112.75496517938919
Kabel Drop,139/01 -> 139/01-07,29.14,m,,
Homepass (Titik Rumah),139/01-08,1,pcs,-7.245571618329483,112.75508529482073
Kabel Drop,139/01 -> 139/01-08,15.01,m,,
ODP,139/02,1,pcs,-7.245316154011376,112.75512765365181
Kabel Distribusi,ODC 139 -> 139/02,27.13,m,,
Homepass (Titik Rumah),139/02-01,1,pcs,-7.245340454453395,112.75511802923829
Kabel Drop,139/02 -> 139/02-01,3.48,m,,
Homepass (Titik Rumah),139/02-02,1,pcs,-7.245406650000001,112.7551933
Kabel Drop,139/02 -> 139/02-02,14.88,m,,
Homepass (Titik Rumah),139/02-03,1,pcs,-7.245265811131826,112.75518540733486
Kabel Drop,139/02 -> 139/02-03,10.18,m,,
Homepass (Titik Rumah),139/02-04,1,pcs,-7.245224417726335,112.75509061237805
Kabel Drop,139/02 -> 139/02-04,13.19,m,,
Homepass (Titik Rumah),139/02-05,1,pcs,-7.245271799999998,112.75523155
Kabel Drop,139/02 -> 139/02-05,14.97,m,,
Homepass (Titik Rumah),139/02-06,1,pcs,-7.245205233510759,112.75504464895552
Kabel Drop,139/02 -> 139/02-06,18.43,m,,
Homepass (Titik Rumah),139/02-07,1,pcs,-7.245179957963928,112.75518641480821
Kabel Drop,139/02 -> 139/02-07,19.77,m,,
Homepass (Titik Rumah),139/02-08,1,pcs,-7.245190223311641,112.75527523330268
Kabel Drop,139/02 -> 139/02-08,25.77,m,,
ODP,139/03,1,pcs,-7.245389845390856,112.75533820491766
Kabel Distribusi,ODC 139 -> 139/03,42.74,m,,
Homepass (Titik Rumah),139/03-01,1,pcs,-7.245475347691966,112.7553689824156
Kabel Drop,139/03 -> 139/03-01,12.11,m,,
Homepass (Titik Rumah),139/03-02,1,pcs,-7.2454401,112.7553975
Kabel Drop,139/03 -> 139/03-02,10.32,m,,
Homepass (Titik Rumah),139/03-03,1,pcs,-7.24539255,112.7554077
Kabel Drop,139/03 -> 139/03-03,9.21,m,,
Homepass (Titik Rumah),139/03-04,1,pcs,-7.245409251384555,112.7554813674017
Kabel Drop,139/03 -> 139/03-04,19.13,m,,
Homepass (Titik Rumah),139/03-05,1,pcs,-7.245500249999999,112.75551804999999
Kabel Drop,139/03 -> 139/03-05,28.0,m,,
Homepass (Titik Rumah),139/03-06,1,pcs,-7.2455326847438135,112.75521734784436
Kabel Drop,139/03 -> 139/03-06,24.88,m,,
Homepass (Titik Rumah),139/03-07,1,pcs,-7.2454443500000005,112.7555469
Kabel Drop,139/03 -> 139/03-07,28.57,m,,
Homepass (Titik Rumah),139/03-08,1,pcs,-7.245364399369782,112.75551696627453
Kabel Drop,139/03 -> 139/03-08,23.9,m,,
ODP,139/04,1,pcs,-7.2453579882635255,112.75467063110256
Kabel Distribusi,ODC 139 -> 139/04,51.54,m,,
Homepass (Titik Rumah),139/04-01,1,pcs,-7.245298099999999,112.75472605
Kabel Drop,139/04 -> 139/04-01,10.85,m,,
Homepass (Titik Rumah),139/04-02,1,pcs,-7.245299850000001,112.7547948
Kabel Drop,139/04 -> 139/04-02,18.17,m,,
Homepass (Titik Rumah),139/04-03,1,pcs,-7.245377703978227,112.75473307518475
Kabel Drop,139/04 -> 139/04-03,8.67,m,,
Homepass (Titik Rumah),139/04-04,1,pcs,-7.245381394229647,112.75480577523882
Kabel Drop,139/04 -> 139/04-04,18.16,m,,
Homepass (Titik Rumah),139/04-05,1,pcs,-7.245288122693163,112.75459867861935
Kabel Drop,139/04 -> 139/04-05,13.33,m,,
Homepass (Titik Rumah),139/04-06,1,pcs,-7.245333726442902,112.75460208524231
Kabel Drop,139/04 -> 139/04-06,9.63,m,,
Homepass (Titik Rumah),139/04-07,1,pcs,-7.2454441114578225,112.75471757449901
Kabel Drop,139/04 -> 139/04-07,13.06,m,,
Homepass (Titik Rumah),139/04-08,1,pcs,-7.245426399999996,112.75464559999999
Kabel Drop,139/04 -> 139/04-08,9.71,m,,
ODC,ODC 140,1,pcs,-7.245820615070588,112.7548566457914
Join Closure,JOIN CLOSURE ODC 140,1,pcs,-7.245820615070588,112.7548566457914
ODP,140/01,1,pcs,-7.245822251978349,112.75486161947268
Kabel Distribusi,ODC 140 -> 140/01,0.69,m,,
Homepass (Titik Rumah),140/01-01,1,pcs,-7.245871553067774,112.75486048601992
Kabel Drop,140/01 -> 140/01-01,6.58,m,,
Homepass (Titik Rumah),140/01-02,1,pcs,-7.24581295,112.75494829999998
Kabel Drop,140/01 -> 140/01-02,11.54,m,,
Homepass (Titik Rumah),140/01-03,1,pcs,-7.2457393,112.75491545
Kabel Drop,140/01 -> 140/01-03,13.16,m,,
Homepass (Titik Rumah),140/01-04,1,pcs,-7.24570726301522,112.75487182138008
Kabel Drop,140/01 -> 140/01-04,15.4,m,,
Homepass (Titik Rumah),140/01-05,1,pcs,-7.245745925891404,112.7549771148062
Kabel Drop,140/01 -> 140/01-05,18.37,m,,
Homepass (Titik Rumah),140/01-06,1,pcs,-7.24572363671864,112.75477051274551
Kabel Drop,140/01 -> 140/01-06,17.85,m,,
Homepass (Titik Rumah),140/01-07,1,pcs,-7.245753349999999,112.75472055
Kabel Drop,140/01 -> 140/01-07,20.81,m,,
Homepass (Titik Rumah),140/01-08,1,pcs,-7.245685016848243,112.75500611991106
Kabel Drop,140/01 -> 140/01-08,26.48,m,,
ODP,140/02,1,pcs,-7.245813632729414,112.75467761055512
Kabel Distribusi,ODC 140 -> 140/02,23.72,m,,
Homepass (Titik Rumah),140/02-01,1,pcs,-7.246016199999999,112.75466145000001
Kabel Drop,140/02 -> 140/02-01,27.11,m,,
Homepass (Titik Rumah),140/02-02,1,pcs,-7.245926369943135,112.75466329761711
Kabel Drop,140/02 -> 140/02-02,15.16,m,,
Homepass (Titik Rumah),140/02-03,1,pcs,-7.246030699999999,112.75477285000001
Kabel Drop,140/02 -> 140/02-03,31.59,m,,
Homepass (Titik Rumah),140/02-04,1,pcs,-7.245916718834067,112.75472699824606
Kabel Drop,140/02 -> 140/02-04,15.23,m,,
Homepass (Titik Rumah),140/02-05,1,pcs,-7.245968699999999,112.75480135
Kabel Drop,140/02 -> 140/02-05,26.39,m,,
Homepass (Titik Rumah),140/02-06,1,pcs,-7.2459066000000005,112.75449760000001
Kabel Drop,140/02 -> 140/02-06,26.86,m,,
Homepass (Titik Rumah),140/02-07,1,pcs,-7.2459178,112.75483320000001
Kabel Drop,140/02 -> 140/02-07,24.85,m,,
Homepass (Titik Rumah),140/02-08,1,pcs,-7.245964182674804,112.7544290353661
Kabel Drop,140/02 -> 140/02-08,38.55,m,,
ODP,140/03,1,pcs,-7.245735640158198,112.75513503664999
Kabel Distribusi,ODC 140 -> 140/03,38.56,m,,
Homepass (Titik Rumah),140/03-01,1,pcs,-7.24586123247844,112.75516833536287
Kabel Drop,140/03 -> 140/03-01,17.33,m,,
Homepass (Titik Rumah),140/03-02,1,pcs,-7.2458405500000005,112.75512855000001
Kabel Drop,140/03 -> 140/03-02,14.02,m,,
Homepass (Titik Rumah),140/03-03,1,pcs,-7.24580421710864,112.75522229904857
Kabel Drop,140/03 -> 140/03-03,14.74,m,,
Homepass (Titik Rumah),140/03-04,1,pcs,-7.245779499999999,112.75517895
Kabel Drop,140/03 -> 140/03-04,8.25,m,,
Homepass (Titik Rumah),140/03-05,1,pcs,-7.245846000000001,112.7552969
Kabel Drop,140/03 -> 140/03-05,26.0,m,,
Homepass (Titik Rumah),140/03-06,1,pcs,-7.245745681774984,112.75525755408484
Kabel Drop,140/03 -> 140/03-06,16.27,m,,
Homepass (Titik Rumah),140/03-07,1,pcs,-7.24576675,112.75531149999999
Kabel Drop,140/03 -> 140/03-07,23.72,m,,
Homepass (Titik Rumah),140/03-08,1,pcs,-7.2456691178114045,112.7552445430069
Kabel Drop,140/03 -> 140/03-08,17.0,m,,
ODP,140/04,1,pcs,-7.24550411582524,112.75488620647982
Kabel Distribusi,ODC 140 -> 140/04,42.41,m,,
Homepass (Titik Rumah),140/04-01,1,pcs,-7.2455930781640525,112.7548863769994
Kabel Drop,140/04 -> 140/04-01,11.87,m,,
Homepass (Titik Rumah),140/04-02,1,pcs,-7.245594300000001,112.75480054999998
Kabel Drop,140/04 -> 140/04-02,16.53,m,,
Homepass (Titik Rumah),140/04-03,1,pcs,-7.245603877028176,112.75475797114599
Kabel Drop,140/04 -> 140/04-03,21.57,m,,
Homepass (Titik Rumah),140/04-04,1,pcs,-7.245584418107896,112.75502214372578
Kabel Drop,140/04 -> 140/04-04,20.94,m,,
Homepass (Titik Rumah),140/04-05,1,pcs,-7.24544905,112.75486215000001
Kabel Drop,140/04 -> 140/04-05,8.01,m,,
Homepass (Titik Rumah),140/04-06,1,pcs,-7.245638966797387,112.75502648857517
Kabel Drop,140/04 -> 140/04-06,25.86,m,,
Homepass (Titik Rumah),140/04-07,1,pcs,-7.245537200000001,112.75504540000003
Kabel Drop,140/04 -> 140/04-07,21.53,m,,
Homepass (Titik Rumah),140/04-08,1,pcs,-7.245564500000001,112.75471505
Kabel Drop,140/04 -> 140/04-08,24.05,m,,
ODC,ODC 141,1,pcs,-7.246357301249882,112.75476978587409
Join Closure,JOIN CLOSURE ODC 141,1,pcs,-7.246357301249882,112.75476978587409
ODP,141/01,1,pcs,-7.246510887988118,112.75467954751744
Kabel Distribusi,ODC 141 -> 141/01,23.72,m,,
Homepass (Titik Rumah),141/01-01,1,pcs,-7.246639650831527,112.75468801715934
Kabel Drop,141/01 -> 141/01-01,17.22,m,,
Homepass (Titik Rumah),141/01-02,1,pcs,-7.246590778504399,112.75471823810713
Kabel Drop,141/01 -> 141/01-02,11.83,m,,
Homepass (Titik Rumah),141/01-03,1,pcs,-7.246535472813543,112.7547510846603
Kabel Drop,141/01 -> 141/01-03,10.02,m,,
Homepass (Titik Rumah),141/01-04,1,pcs,-7.246557350000001,112.7547893
Kabel Drop,141/01 -> 141/01-04,15.8,m,,
Homepass (Titik Rumah),141/01-05,1,pcs,-7.246487755125806,112.75478071742134
Kabel Drop,141/01 -> 141/01-05,13.74,m,,
Homepass (Titik Rumah),141/01-06,1,pcs,-7.246508921940984,112.7548177135995
Kabel Drop,141/01 -> 141/01-06,18.29,m,,
Homepass (Titik Rumah),141/01-07,1,pcs,-7.246592965660601,112.75486670369628
Kabel Drop,141/01 -> 141/01-07,27.09,m,,
Homepass (Titik Rumah),141/01-08,1,pcs,-7.2466762,112.75487899999999
Kabel Drop,141/01 -> 141/01-08,34.4,m,,
ODP,141/02,1,pcs,-7.246191896973678,112.7545827782453
Kabel Distribusi,ODC 141 -> 141/02,33.16,m,,
Homepass (Titik Rumah),141/02-01,1,pcs,-7.246280118258532,112.75457729932857
Kabel Drop,141/02 -> 141/02-01,11.79,m,,
Homepass (Titik Rumah),141/02-02,1,pcs,-7.2462941500000015,112.75462360000002
Kabel Drop,141/02 -> 141/02-02,14.68,m,,
Homepass (Titik Rumah),141/02-03,1,pcs,-7.246133778586812,112.75458236784034
Kabel Drop,141/02 -> 141/02-03,7.76,m,,
Homepass (Titik Rumah),141/02-04,1,pcs,-7.246137984161667,112.75464647865458
Kabel Drop,141/02 -> 141/02-04,11.08,m,,
Homepass (Titik Rumah),141/02-05,1,pcs,-7.246104427022288,112.75451190559609
Kabel Drop,141/02 -> 141/02-05,14.97,m,,
Homepass (Titik Rumah),141/02-06,1,pcs,-7.246125000000001,112.75471519999999
Kabel Drop,141/02 -> 141/02-06,19.67,m,,
Homepass (Titik Rumah),141/02-07,1,pcs,-7.2460683,112.75460754999999
Kabel Drop,141/02 -> 141/02-07,16.81,m,,
Homepass (Titik Rumah),141/02-08,1,pcs,-7.246095890825166,112.75441222692226
Kabel Drop,141/02 -> 141/02-08,25.96,m,,
ODP,141/03,1,pcs,-7.246205300608652,112.75485909233527
Kabel Distribusi,ODC 141 -> 141/03,23.48,m,,
Homepass (Titik Rumah),141/03-01,1,pcs,-7.246383340594286,112.7549977776288
Kabel Drop,141/03 -> 141/03-01,30.02,m,,
Homepass (Titik Rumah),141/03-02,1,pcs,-7.246309563286711,112.7550042262544
Kabel Drop,141/03 -> 141/03-02,23.72,m,,
Homepass (Titik Rumah),141/03-03,1,pcs,-7.2463358499999995,112.75487559999999
Kabel Drop,141/03 -> 141/03-03,17.56,m,,
Homepass (Titik Rumah),141/03-04,1,pcs,-7.246276484267012,112.75509296525011
Kabel Drop,141/03 -> 141/03-04,32.38,m,,
Homepass (Titik Rumah),141/03-05,1,pcs,-7.246218781364234,112.75496215824771
Kabel Drop,141/03 -> 141/03-05,13.76,m,,
Homepass (Titik Rumah),141/03-06,1,pcs,-7.246177166225753,112.75497502405777
Kabel Drop,141/03 -> 141/03-06,15.8,m,,
Homepass (Titik Rumah),141/03-07,1,pcs,-7.246540800000001,112.75520030000001
Kabel Drop,141/03 -> 141/03-07,63.59,m,,
Homepass (Titik Rumah),141/03-08,1,pcs,-7.246122796541212,112.75499418204228
Kabel Drop,141/03 -> 141/03-08,21.0,m,,
ODP,141/04,1,pcs,-7.246575971195749,112.75505108374668
Kabel Distribusi,ODC 141 -> 141/04,47.31,m,,
Homepass (Titik Rumah),141/04-01,1,pcs,-7.24656525,112.75491505
Kabel Drop,141/04 -> 141/04-01,18.06,m,,
Homepass (Titik Rumah),141/04-02,1,pcs,-7.246524250000001,112.75490650000002
Kabel Drop,141/04 -> 141/04-02,20.34,m,,
Homepass (Titik Rumah),141/04-03,1,pcs,-7.24648814847254,112.75494086524502
Kabel Drop,141/04 -> 141/04-03,18.71,m,,
Homepass (Titik Rumah),141/04-04,1,pcs,-7.246452133164564,112.7550001121092
Kabel Drop,141/04 -> 141/04-04,17.85,m,,
Homepass (Titik Rumah),141/04-05,1,pcs,-7.246418549999999,112.75493235
Kabel Drop,141/04 -> 141/04-05,26.23,m,,
Homepass (Titik Rumah),141/04-06,1,pcs,-7.24644225,112.7548327
Kabel Drop,141/04 -> 141/04-06,33.97,m,,
Homepass (Titik Rumah),141/04-07,1,pcs,-7.2463888500000015,112.75485645
Kabel Drop,141/04 -> 141/04-07,35.88,m,,
Homepass (Titik Rumah),141/04-08,1,pcs,-7.246720499999999,112.7550263
Kabel Drop,141/04 -> 141/04-08,19.56,m,,
ODC,ODC 142,1,pcs,-7.246680645670497,112.75457926338323
Join Closure,JOIN CLOSURE ODC 142,1,pcs,-7.246680645670497,112.75457926338323
ODP,142/01,1,pcs,-7.246763563735303,112.75443365371655
Kabel Distribusi,ODC 142 -> 142/01,22.22,m,,
Homepass (Titik Rumah),142/01-01,1,pcs,-7.2466875823787475,112.7544201346747
Kabel Drop,142/01 -> 142/01-01,10.3,m,,
Homepass (Titik Rumah),142/01-02,1,pcs,-7.246678379595249,112.75432961137246
Kabel Drop,142/01 -> 142/01-02,17.86,m,,
Homepass (Titik Rumah),142/01-03,1,pcs,-7.2466124732083745,112.75432583240898
Kabel Drop,142/01 -> 142/01-03,24.7,m,,
Homepass (Titik Rumah),142/01-04,1,pcs,-7.246766599999999,112.75430805
Kabel Drop,142/01 -> 142/01-04,16.63,m,,
Homepass (Titik Rumah),142/01-05,1,pcs,-7.246623724088317,112.75421916288775
Kabel Drop,142/01 -> 142/01-05,33.97,m,,
Homepass (Titik Rumah),142/01-06,1,pcs,-7.246694893532396,112.7542078756607
Kabel Drop,142/01 -> 142/01-06,31.26,m,,
Homepass (Titik Rumah),142/01-07,1,pcs,-7.2465418,112.75421090000002
Kabel Drop,142/01 -> 142/01-07,41.77,m,,
Homepass (Titik Rumah),142/01-08,1,pcs,-7.246750524135641,112.75416588670305
Kabel Drop,142/01 -> 142/01-08,35.49,m,,
ODP,142/02,1,pcs,-7.246493526567612,112.75444401586196
Kabel Distribusi,ODC 142 -> 142/02,30.72,m,,
Homepass (Titik Rumah),142/02-01,1,pcs,-7.246417314732344,112.7544057220963
Kabel Drop,142/02 -> 142/02-01,11.36,m,,
Homepass (Titik Rumah),142/02-02,1,pcs,-7.24639361392327,112.75449756905795
Kabel Drop,142/02 -> 142/02-02,15.1,m,,
Homepass (Titik Rumah),142/02-03,1,pcs,-7.246318700000001,112.75446855
Kabel Drop,142/02 -> 142/02-03,23.55,m,,
Homepass (Titik Rumah),142/02-04,1,pcs,-7.246543872427389,112.75440487388589
Kabel Drop,142/02 -> 142/02-04,8.48,m,,
Homepass (Titik Rumah),142/02-05,1,pcs,-7.246543765367798,112.7543312734759
Kabel Drop,142/02 -> 142/02-05,16.36,m,,
Homepass (Titik Rumah),142/02-06,1,pcs,-7.246402,112.75455815000001
Kabel Drop,142/02 -> 142/02-06,19.43,m,,
Homepass (Titik Rumah),142/02-07,1,pcs,-7.246562650000002,112.75447725
Kabel Drop,142/02 -> 142/02-07,10.22,m,,
Homepass (Titik Rumah),142/02-08,1,pcs,-7.246242,112.75446710000001
Kabel Drop,142/02 -> 142/02-08,33.7,m,,
ODP,142/03,1,pcs,-7.2467347769340265,112.75472297622738
Kabel Distribusi,ODC 142 -> 142/03,20.35,m,,
Homepass (Titik Rumah),142/03-01,1,pcs,-7.246815699999999,112.75474855
Kabel Drop,142/03 -> 142/03-01,11.32,m,,
Homepass (Titik Rumah),142/03-02,1,pcs,-7.246777699999999,112.75479460000004
Kabel Drop,142/03 -> 142/03-02,11.08,m,,
Homepass (Titik Rumah),142/03-03,1,pcs,-7.246728900000001,112.75483335000001
Kabel Drop,142/03 -> 142/03-03,14.63,m,,
Homepass (Titik Rumah),142/03-04,1,pcs,-7.246781799999999,112.75462850000001
Kabel Drop,142/03 -> 142/03-04,13.99,m,,
Homepass (Titik Rumah),142/03-05,1,pcs,-7.246751844096146,112.75464121056565
Kabel Drop,142/03 -> 142/03-05,11.06,m,,
Homepass (Titik Rumah),142/03-06,1,pcs,-7.246718599999999,112.75465494999999
Kabel Drop,142/03 -> 142/03-06,9.26,m,,
Homepass (Titik Rumah),142/03-07,1,pcs,-7.2466854,112.75467024999999
Kabel Drop,142/03 -> 142/03-07,9.6,m,,
Homepass (Titik Rumah),142/03-08,1,pcs,-7.246637699682209,112.75480073311968
Kabel Drop,142/03 -> 142/03-08,16.54,m,,
ODP,142/04,1,pcs,-7.246751523553077,112.75475086536814
Kabel Distribusi,ODC 142 -> 142/04,24.6,m,,
Homepass (Titik Rumah),142/04-01,1,pcs,-7.246961051347915,112.75462816733415
Kabel Drop,142/04 -> 142/04-01,32.33,m,,
Homepass (Titik Rumah),142/04-02,1,pcs,-7.246992665416334,112.75466840171045
Kabel Drop,142/04 -> 142/04-02,33.98,m,,
Homepass (Titik Rumah),142/04-03,1,pcs,-7.2468862,112.75466605000001
Kabel Drop,142/04 -> 142/04-03,21.19,m,,
Homepass (Titik Rumah),142/04-04,1,pcs,-7.246876904749171,112.75458223790602
Kabel Drop,142/04 -> 142/04-04,27.89,m,,
Homepass (Titik Rumah),142/04-05,1,pcs,-7.246914167822273,112.75472069485369
Kabel Drop,142/04 -> 142/04-05,22.07,m,,
Homepass (Titik Rumah),142/04-06,1,pcs,-7.246822050000001,112.7546154
Kabel Drop,142/04 -> 142/04-06,20.25,m,,
Homepass (Titik Rumah),142/04-07,1,pcs,-7.2468307,112.75468714999998
Kabel Drop,142/04 -> 142/04-07,13.52,m,,
Homepass (Titik Rumah),142/04-08,1,pcs,-7.246871896845755,112.75475221397113
Kabel Drop,142/04 -> 142/04-08,16.06,m,,
ODC,ODC 143,1,pcs,-7.246875354214653,112.75424699459055
Join Closure,JOIN CLOSURE ODC 143,1,pcs,-7.246875354214653,112.75424699459055
ODP,143/01,1,pcs,-7.247127488243492,112.75430942632447
Kabel Distribusi,ODC 143 -> 143/01,34.64,m,,
Homepass (Titik Rumah),143/01-01,1,pcs,-7.24730135,112.75435094999999
Kabel Drop,143/01 -> 143/01-01,23.84,m,,
Homepass (Titik Rumah),143/01-02,1,pcs,-7.247258249999999,112.7543658
Kabel Drop,143/01 -> 143/01-02,18.98,m,,
Homepass (Titik Rumah),143/01-03,1,pcs,-7.247176300000001,112.75439810000002
Kabel Drop,143/01 -> 143/01-03,13.42,m,,
Homepass (Titik Rumah),143/01-04,1,pcs,-7.247294251251771,112.75450463457837
Kabel Drop,143/01 -> 143/01-04,34.1,m,,
Homepass (Titik Rumah),143/01-05,1,pcs,-7.247247881901361,112.75452711011029
Kabel Drop,143/01 -> 143/01-05,32.99,m,,
Homepass (Titik Rumah),143/01-06,1,pcs,-7.24711875,112.75442785
Kabel Drop,143/01 -> 143/01-06,15.72,m,,
Homepass (Titik Rumah),143/01-07,1,pcs,-7.24714655,112.75447740000001
Kabel Drop,143/01 -> 143/01-07,22.38,m,,
Homepass (Titik Rumah),143/01-08,1,pcs,-7.247170480443165,112.75457265743815
Kabel Drop,143/01 -> 143/01-08,35.31,m,,
ODP,143/02,1,pcs,-7.246934689353448,112.7544258527542
Kabel Distribusi,ODC 143 -> 143/02,24.96,m,,
Homepass (Titik Rumah),143/02-01,1,pcs,-7.247058304288101,112.75448236801334
Kabel Drop,143/02 -> 143/02-01,18.11,m,,
Homepass (Titik Rumah),143/02-02,1,pcs,-7.2469966,112.75453475
Kabel Drop,143/02 -> 143/02-02,16.61,m,,
Homepass (Titik Rumah),143/02-03,1,pcs,-7.2471021850677655,112.75456591830803
Kabel Drop,143/02 -> 143/02-03,29.04,m,,
Homepass (Titik Rumah),143/02-04,1,pcs,-7.2470246,112.75458959999999
Kabel Drop,143/02 -> 143/02-04,24.77,m,,
Homepass (Titik Rumah),143/02-05,1,pcs,-7.246949716709793,112.75454898829823
Kabel Drop,143/02 -> 143/02-05,16.42,m,,
Homepass (Titik Rumah),143/02-06,1,pcs,-7.247086112753625,112.75462578086957
Kabel Drop,143/02 -> 143/02-06,33.3,m,,
Homepass (Titik Rumah),143/02-07,1,pcs,-7.246914498147952,112.75456511526457
Kabel Drop,143/02 -> 143/02-07,18.63,m,,
Homepass (Titik Rumah),143/02-08,1,pcs,-7.247042550000001,112.7546486
Kabel Drop,143/02 -> 143/02-08,32.81,m,,
ODP,143/03,1,pcs,-7.246856050310522,112.75414548554318
Kabel Distribusi,ODC 143 -> 143/03,13.68,m,,
Homepass (Titik Rumah),143/03-01,1,pcs,-7.246918750000001,112.75417095
Kabel Drop,143/03 -> 143/03-01,9.02,m,,
Homepass (Titik Rumah),143/03-02,1,pcs,-7.24692525,112.75422429999999
Kabel Drop,143/03 -> 143/03-02,13.93,m,,
Homepass (Titik Rumah),143/03-03,1,pcs,-7.2469914,112.75413119999999
Kabel Drop,143/03 -> 143/03-03,18.16,m,,
Homepass (Titik Rumah),143/03-04,1,pcs,-7.246995449999998,112.75421585
Kabel Drop,143/03 -> 143/03-04,20.8,m,,
Homepass (Titik Rumah),143/03-05,1,pcs,-7.247062522071067,112.75410578819346
Kabel Drop,143/03 -> 143/03-05,28.05,m,,
Homepass (Titik Rumah),143/03-06,1,pcs,-7.2470923067761825,112.75416286928852
Kabel Drop,143/03 -> 143/03-06,31.61,m,,
Homepass (Titik Rumah),143/03-07,1,pcs,-7.247226263870686,112.75404888184305
Kabel Drop,143/03 -> 143/03-07,51.03,m,,
Homepass (Titik Rumah),143/03-08,1,pcs,-7.24652305,112.75393460000002
Kabel Drop,143/03 -> 143/03-08,52.47,m,,
ODP,143/04,1,pcs,-7.246839593277412,112.75405937711233
Kabel Distribusi,ODC 143 -> 143/04,25.29,m,,
Homepass (Titik Rumah),143/04-01,1,pcs,-7.246649374219584,112.75414723679262
Kabel Drop,143/04 -> 143/04-01,27.92,m,,
Homepass (Titik Rumah),143/04-02,1,pcs,-7.24669257912171,112.75414741007073
Kabel Drop,143/04 -> 143/04-02,22.82,m,,
Homepass (Titik Rumah),143/04-03,1,pcs,-7.246611993980557,112.75405747580378
Kabel Drop,143/04 -> 143/04-03,30.37,m,,
Homepass (Titik Rumah),143/04-04,1,pcs,-7.246534,112.75414015000001
Kabel Drop,143/04 -> 143/04-04,42.15,m,,
Homepass (Titik Rumah),143/04-05,1,pcs,-7.246747300000002,112.75404609999998
Kabel Drop,143/04 -> 143/04-05,12.44,m,,
Homepass (Titik Rumah),143/04-06,1,pcs,-7.246522800000001,112.7540529
Kabel Drop,143/04 -> 143/04-06,42.28,m,,
Homepass (Titik Rumah),143/04-07,1,pcs,-7.2466454,112.7539793
Kabel Drop,143/04 -> 143/04-07,28.0,m,,
Homepass (Titik Rumah),143/04-08,1,pcs,-7.246820749999998,112.75418970000001
Kabel Drop,143/04 -> 143/04-08,17.43,m,,
ODC,ODC 144,1,pcs,-7.246491432790505,112.75408856497599
Join Closure,JOIN CLOSURE ODC 144,1,pcs,-7.246491432790505,112.75408856497599
ODP,144/01,1,pcs,-7.246160000332565,112.75392828107293
Kabel Distribusi,ODC 144 -> 144/01,49.05,m,,
Homepass (Titik Rumah),144/01-01,1,pcs,-7.246229334113786,112.7539069260307
Kabel Drop,144/01 -> 144/01-01,9.67,m,,
Homepass (Titik Rumah),144/01-02,1,pcs,-7.246227799999999,112.75395729999998
Kabel Drop,144/01 -> 144/01-02,9.83,m,,
Homepass (Titik Rumah),144/01-03,1,pcs,-7.246230826295014,112.75400415448546
Kabel Drop,144/01 -> 144/01-03,13.79,m,,
Homepass (Titik Rumah),144/01-04,1,pcs,-7.246123900000001,112.75394650000001
Kabel Drop,144/01 -> 144/01-04,5.39,m,,
Homepass (Titik Rumah),144/01-05,1,pcs,-7.246374272507186,112.7539429980297
Kabel Drop,144/01 -> 144/01-05,28.66,m,,
Homepass (Titik Rumah),144/01-06,1,pcs,-7.2460819500000015,112.7538535
Kabel Drop,144/01 -> 144/01-06,14.37,m,,
Homepass (Titik Rumah),144/01-07,1,pcs,-7.246362299999999,112.75399384999999
Kabel Drop,144/01 -> 144/01-07,28.35,m,,
Homepass (Titik Rumah),144/01-08,1,pcs,-7.246095299999999,112.7537993
Kabel Drop,144/01 -> 144/01-08,19.13,m,,
ODP,144/02,1,pcs,-7.246173165792845,112.75419842727722
Kabel Distribusi,ODC 144 -> 144/02,44.89,m,,
Homepass (Titik Rumah),144/02-01,1,pcs,-7.246079429800101,112.75418767716364
Kabel Drop,144/02 -> 144/02-01,12.59,m,,
Homepass (Titik Rumah),144/02-02,1,pcs,-7.246067444103214,112.7542583770499
Kabel Drop,144/02 -> 144/02-02,16.19,m,,
Homepass (Titik Rumah),144/02-03,1,pcs,-7.246078049139202,112.7541005692137
Kabel Drop,144/02 -> 144/02-03,18.13,m,,
Homepass (Titik Rumah),144/02-04,1,pcs,-7.2461353499999985,112.75427165
Kabel Drop,144/02 -> 144/02-04,10.93,m,,
Homepass (Titik Rumah),144/02-05,1,pcs,-7.246197400000001,112.75416730000002
Kabel Drop,144/02 -> 144/02-05,5.24,m,,
Homepass (Titik Rumah),144/02-06,1,pcs,-7.246205645279464,112.75424897679187
Kabel Drop,144/02 -> 144/02-06,7.97,m,,
Homepass (Titik Rumah),144/02-07,1,pcs,-7.246108764585338,112.75433562116108
Kabel Drop,144/02 -> 144/02-07,20.09,m,,
Homepass (Titik Rumah),144/02-08,1,pcs,-7.246111000000002,112.75403685000003
Kabel Drop,144/02 -> 144/02-08,22.94,m,,
ODP,144/03,1,pcs,-7.246175991899679,112.75425641704878
Kabel Distribusi,ODC 144 -> 144/03,47.59,m,,
Homepass (Titik Rumah),144/03-01,1,pcs,-7.246255110323494,112.75420682866644
Kabel Drop,144/03 -> 144/03-01,12.43,m,,
Homepass (Titik Rumah),144/03-02,1,pcs,-7.2462484499999995,112.75431
Kabel Drop,144/03 -> 144/03-02,11.99,m,,
Homepass (Titik Rumah),144/03-03,1,pcs,-7.2462594,112.75410089999998
Kabel Drop,144/03 -> 144/03-03,23.4,m,,
Homepass (Titik Rumah),144/03-04,1,pcs,-7.246378149522168,112.75419822401341
Kabel Drop,144/03 -> 144/03-04,28.05,m,,
Homepass (Titik Rumah),144/03-05,1,pcs,-7.246241752881015,112.75434686497948
Kabel Drop,144/03 -> 144/03-05,14.84,m,,
Homepass (Titik Rumah),144/03-06,1,pcs,-7.246386099999999,112.75414445
Kabel Drop,144/03 -> 144/03-06,31.71,m,,
Homepass (Titik Rumah),144/03-07,1,pcs,-7.246392172186463,112.75430729588103
Kabel Drop,144/03 -> 144/03-07,29.62,m,,
Homepass (Titik Rumah),144/03-08,1,pcs,-7.246239326436886,112.75438840251007
Kabel Drop,144/03 -> 144/03-08,19.41,m,,
ODP,144/04,1,pcs,-7.246811027435029,112.75390991154053
Kabel Distribusi,ODC 144 -> 144/04,48.76,m,,
Homepass (Titik Rumah),144/04-01,1,pcs,-7.246853649340902,112.75377927822872
Kabel Drop,144/04 -> 144/04-01,18.2,m,,
Homepass (Titik Rumah),144/04-02,1,pcs,-7.246995136360423,112.7538094259184
Kabel Drop,144/04 -> 144/04-02,27.94,m,,
Homepass (Titik Rumah),144/04-03,1,pcs,-7.246556983266484,112.7537965483097
Kabel Drop,144/04 -> 144/04-03,37.07,m,,
Homepass (Titik Rumah),144/04-04,1,pcs,-7.247071,112.75398955
Kabel Drop,144/04 -> 144/04-04,36.26,m,,
Homepass (Titik Rumah),144/04-05,1,pcs,-7.2465211,112.75384215
Kabel Drop,144/04 -> 144/04-05,39.71,m,,
Homepass (Titik Rumah),144/04-06,1,pcs,-7.2470738500000005,112.75404135000001
Kabel Drop,144/04 -> 144/04-06,39.15,m,,
Homepass (Titik Rumah),144/04-07,1,pcs,-7.24691485,112.75412005
Kabel Drop,144/04 -> 144/04-07,31.07,m,,
Homepass (Titik Rumah),144/04-08,1,pcs,-7.2465230499999995,112.75389684999999
Kabel Drop,144/04 -> 144/04-08,38.46,m,,
ODC,ODC 145,1,pcs,-7.2467811085577525,112.7537533664599
Join Closure,JOIN CLOSURE ODC 145,1,pcs,-7.2467811085577525,112.7537533664599
ODP,145/01,1,pcs,-7.246813381232023,112.75392222735496
Kabel Distribusi,ODC 145 -> 145/01,22.76,m,,
Homepass (Titik Rumah),145/01-01,1,pcs,-7.246737100000002,112.7539796
Kabel Drop,145/01 -> 145/01-01,12.7,m,,
Homepass (Titik Rumah),145/01-02,1,pcs,-7.246715674651517,112.75388659662825
Kabel Drop,145/01 -> 145/01-02,13.86,m,,
Homepass (Titik Rumah),145/01-03,1,pcs,-7.246865049999998,112.75396305000001
Kabel Drop,145/01 -> 145/01-03,8.76,m,,
Homepass (Titik Rumah),145/01-04,1,pcs,-7.246705138267522,112.75382257551664
Kabel Drop,145/01 -> 145/01-04,19.56,m,,
Homepass (Titik Rumah),145/01-05,1,pcs,-7.246892031034643,112.7539015259764
Kabel Drop,145/01 -> 145/01-05,10.85,m,,
Homepass (Titik Rumah),145/01-06,1,pcs,-7.246909500000002,112.75404909999999
Kabel Drop,145/01 -> 145/01-06,21.13,m,,
Homepass (Titik Rumah),145/01-07,1,pcs,-7.246867858053983,112.75384297971802
Kabel Drop,145/01 -> 145/01-07,12.76,m,,
Homepass (Titik Rumah),145/01-08,1,pcs,-7.2465450489990655,112.75398392625655
Kabel Drop,145/01 -> 145/01-08,36.72,m,,
ODP,145/02,1,pcs,-7.246757099406808,112.75362774294682
Kabel Distribusi,ODC 145 -> 145/02,16.93,m,,
Homepass (Titik Rumah),145/02-01,1,pcs,-7.246684074660678,112.75363262610047
Kabel Drop,145/02 -> 145/02-01,9.77,m,,
Homepass (Titik Rumah),145/02-02,1,pcs,-7.2466855714135825,112.7536695740295
Kabel Drop,145/02 -> 145/02-02,11.03,m,,
Homepass (Titik Rumah),145/02-03,1,pcs,-7.246688237123481,112.7537261752304
Kabel Drop,145/02 -> 145/02-03,15.94,m,,
Homepass (Titik Rumah),145/02-04,1,pcs,-7.246837138790088,112.75365283702467
Kabel Drop,145/02 -> 145/02-04,11.18,m,,
Homepass (Titik Rumah),145/02-05,1,pcs,-7.246829124688937,112.75357102427301
Kabel Drop,145/02 -> 145/02-05,12.2,m,,
Homepass (Titik Rumah),145/02-06,1,pcs,-7.246838650000001,112.75370554999999
Kabel Drop,145/02 -> 145/02-06,14.98,m,,
Homepass (Titik Rumah),145/02-07,1,pcs,-7.246686399999999,112.75345484999998
Kabel Drop,145/02 -> 145/02-07,24.75,m,,
Homepass (Titik Rumah),145/02-08,1,pcs,-7.246869591766368,112.7535974587856
Kabel Drop,145/02 -> 145/02-08,15.54,m,,
ODP,145/03,1,pcs,-7.247129336760057,112.75385843561966
Kabel Distribusi,ODC 145 -> 145/03,48.5,m,,
Homepass (Titik Rumah),145/03-01,1,pcs,-7.24720575,112.75379395
Kabel Drop,145/03 -> 145/03-01,13.3,m,,
Homepass (Titik Rumah),145/03-02,1,pcs,-7.247219925358457,112.75387749606226
Kabel Drop,145/03 -> 145/03-02,12.35,m,,
Homepass (Titik Rumah),145/03-03,1,pcs,-7.247355675776131,112.75376725299289
Kabel Drop,145/03 -> 145/03-03,32.52,m,,
Homepass (Titik Rumah),145/03-04,1,pcs,-7.24735735,112.75381519999999
Kabel Drop,145/03 -> 145/03-04,30.96,m,,
Homepass (Titik Rumah),145/03-05,1,pcs,-7.247340550000001,112.75370275000002
Kabel Drop,145/03 -> 145/03-05,34.91,m,,
Homepass (Titik Rumah),145/03-06,1,pcs,-7.24707165,112.75388885
Kabel Drop,145/03 -> 145/03-06,8.69,m,,
Homepass (Titik Rumah),145/03-07,1,pcs,-7.247234850000001,112.75396810000002
Kabel Drop,145/03 -> 145/03-07,20.22,m,,
Homepass (Titik Rumah),145/03-08,1,pcs,-7.247074107226208,112.75393777211272
Kabel Drop,145/03 -> 145/03-08,12.83,m,,
ODP,145/04,1,pcs,-7.246741200440033,112.7535445544965
Kabel Distribusi,ODC 145 -> 145/04,28.15,m,,
Homepass (Titik Rumah),145/04-01,1,pcs,-7.246831795884483,112.75350552751159
Kabel Drop,145/04 -> 145/04-01,13.15,m,,
Homepass (Titik Rumah),145/04-02,1,pcs,-7.24681255,112.7534559
Kabel Drop,145/04 -> 145/04-02,15.11,m,,
Homepass (Titik Rumah),145/04-03,1,pcs,-7.246811323060341,112.7534120966246
Kabel Drop,145/04 -> 145/04-03,19.87,m,,
Homepass (Titik Rumah),145/04-04,1,pcs,-7.246902626307506,112.75359926133088
Kabel Drop,145/04 -> 145/04-04,22.72,m,,
Homepass (Titik Rumah),145/04-05,1,pcs,-7.246971525695745,112.75344640343395
Kabel Drop,145/04 -> 145/04-05,33.37,m,,
Homepass (Titik Rumah),145/04-06,1,pcs,-7.24690500754987,112.75365316628623
Kabel Drop,145/04 -> 145/04-06,26.16,m,,
Homepass (Titik Rumah),145/04-07,1,pcs,-7.2470058,112.75349875000002
Kabel Drop,145/04 -> 145/04-07,35.82,m,,
Homepass (Titik Rumah),145/04-08,1,pcs,-7.247011478503684,112.75353257407595
Kabel Drop,145/04 -> 145/04-08,36.1,m,,
ODC,ODC 146,1,pcs,-7.24714083589491,112.7537543433052
Join Closure,JOIN CLOSURE ODC 146,1,pcs,-7.24714083589491,112.7537543433052
ODP,146/01,1,pcs,-7.24709616424496,112.75362269467391
Kabel Distribusi,ODC 146 -> 146/01,18.42,m,,
Homepass (Titik Rumah),146/01-01,1,pcs,-7.247004976082866,112.75356770199242
Kabel Drop,146/01 -> 146/01-01,14.18,m,,
Homepass (Titik Rumah),146/01-02,1,pcs,-7.246992514267524,112.75363417442168
Kabel Drop,146/01 -> 146/01-02,13.91,m,,
Homepass (Titik Rumah),146/01-03,1,pcs,-7.2470306,112.7537018
Kabel Drop,146/01 -> 146/01-03,13.64,m,,
Homepass (Titik Rumah),146/01-04,1,pcs,-7.247150124463046,112.7535758444723
Kabel Drop,146/01 -> 146/01-04,9.5,m,,
Homepass (Titik Rumah),146/01-05,1,pcs,-7.247158125586315,112.75350240464029
Kabel Drop,146/01 -> 146/01-05,17.94,m,,
Homepass (Titik Rumah),146/01-06,1,pcs,-7.247036424231834,112.75373577419548
Kabel Drop,146/01 -> 146/01-06,16.96,m,,
Homepass (Titik Rumah),146/01-07,1,pcs,-7.2471863999999995,112.75366835
Kabel Drop,146/01 -> 146/01-07,13.47,m,,
Homepass (Titik Rumah),146/01-08,1,pcs,-7.2472332999999995,112.75359225
Kabel Drop,146/01 -> 146/01-08,18.74,m,,
ODP,146/02,1,pcs,-7.246734053623825,112.7535071600813
Kabel Distribusi,ODC 146 -> 146/02,63.38,m,,
Homepass (Titik Rumah),146/02-01,1,pcs,-7.2473366,112.75363020000002
Kabel Drop,146/02 -> 146/02-01,82.03,m,,
Homepass (Titik Rumah),146/02-02,1,pcs,-7.2473493746429325,112.75355285488577
Kabel Drop,146/02 -> 146/02-02,82.33,m,,
Homepass (Titik Rumah),146/02-03,1,pcs,-7.2465844159665185,112.75338411625626
Kabel Drop,146/02 -> 146/02-03,25.77,m,,
Homepass (Titik Rumah),146/02-04,1,pcs,-7.246519199999998,112.75338625000002
Kabel Drop,146/02 -> 146/02-04,32.83,m,,
Homepass (Titik Rumah),146/02-05,1,pcs,-7.246444824111162,112.75339499466777
Kabel Drop,146/02 -> 146/02-05,41.35,m,,
Homepass (Titik Rumah),146/02-06,1,pcs,-7.246442200000003,112.7533407
Kabel Drop,146/02 -> 146/02-06,44.74,m,,
Homepass (Titik Rumah),146/02-07,1,pcs,-7.2463444500000005,112.75371770000002
Kabel Drop,146/02 -> 146/02-07,58.99,m,,
Homepass (Titik Rumah),146/02-08,1,pcs,-7.246346,112.75374705
Kabel Drop,146/02 -> 146/02-08,60.74,m,,
ODP,146/03,1,pcs,-7.247445512473432,112.75390634629588
Kabel Distribusi,ODC 146 -> 146/03,45.36,m,,
Homepass (Titik Rumah),146/03-01,1,pcs,-7.2473890251782045,112.75386935420875
Kabel Drop,146/03 -> 146/03-01,8.99,m,,
Homepass (Titik Rumah),146/03-02,1,pcs,-7.247386099999999,112.7539253
Kabel Drop,146/03 -> 146/03-02,8.32,m,,
Homepass (Titik Rumah),146/03-03,1,pcs,-7.247508033986493,112.75385378265419
Kabel Drop,146/03 -> 146/03-03,10.86,m,,
Homepass (Titik Rumah),146/03-04,1,pcs,-7.247358400000002,112.7539925
Kabel Drop,146/03 -> 146/03-04,16.28,m,,
Homepass (Titik Rumah),146/03-05,1,pcs,-7.247511000000002,112.75391834999999
Kabel Drop,146/03 -> 146/03-05,8.88,m,,
Homepass (Titik Rumah),146/03-06,1,pcs,-7.2475416,112.7537844
Kabel Drop,146/03 -> 146/03-06,20.61,m,,
Homepass (Titik Rumah),146/03-07,1,pcs,-7.247301043379689,112.75403522641275
Kabel Drop,146/03 -> 146/03-07,25.74,m,,
Homepass (Titik Rumah),146/03-08,1,pcs,-7.247582722038074,112.75386936904479
Kabel Drop,146/03 -> 146/03-08,18.95,m,,
ODP,146/04,1,pcs,-7.2477199622468715,112.75390532705215
Kabel Distribusi,ODC 146 -> 146/04,79.82,m,,
Homepass (Titik Rumah),146/04-01,1,pcs,-7.247640691239242,112.75389112594422
Kabel Drop,146/04 -> 146/04-01,10.74,m,,
Homepass (Titik Rumah),146/04-02,1,pcs,-7.247711505179743,112.7538637718048
Kabel Drop,146/04 -> 146/04-02,5.62,m,,
Homepass (Titik Rumah),146/04-03,1,pcs,-7.247752699999998,112.75379705
Kabel Drop,146/04 -> 146/04-03,14.98,m,,
Homepass (Titik Rumah),146/04-04,1,pcs,-7.2477282,112.75374920000002
Kabel Drop,146/04 -> 146/04-04,20.7,m,,
Homepass (Titik Rumah),146/04-05,1,pcs,-7.247657799999999,112.7537029
Kabel Drop,146/04 -> 146/04-05,28.05,m,,
Homepass (Titik Rumah),146/04-06,1,pcs,-7.247739187996323,112.75369971869533
Kabel Drop,146/04 -> 146/04-06,27.34,m,,
Homepass (Titik Rumah),146/04-07,1,pcs,-7.247531018355305,112.75370538083234
Kabel Drop,146/04 -> 146/04-07,36.55,m,,
Homepass (Titik Rumah),146/04-08,1,pcs,-7.247594276480453,112.75363781002635
Kabel Drop,146/04 -> 146/04-08,39.18,m,,
ODC,ODC 147,1,pcs,-7.248216014766758,112.75377040726096
Join Closure,JOIN CLOSURE ODC 147,1,pcs,-7.248216014766758,112.75377040726096
ODP,147/01,1,pcs,-7.24782404944944,112.7536920155221
Kabel Distribusi,ODC 147 -> 147/01,53.32,m,,
Homepass (Titik Rumah),147/01-01,1,pcs,-7.247777699999999,112.75362245000001
Kabel Drop,147/01 -> 147/01-01,11.09,m,,
Homepass (Titik Rumah),147/01-02,1,pcs,-7.247858035437542,112.75361402602401
Kabel Drop,147/01 -> 147/01-02,11.28,m,,
Homepass (Titik Rumah),147/01-03,1,pcs,-7.247870399999999,112.75366704999999
Kabel Drop,147/01 -> 147/01-03,7.01,m,,
Homepass (Titik Rumah),147/01-04,1,pcs,-7.24787255,112.75372145
Kabel Drop,147/01 -> 147/01-04,7.55,m,,
Homepass (Titik Rumah),147/01-05,1,pcs,-7.247902280781837,112.75378381932582
Kabel Drop,147/01 -> 147/01-05,16.02,m,,
Homepass (Titik Rumah),147/01-06,1,pcs,-7.247506000757455,112.7536438379034
Kabel Drop,147/01 -> 147/01-06,42.91,m,,
Homepass (Titik Rumah),147/01-07,1,pcs,-7.248084930961362,112.75368232972016
Kabel Drop,147/01 -> 147/01-07,34.83,m,,
Homepass (Titik Rumah),147/01-08,1,pcs,-7.2480639916503184,112.75375892833556
Kabel Drop,147/01 -> 147/01-08,33.22,m,,
ODP,147/02,1,pcs,-7.248244773874362,112.75384111905856
Kabel Distribusi,ODC 147 -> 147/02,10.12,m,,
Homepass (Titik Rumah),147/02-01,1,pcs,-7.24819505,112.75395975000002
Kabel Drop,147/02 -> 147/02-01,17.05,m,,
Homepass (Titik Rumah),147/02-02,1,pcs,-7.248224099999999,112.75395305
Kabel Drop,147/02 -> 147/02-02,15.07,m,,
Homepass (Titik Rumah),147/02-03,1,pcs,-7.248257000394738,112.75394616745753
Kabel Drop,147/02 -> 147/02-03,14.0,m,,
Homepass (Titik Rumah),147/02-04,1,pcs,-7.248324371151107,112.75406453419235
Kabel Drop,147/02 -> 147/02-04,31.42,m,,
Homepass (Titik Rumah),147/02-05,1,pcs,-7.248361,112.75404989999998
Kabel Drop,147/02 -> 147/02-05,31.69,m,,
Homepass (Titik Rumah),147/02-06,1,pcs,-7.2483956,112.7539185
Kabel Drop,147/02 -> 147/02-06,22.58,m,,
Homepass (Titik Rumah),147/02-07,1,pcs,-7.2481403,112.75374600000002
Kabel Drop,147/02 -> 147/02-07,18.78,m,,
Homepass (Titik Rumah),147/02-08,1,pcs,-7.248188382863645,112.7537351347522
Kabel Drop,147/02 -> 147/02-08,15.92,m,,
ODP,147/03,1,pcs,-7.248321997240618,112.75362981640018
Kabel Distribusi,ODC 147 -> 147/03,23.37,m,,
Homepass (Titik Rumah),147/03-01,1,pcs,-7.24812165634216,112.75360182075383
Kabel Drop,147/03 -> 147/03-01,26.99,m,,
Homepass (Titik Rumah),147/03-02,1,pcs,-7.24821645,112.75358425
Kabel Drop,147/03 -> 147/03-02,15.32,m,,
Homepass (Titik Rumah),147/03-03,1,pcs,-7.248257485719768,112.75364122295302
Kabel Drop,147/03 -> 147/03-03,8.74,m,,
Homepass (Titik Rumah),147/03-04,1,pcs,-7.248243106967419,112.75371767167259
Kabel Drop,147/03 -> 147/03-04,15.69,m,,
Homepass (Titik Rumah),147/03-05,1,pcs,-7.24829195,112.75368465
Kabel Drop,147/03 -> 147/03-05,8.29,m,,
Homepass (Titik Rumah),147/03-06,1,pcs,-7.248298859211584,112.75371635670737
Kabel Drop,147/03 -> 147/03-06,11.86,m,,
Homepass (Titik Rumah),147/03-07,1,pcs,-7.248363173347123,112.7536329441902
Kabel Drop,147/03 -> 147/03-07,5.51,m,,
Homepass (Titik Rumah),147/03-08,1,pcs,-7.24836932812189,112.7535890528733
Kabel Drop,147/03 -> 147/03-08,8.31,m,,
ODP,147/04,1,pcs,-7.248444661333056,112.75380151502591
Kabel Distribusi,ODC 147 -> 147/04,30.79,m,,
Homepass (Titik Rumah),147/04-01,1,pcs,-7.248427028460124,112.75390241890078
Kabel Drop,147/04 -> 147/04-01,13.56,m,,
Homepass (Titik Rumah),147/04-02,1,pcs,-7.248467149999999,112.75388600000001
Kabel Drop,147/04 -> 147/04-02,11.58,m,,
Homepass (Titik Rumah),147/04-03,1,pcs,-7.24845075,112.75400785
Kabel Drop,147/04 -> 147/04-03,27.32,m,,
Homepass (Titik Rumah),147/04-04,1,pcs,-7.248556538391004,112.75384927793469
Kabel Drop,147/04 -> 147/04-04,16.21,m,,
Homepass (Titik Rumah),147/04-05,1,pcs,-7.2485608,112.75394525
Kabel Drop,147/04 -> 147/04-05,24.54,m,,
Homepass (Titik Rumah),147/04-06,1,pcs,-7.248474599999999,112.75403785
Kabel Drop,147/04 -> 147/04-06,31.54,m,,
Homepass (Titik Rumah),147/04-07,1,pcs,-7.248407353261445,112.75407387063018
Kabel Drop,147/04 -> 147/04-07,36.39,m,,
Homepass (Titik Rumah),147/04-08,1,pcs,-7.248484550000001,112.7540798
Kabel Drop,147/04 -> 147/04-08,37.22,m,,
ODC,ODC 148,1,pcs,-7.248356798367458,112.75418110820176
Join Closure,JOIN CLOSURE ODC 148,1,pcs,-7.248356798367458,112.75418110820176
ODP,148/01,1,pcs,-7.248607697440362,112.75368907883478
Kabel Distribusi,ODC 148 -> 148/01,73.23,m,,
Homepass (Titik Rumah),148/01-01,1,pcs,-7.24842642177999,112.75361904737424
Kabel Drop,148/01 -> 148/01-01,25.9,m,,
Homepass (Titik Rumah),148/01-02,1,pcs,-7.248469199999997,112.7535688
Kabel Drop,148/01 -> 148/01-02,24.39,m,,
Homepass (Titik Rumah),148/01-03,1,pcs,-7.248537918182124,112.75356302437972
Kabel Drop,148/01 -> 148/01-03,19.11,m,,
Homepass (Titik Rumah),148/01-04,1,pcs,-7.248565277876986,112.75361750513186
Kabel Drop,148/01 -> 148/01-04,11.04,m,,
Homepass (Titik Rumah),148/01-05,1,pcs,-7.2487958500000005,112.7536001
Kabel Drop,148/01 -> 148/01-05,27.73,m,,
Homepass (Titik Rumah),148/01-06,1,pcs,-7.2488657499999976,112.75360639999998
Kabel Drop,148/01 -> 148/01-06,36.13,m,,
Homepass (Titik Rumah),148/01-07,1,pcs,-7.248863454377347,112.75378209820414
Kabel Drop,148/01 -> 148/01-07,36.28,m,,
Homepass (Titik Rumah),148/01-08,1,pcs,-7.24836545,112.75430380000002
Kabel Drop,148/01 -> 148/01-08,87.55,m,,
ODP,148/02,1,pcs,-7.248634023739633,112.75413582982026
Kabel Distribusi,ODC 148 -> 148/02,37.47,m,,
Homepass (Titik Rumah),148/02-01,1,pcs,-7.248586323453433,112.75405448827216
Kabel Drop,148/02 -> 148/02-01,12.51,m,,
Homepass (Titik Rumah),148/02-02,1,pcs,-7.2486581999999995,112.75424839999998
Kabel Drop,148/02 -> 148/02-02,15.25,m,,
Homepass (Titik Rumah),148/02-03,1,pcs,-7.24865085,112.75383160000001
Kabel Drop,148/02 -> 148/02-03,40.33,m,,
Homepass (Titik Rumah),148/02-04,1,pcs,-7.248486375431057,112.7542658964327
Kabel Drop,148/02 -> 148/02-04,26.16,m,,
Homepass (Titik Rumah),148/02-05,1,pcs,-7.248836393443201,112.75400512469562
Kabel Drop,148/02 -> 148/02-05,32.07,m,,
Homepass (Titik Rumah),148/02-06,1,pcs,-7.248636219988251,112.75432312308726
Kabel Drop,148/02 -> 148/02-06,24.79,m,,
Homepass (Titik Rumah),148/02-07,1,pcs,-7.248425974896432,112.75427889473517
Kabel Drop,148/02 -> 148/02-07,33.6,m,,
Homepass (Titik Rumah),148/02-08,1,pcs,-7.248750054851705,112.7538063571274
Kabel Drop,148/02 -> 148/02-08,46.28,m,,
ODP,148/03,1,pcs,-7.248592373849993,112.75439352639597
Kabel Distribusi,ODC 148 -> 148/03,42.17,m,,
Homepass (Titik Rumah),148/03-01,1,pcs,-7.248717484812037,112.75433517584744
Kabel Drop,148/03 -> 148/03-01,18.39,m,,
Homepass (Titik Rumah),148/03-02,1,pcs,-7.248735876017752,112.75437345312949
Kabel Drop,148/03 -> 148/03-02,19.33,m,,
Homepass (Titik Rumah),148/03-03,1,pcs,-7.24867975,112.75443235
Kabel Drop,148/03 -> 148/03-03,12.74,m,,
Homepass (Titik Rumah),148/03-04,1,pcs,-7.2488529557531,112.75439889768393
Kabel Drop,148/03 -> 148/03-04,34.78,m,,
Homepass (Titik Rumah),148/03-05,1,pcs,-7.248532949999999,112.75434749999998
Kabel Drop,148/03 -> 148/03-05,10.0,m,,
Homepass (Titik Rumah),148/03-06,1,pcs,-7.248871194151282,112.75421005760275
Kabel Drop,148/03 -> 148/03-06,44.43,m,,
Homepass (Titik Rumah),148/03-07,1,pcs,-7.248714878745628,112.75453945595578
Kabel Drop,148/03 -> 148/03-07,25.3,m,,
Homepass (Titik Rumah),148/03-08,1,pcs,-7.248519699999999,112.75441575
Kabel Drop,148/03 -> 148/03-08,10.13,m,,
ODP,148/04,1,pcs,-7.247675583001894,112.7550010293521
Kabel Distribusi,ODC 148 -> 148/04,141.57,m,,
Homepass (Titik Rumah),148/04-01,1,pcs,-7.247581649999999,112.75505940000001
Kabel Drop,148/04 -> 148/04-01,14.72,m,,
Homepass (Titik Rumah),148/04-02,1,pcs,-7.247579040416062,112.75499738324564
Kabel Drop,148/04 -> 148/04-02,12.89,m,,
Homepass (Titik Rumah),148/04-03,1,pcs,-7.247499883874941,112.75504094917301
Kabel Drop,148/04 -> 148/04-03,24.03,m,,
Homepass (Titik Rumah),148/04-04,1,pcs,-7.24769975,112.754955
Kabel Drop,148/04 -> 148/04-04,6.89,m,,
Homepass (Titik Rumah),148/04-05,1,pcs,-7.247738016740068,112.755020690227
Kabel Drop,148/04 -> 148/04-05,8.73,m,,
Homepass (Titik Rumah),148/04-06,1,pcs,-7.24740525,112.75517045
Kabel Drop,148/04 -> 148/04-06,42.47,m,,
Homepass (Titik Rumah),148/04-07,1,pcs,-7.247750405760764,112.75493598346809
Kabel Drop,148/04 -> 148/04-07,13.18,m,,
Homepass (Titik Rumah),148/04-08,1,pcs,-7.247794900314881,112.75501096684701
Kabel Drop,148/04 -> 148/04-08,15.98,m,,
ODC,ODC 149,1,pcs,-7.247918008763645,112.7542873783896
Join Closure,JOIN CLOSURE ODC 149,1,pcs,-7.247918008763645,112.7542873783896
ODP,149/01,1,pcs,-7.2480263572373875,112.75440930742604
Kabel Distribusi,ODC 149 -> 149/01,21.67,m,,
Homepass (Titik Rumah),149/01-01,1,pcs,-7.248332799999999,112.7543101
Kabel Drop,149/01 -> 149/01-01,42.95,m,,
Homepass (Titik Rumah),149/01-02,1,pcs,-7.248300700000001,112.75431629999999
Kabel Drop,149/01 -> 149/01-02,38.62,m,,
Homepass (Titik Rumah),149/01-03,1,pcs,-7.2482224483900515,112.75435008048865
Kabel Drop,149/01 -> 149/01-03,27.31,m,,
Homepass (Titik Rumah),149/01-04,1,pcs,-7.248118008316674,112.75436231200116
Kabel Drop,149/01 -> 149/01-04,13.72,m,,
Homepass (Titik Rumah),149/01-05,1,pcs,-7.248060900067052,112.75438148342968
Kabel Drop,149/01 -> 149/01-05,5.9,m,,
Homepass (Titik Rumah),149/01-06,1,pcs,-7.247935863724083,112.7544569681289
Kabel Drop,149/01 -> 149/01-06,13.62,m,,
Homepass (Titik Rumah),149/01-07,1,pcs,-7.24791755,112.7545094
Kabel Drop,149/01 -> 149/01-07,19.66,m,,
Homepass (Titik Rumah),149/01-08,1,pcs,-7.247853794150889,112.75440690947656
Kabel Drop,149/01 -> 149/01-08,23.03,m,,
ODP,149/02,1,pcs,-7.247913403232333,112.75428914475437
Kabel Distribusi,ODC 149 -> 149/02,0.66,m,,
Homepass (Titik Rumah),149/02-01,1,pcs,-7.247834210026995,112.7541135191927
Kabel Drop,149/02 -> 149/02-01,25.54,m,,
Homepass (Titik Rumah),149/02-02,1,pcs,-7.247815149999999,112.7540703
Kabel Drop,149/02 -> 149/02-02,31.8,m,,
Homepass (Titik Rumah),149/02-03,1,pcs,-7.2478642680392085,112.75417908501885
Kabel Drop,149/02 -> 149/02-03,15.98,m,,
Homepass (Titik Rumah),149/02-04,1,pcs,-7.247911299999999,112.75416315
Kabel Drop,149/02 -> 149/02-04,16.68,m,,
Homepass (Titik Rumah),149/02-05,1,pcs,-7.24779215,112.75421770000001
Kabel Drop,149/02 -> 149/02-05,18.74,m,,
Homepass (Titik Rumah),149/02-06,1,pcs,-7.247720899999999,112.75414369999999
Kabel Drop,149/02 -> 149/02-06,32.1,m,,
Homepass (Titik Rumah),149/02-07,1,pcs,-7.247951534244638,112.75416462446853
Kabel Drop,149/02 -> 149/02-07,17.25,m,,
Homepass (Titik Rumah),149/02-08,1,pcs,-7.247976346308312,112.75411028044014
Kabel Drop,149/02 -> 149/02-08,25.12,m,,
ODP,149/03,1,pcs,-7.248164289973632,112.75421331119676
Kabel Distribusi,ODC 149 -> 149/03,34.29,m,,
Homepass (Titik Rumah),149/03-01,1,pcs,-7.248042668962666,112.7541456837443
Kabel Drop,149/03 -> 149/03-01,18.53,m,,
Homepass (Titik Rumah),149/03-02,1,pcs,-7.248084098687871,112.75412983108613
Kabel Drop,149/03 -> 149/03-02,15.38,m,,
Homepass (Titik Rumah),149/03-03,1,pcs,-7.248144303339273,112.75411447065926
Kabel Drop,149/03 -> 149/03-03,13.35,m,,
Homepass (Titik Rumah),149/03-04,1,pcs,-7.248192200000001,112.75409785
Kabel Drop,149/03 -> 149/03-04,15.73,m,,
Homepass (Titik Rumah),149/03-05,1,pcs,-7.248075700000001,112.75398814999998
Kabel Drop,149/03 -> 149/03-05,32.06,m,,
Homepass (Titik Rumah),149/03-06,1,pcs,-7.2481168,112.7539818
Kabel Drop,149/03 -> 149/03-06,31.29,m,,
Homepass (Titik Rumah),149/03-07,1,pcs,-7.248154418296728,112.75397022228896
Kabel Drop,149/03 -> 149/03-07,32.2,m,,
Homepass (Titik Rumah),149/03-08,1,pcs,-7.2482574,112.75410374999998
Kabel Drop,149/03 -> 149/03-08,19.1,m,,
ODP,149/04,1,pcs,-7.2476397280451295,112.75442481043063
Kabel Distribusi,ODC 149 -> 149/04,41.35,m,,
Homepass (Titik Rumah),149/04-01,1,pcs,-7.24758047791616,112.75432438785649
Kabel Drop,149/04 -> 149/04-01,15.47,m,,
Homepass (Titik Rumah),149/04-02,1,pcs,-7.2476401979584875,112.7542934320611
Kabel Drop,149/04 -> 149/04-02,17.39,m,,
Homepass (Titik Rumah),149/04-03,1,pcs,-7.2475236,112.75424275
Kabel Drop,149/04 -> 149/04-03,28.65,m,,
Homepass (Titik Rumah),149/04-04,1,pcs,-7.247495750000001,112.75426094999999
Kabel Drop,149/04 -> 149/04-04,28.97,m,,
Homepass (Titik Rumah),149/04-05,1,pcs,-7.247579799999999,112.75420895
Kabel Drop,149/04 -> 149/04-05,29.67,m,,
Homepass (Titik Rumah),149/04-06,1,pcs,-7.247456949999998,112.75425965000002
Kabel Drop,149/04 -> 149/04-06,32.75,m,,
Homepass (Titik Rumah),149/04-07,1,pcs,-7.247441846152562,112.75436143188489
Kabel Drop,149/04 -> 149/04-07,27.7,m,,
Homepass (Titik Rumah),149/04-08,1,pcs,-7.247706531782824,112.7542541935755
Kabel Drop,149/04 -> 149/04-08,24.28,m,,
ODC,ODC 150,1,pcs,-7.247481936828244,112.75451644608155
Join Closure,JOIN CLOSURE ODC 150,1,pcs,-7.247481936828244,112.75451644608155
ODP,150/01,1,pcs,-7.247558179169661,112.75447216911404
Kabel Distribusi,ODC 150 -> 150/01,11.74,m,,
Homepass (Titik Rumah),150/01-01,1,pcs,-7.247541532388059,112.7545591562846
Kabel Drop,150/01 -> 150/01-01,11.73,m,,
Homepass (Titik Rumah),150/01-02,1,pcs,-7.2476468999999994,112.75453904999998
Kabel Drop,150/01 -> 150/01-02,14.78,m,,
Homepass (Titik Rumah),150/01-03,1,pcs,-7.247687000000002,112.75452000000001
Kabel Drop,150/01 -> 150/01-03,18.32,m,,
Homepass (Titik Rumah),150/01-04,1,pcs,-7.247687700000001,112.7546274
Kabel Drop,150/01 -> 150/01-04,26.85,m,,
Homepass (Titik Rumah),150/01-05,1,pcs,-7.2474674,112.75441230000001
Kabel Drop,150/01 -> 150/01-05,14.48,m,,
Homepass (Titik Rumah),150/01-06,1,pcs,-7.2474141407912365,112.75442390771646
Kabel Drop,150/01 -> 150/01-06,20.25,m,,
Homepass (Titik Rumah),150/01-07,1,pcs,-7.247495600000001,112.75436865
Kabel Drop,150/01 -> 150/01-07,16.05,m,,
Homepass (Titik Rumah),150/01-08,1,pcs,-7.2475419500000005,112.75435579999998
Kabel Drop,150/01 -> 150/01-08,15.56,m,,
ODP,150/02,1,pcs,-7.247348982550852,112.75459419667777
Kabel Distribusi,ODC 150 -> 150/02,20.51,m,,
Homepass (Titik Rumah),150/02-01,1,pcs,-7.2474367480287,112.75472233231639
Kabel Drop,150/02 -> 150/02-01,20.61,m,,
Homepass (Titik Rumah),150/02-02,1,pcs,-7.247458530625565,112.75464220478311
Kabel Drop,150/02 -> 150/02-02,15.94,m,,
Homepass (Titik Rumah),150/02-03,1,pcs,-7.247385299999999,112.75464855
Kabel Drop,150/02 -> 150/02-03,8.67,m,,
Homepass (Titik Rumah),150/02-04,1,pcs,-7.247324650000001,112.75471655000001
Kabel Drop,150/02 -> 150/02-04,16.52,m,,
Homepass (Titik Rumah),150/02-05,1,pcs,-7.247505715330307,112.75462523753141
Kabel Drop,150/02 -> 150/02-05,21.31,m,,
Homepass (Titik Rumah),150/02-06,1,pcs,-7.2473120554759705,112.75483131861512
Kabel Drop,150/02 -> 150/02-06,31.77,m,,
Homepass (Titik Rumah),150/02-07,1,pcs,-7.247273865739583,112.7547574890014
Kabel Drop,150/02 -> 150/02-07,23.83,m,,
Homepass (Titik Rumah),150/02-08,1,pcs,-7.247585149999999,112.75464145000001
Kabel Drop,150/02 -> 150/02-08,32.13,m,,
ODP,150/03,1,pcs,-7.247427967471838,112.75412797443045
Kabel Distribusi,ODC 150 -> 150/03,51.92,m,,
Homepass (Titik Rumah),150/03-01,1,pcs,-7.2474890346855485,112.7541784757636
Kabel Drop,150/03 -> 150/03-01,10.54,m,,
Homepass (Titik Rumah),150/03-02,1,pcs,-7.247551550000002,112.75414735
Kabel Drop,150/03 -> 150/03-02,16.69,m,,
Homepass (Titik Rumah),150/03-03,1,pcs,-7.2474058,112.75425715000002
Kabel Drop,150/03 -> 150/03-03,17.35,m,,
Homepass (Titik Rumah),150/03-04,1,pcs,-7.247377,112.7542702
Kabel Drop,150/03 -> 150/03-04,20.02,m,,
Homepass (Titik Rumah),150/03-05,1,pcs,-7.247420157549417,112.75431256806347
Kabel Drop,150/03 -> 150/03-05,24.46,m,,
Homepass (Titik Rumah),150/03-06,1,pcs,-7.247632500000001,112.75412185
Kabel Drop,150/03 -> 150/03-06,27.3,m,,
Homepass (Titik Rumah),150/03-07,1,pcs,-7.247666675339996,112.75418336468076
Kabel Drop,150/03 -> 150/03-07,32.68,m,,
Homepass (Titik Rumah),150/03-08,1,pcs,-7.247343647998197,112.7543189322344
Kabel Drop,150/03 -> 150/03-08,27.67,m,,
ODP,150/04,1,pcs,-7.247618049694643,112.75491523578296
Kabel Distribusi,ODC 150 -> 150/04,55.82,m,,
Homepass (Titik Rumah),150/04-01,1,pcs,-7.247568986611192,112.75483174882511
Kabel Drop,150/04 -> 150/04-01,12.84,m,,
Homepass (Titik Rumah),150/04-02,1,pcs,-7.247600199999999,112.75477779999999
Kabel Drop,150/04 -> 150/04-02,18.35,m,,
Homepass (Titik Rumah),150/04-03,1,pcs,-7.2475048,112.75484395
Kabel Drop,150/04 -> 150/04-03,17.82,m,,
Homepass (Titik Rumah),150/04-04,1,pcs,-7.247530594048811,112.75475433235829
Kabel Drop,150/04 -> 150/04-04,24.29,m,,
Homepass (Titik Rumah),150/04-05,1,pcs,-7.2476543,112.75477015
Kabel Drop,150/04 -> 150/04-05,19.8,m,,
Homepass (Titik Rumah),150/04-06,1,pcs,-7.24745025525249,112.75486429029543
Kabel Drop,150/04 -> 150/04-06,23.38,m,,
Homepass (Titik Rumah),150/04-07,1,pcs,-7.2477082645883035,112.75474843426575
Kabel Drop,150/04 -> 150/04-07,25.15,m,,
Homepass (Titik Rumah),150/04-08,1,pcs,-7.247410550000001,112.75489565000001
Kabel Drop,150/04 -> 150/04-08,27.81,m,,
ODC,ODC 151,1,pcs,-7.247782754801731,112.75520985002943
Join Closure,JOIN CLOSURE ODC 151,1,pcs,-7.247782754801731,112.75520985002943
ODP,151/01,1,pcs,-7.247721878643076,112.75509123486478
Kabel Distribusi,ODC 151 -> 151/01,17.68,m,,
Homepass (Titik Rumah),151/01-01,1,pcs,-7.247796900802357,112.75490266709434
Kabel Drop,151/01 -> 151/01-01,26.89,m,,
Homepass (Titik Rumah),151/01-02,1,pcs,-7.247835598886182,112.75499308281705
Kabel Drop,151/01 -> 151/01-02,19.98,m,,
Homepass (Titik Rumah),151/01-03,1,pcs,-7.247888632336486,112.7549712511209
Kabel Drop,151/01 -> 151/01-03,27.34,m,,
Homepass (Titik Rumah),151/01-04,1,pcs,-7.247369,112.75491419999997
Kabel Drop,151/01 -> 151/01-04,52.59,m,,
Homepass (Titik Rumah),151/01-05,1,pcs,-7.24823992601633,112.7550388082277
Kabel Drop,151/01 -> 151/01-05,69.47,m,,
Homepass (Titik Rumah),151/01-06,1,pcs,-7.24811915,112.75525
Kabel Drop,151/01 -> 151/01-06,57.02,m,,
Homepass (Titik Rumah),151/01-07,1,pcs,-7.247369049999998,112.75511285
Kabel Drop,151/01 -> 151/01-07,47.17,m,,
Homepass (Titik Rumah),151/01-08,1,pcs,-7.248268126690344,112.75497664521035
Kabel Drop,151/01 -> 151/01-08,74.45,m,,
ODP,151/02,1,pcs,-7.247746056804162,112.7551383452052
Kabel Distribusi,ODC 151 -> 151/02,10.66,m,,
Homepass (Titik Rumah),151/02-01,1,pcs,-7.247656236776106,112.75520889610695
Kabel Drop,151/02 -> 151/02-01,15.19,m,,
Homepass (Titik Rumah),151/02-02,1,pcs,-7.2476229186203875,112.7551631829258
Kabel Drop,151/02 -> 151/02-02,16.76,m,,
Homepass (Titik Rumah),151/02-03,1,pcs,-7.247619197322762,112.75529488151695
Kabel Drop,151/02 -> 151/02-03,26.76,m,,
Homepass (Titik Rumah),151/02-04,1,pcs,-7.247606985373739,112.75510764741253
Kabel Drop,151/02 -> 151/02-04,19.0,m,,
Homepass (Titik Rumah),151/02-05,1,pcs,-7.247553251246349,112.7552791672916
Kabel Drop,151/02 -> 151/02-05,31.77,m,,
Homepass (Titik Rumah),151/02-06,1,pcs,-7.247515999999998,112.75522590000001
Kabel Drop,151/02 -> 151/02-06,32.81,m,,
Homepass (Titik Rumah),151/02-07,1,pcs,-7.2476661999999985,112.75506745
Kabel Drop,151/02 -> 151/02-07,14.2,m,,
Homepass (Titik Rumah),151/02-08,1,pcs,-7.2475853500000005,112.7553459
Kabel Drop,151/02 -> 151/02-08,34.85,m,,
ODP,151/03,1,pcs,-7.247823265377689,112.75528878353548
Kabel Distribusi,ODC 151 -> 151/03,11.76,m,,
Homepass (Titik Rumah),151/03-01,1,pcs,-7.247871664245675,112.75522246690213
Kabel Drop,151/03 -> 151/03-01,10.9,m,,
Homepass (Titik Rumah),151/03-02,1,pcs,-7.247898163114574,112.7552866684365
Kabel Drop,151/03 -> 151/03-02,10.0,m,,
Homepass (Titik Rumah),151/03-03,1,pcs,-7.247921419943827,112.755358622362
Kabel Drop,151/03 -> 151/03-03,16.03,m,,
Homepass (Titik Rumah),151/03-04,1,pcs,-7.247809359072542,112.75506707008303
Kabel Drop,151/03 -> 151/03-04,29.41,m,,
Homepass (Titik Rumah),151/03-05,1,pcs,-7.24770675,112.75525805
Kabel Drop,151/03 -> 151/03-05,16.07,m,,
Homepass (Titik Rumah),151/03-06,1,pcs,-7.247727100000002,112.7553194
Kabel Drop,151/03 -> 151/03-06,13.46,m,,
Homepass (Titik Rumah),151/03-07,1,pcs,-7.2477534000000015,112.75537094999999
Kabel Drop,151/03 -> 151/03-07,14.32,m,,
Homepass (Titik Rumah),151/03-08,1,pcs,-7.24802295,112.75536304999999
Kabel Drop,151/03 -> 151/03-08,28.4,m,,
ODP,151/04,1,pcs,-7.247479268656907,112.75550607931291
Kabel Distribusi,ODC 151 -> 151/04,56.37,m,,
Homepass (Titik Rumah),151/04-01,1,pcs,-7.247802600000002,112.75552995000001
Kabel Drop,151/04 -> 151/04-01,43.26,m,,
Homepass (Titik Rumah),151/04-02,1,pcs,-7.247752213979679,112.75547290218306
Kabel Drop,151/04 -> 151/04-02,36.68,m,,
Homepass (Titik Rumah),151/04-03,1,pcs,-7.247639050000001,112.75559035
Kabel Drop,151/04 -> 151/04-03,24.06,m,,
Homepass (Titik Rumah),151/04-04,1,pcs,-7.247561581705796,112.7555157537081
Kabel Drop,151/04 -> 151/04-04,11.06,m,,
Homepass (Titik Rumah),151/04-05,1,pcs,-7.247528441453222,112.75543658251749
Kabel Drop,151/04 -> 151/04-05,11.3,m,,
Homepass (Titik Rumah),151/04-06,1,pcs,-7.247513850000004,112.75537725
Kabel Drop,151/04 -> 151/04-06,17.67,m,,
Homepass (Titik Rumah),151/04-07,1,pcs,-7.247499699999995,112.75535159999998
Kabel Drop,151/04 -> 151/04-07,20.63,m,,
Homepass (Titik Rumah),151/04-08,1,pcs,-7.247474915346285,112.75531415180707
Kabel Drop,151/04 -> 151/04-08,25.41,m,,
ODC,ODC 152,1,pcs,-7.248105598032468,112.75472413959564
Join Closure,JOIN CLOSURE ODC 152,1,pcs,-7.248105598032468,112.75472413959564
ODP,152/01,1,pcs,-7.248150770330486,112.75477196962731
Kabel Distribusi,ODC 152 -> 152/01,8.74,m,,
Homepass (Titik Rumah),152/01-01,1,pcs,-7.24821005,112.7546982
Kabel Drop,152/01 -> 152/01-01,12.57,m,,
Homepass (Titik Rumah),152/01-02,1,pcs,-7.248231049999998,112.75480425000002
Kabel Drop,152/01 -> 152/01-02,11.53,m,,
Homepass (Titik Rumah),152/01-03,1,pcs,-7.24819745,112.75454679999999
Kabel Drop,152/01 -> 152/01-03,30.45,m,,
Homepass (Titik Rumah),152/01-04,1,pcs,-7.248251223185848,112.754852219008
Kabel Drop,152/01 -> 152/01-04,17.1,m,,
Homepass (Titik Rumah),152/01-05,1,pcs,-7.248072711482354,112.75481071412091
Kabel Drop,152/01 -> 152/01-05,11.61,m,,
Homepass (Titik Rumah),152/01-06,1,pcs,-7.2482586,112.7549061
Kabel Drop,152/01 -> 152/01-06,22.85,m,,
Homepass (Titik Rumah),152/01-07,1,pcs,-7.2480881,112.75450589999998
Kabel Drop,152/01 -> 152/01-07,36.2,m,,
Homepass (Titik Rumah),152/01-08,1,pcs,-7.24834115,112.7548962
Kabel Drop,152/01 -> 152/01-08,30.26,m,,
ODP,152/02,1,pcs,-7.2479074348785515,112.75477459278375
Kabel Distribusi,ODC 152 -> 152/02,27.27,m,,
Homepass (Titik Rumah),152/02-01,1,pcs,-7.247936349999998,112.75462920000001
Kabel Drop,152/02 -> 152/02-01,19.63,m,,
Homepass (Titik Rumah),152/02-02,1,pcs,-7.247970562033035,112.75468269047647
Kabel Drop,152/02 -> 152/02-02,14.8,m,,
Homepass (Titik Rumah),152/02-03,1,pcs,-7.247843334536909,112.75467623795056
Kabel Drop,152/02 -> 152/02-03,15.58,m,,
Homepass (Titik Rumah),152/02-04,1,pcs,-7.2477975481064645,112.75468951514347
Kabel Drop,152/02 -> 152/02-04,18.49,m,,
Homepass (Titik Rumah),152/02-05,1,pcs,-7.247792566235583,112.75455769124899
Kabel Drop,152/02 -> 152/02-05,32.55,m,,
Homepass (Titik Rumah),152/02-06,1,pcs,-7.247776582764198,112.75444717796633
Kabel Drop,152/02 -> 152/02-06,46.72,m,,
Homepass (Titik Rumah),152/02-07,1,pcs,-7.247734896654802,112.75447271429144
Kabel Drop,152/02 -> 152/02-07,46.12,m,,
Homepass (Titik Rumah),152/02-08,1,pcs,-7.247857350242679,112.75489783352567
Kabel Drop,152/02 -> 152/02-08,17.63,m,,
ODP,152/03,1,pcs,-7.247867980385092,112.75479357652098
Kabel Distribusi,ODC 152 -> 152/03,33.01,m,,
Homepass (Titik Rumah),152/03-01,1,pcs,-7.248249949999999,112.7551215
Kabel Drop,152/03 -> 152/03-01,66.95,m,,
Homepass (Titik Rumah),152/03-02,1,pcs,-7.2483650000000015,112.75509389999999
Kabel Drop,152/03 -> 152/03-02,77.32,m,,
Homepass (Titik Rumah),152/03-03,1,pcs,-7.248725486025998,112.75468092933012
Kabel Drop,152/03 -> 152/03-03,115.39,m,,
Homepass (Titik Rumah),152/03-04,1,pcs,-7.2474425163190626,112.75526475060416
Kabel Drop,152/03 -> 152/03-04,84.34,m,,
Homepass (Titik Rumah),152/03-05,1,pcs,-7.247424859228972,112.75522050743771
Kabel Drop,152/03 -> 152/03-05,81.79,m,,
Homepass (Titik Rumah),152/03-06,1,pcs,-7.2488876232042845,112.75450455571209
Kabel Drop,152/03 -> 152/03-06,141.33,m,,
Homepass (Titik Rumah),152/03-07,1,pcs,-7.247317696474327,112.75498127983519
Kabel Drop,152/03 -> 152/03-07,77.52,m,,
Homepass (Titik Rumah),152/03-08,1,pcs,-7.247274150000001,112.7550263
Kabel Drop,152/03 -> 152/03-08,85.01,m,,
ODP,152/04,1,pcs,-7.2483838102231575,112.75460760648656
Kabel Distribusi,ODC 152 -> 152/04,40.2,m,,
Homepass (Titik Rumah),152/04-01,1,pcs,-7.248464200000001,112.75466609999998
Kabel Drop,152/04 -> 152/04-01,13.23,m,,
Homepass (Titik Rumah),152/04-02,1,pcs,-7.248429279322488,112.75468261912866
Kabel Drop,152/04 -> 152/04-02,11.64,m,,
Homepass (Titik Rumah),152/04-03,1,pcs,-7.24849695,112.7547552
Kabel Drop,152/04 -> 152/04-03,24.69,m,,
Homepass (Titik Rumah),152/04-04,1,pcs,-7.248363805750886,112.75468519279296
Kabel Drop,152/04 -> 152/04-04,10.61,m,,
Homepass (Titik Rumah),152/04-05,1,pcs,-7.248371830282862,112.75478179922938
Kabel Drop,152/04 -> 152/04-05,23.11,m,,
Homepass (Titik Rumah),152/04-06,1,pcs,-7.24859877847047,112.7547356545018
Kabel Drop,152/04 -> 152/04-06,33.32,m,,
Homepass (Titik Rumah),152/04-07,1,pcs,-7.248292550697441,112.75451121764571
Kabel Drop,152/04 -> 152/04-07,17.64,m,,
Homepass (Titik Rumah),152/04-08,1,pcs,-7.248228249999999,112.7547483
Kabel Drop,152/04 -> 152/04-08,27.89,m,,
ODC,ODC 153,1,pcs,-7.2485461921090355,112.75496575102764
Join Closure,JOIN CLOSURE ODC 153,1,pcs,-7.2485461921090355,112.75496575102764
ODP,153/01,1,pcs,-7.2487416,112.7552695
Kabel Distribusi,ODC 153 -> 153/01,47.92,m,,
Homepass (Titik Rumah),153/01-01,1,pcs,-7.248696419691422,112.75514898489058
Kabel Drop,153/01 -> 153/01-01,17.05,m,,
Homepass (Titik Rumah),153/01-02,1,pcs,-7.248675280338235,112.7551030520729
Kabel Drop,153/01 -> 153/01-02,23.74,m,,
Homepass (Titik Rumah),153/01-03,1,pcs,-7.248709222938226,112.75522554010165
Kabel Drop,153/01 -> 153/01-03,7.25,m,,
Homepass (Titik Rumah),153/01-04,1,pcs,-7.2486669704821916,112.75506464677557
Kabel Drop,153/01 -> 153/01-04,28.89,m,,
Homepass (Titik Rumah),153/01-05,1,pcs,-7.248777974097839,112.7552214871471
Kabel Drop,153/01 -> 153/01-05,8.0,m,,
Homepass (Titik Rumah),153/01-06,1,pcs,-7.248664270226539,112.75502923240289
Kabel Drop,153/01 -> 153/01-06,33.44,m,,
Homepass (Titik Rumah),153/01-07,1,pcs,-7.248829002324338,112.75518627301054
Kabel Drop,153/01 -> 153/01-07,16.04,m,,
Homepass (Titik Rumah),153/01-08,1,pcs,-7.2487653,112.7552998
Kabel Drop,153/01 -> 153/01-08,5.11,m,,
ODP,153/02,1,pcs,-7.248174940670599,112.75517196506244
Kabel Distribusi,ODC 153 -> 153/02,56.56,m,,
Homepass (Titik Rumah),153/02-01,1,pcs,-7.248002299999998,112.75511510000003
Kabel Drop,153/02 -> 153/02-01,24.23,m,,
Homepass (Titik Rumah),153/02-02,1,pcs,-7.248012205822609,112.75517407919101
Kabel Drop,153/02 -> 153/02-02,21.72,m,,
Homepass (Titik Rumah),153/02-03,1,pcs,-7.248007646819567,112.75521437096035
Kabel Drop,153/02 -> 153/02-03,23.02,m,,
Homepass (Titik Rumah),153/02-04,1,pcs,-7.2481104375081316,112.75515543588502
Kabel Drop,153/02 -> 153/02-04,8.88,m,,
Homepass (Titik Rumah),153/02-05,1,pcs,-7.2480053000000035,112.75524840000001
Kabel Drop,153/02 -> 153/02-05,24.79,m,,
Homepass (Titik Rumah),153/02-06,1,pcs,-7.24785365,112.75509195000002
Kabel Drop,153/02 -> 153/02-06,44.16,m,,
Homepass (Titik Rumah),153/02-07,1,pcs,-7.24811655,112.75521459999999
Kabel Drop,153/02 -> 153/02-07,9.62,m,,
Homepass (Titik Rumah),153/02-08,1,pcs,-7.247847299999999,112.755147
Kabel Drop,153/02 -> 153/02-08,43.84,m,,
ODP,153/03,1,pcs,-7.248176929547189,112.75497769309811
Kabel Distribusi,ODC 153 -> 153/03,49.3,m,,
Homepass (Titik Rumah),153/03-01,1,pcs,-7.248083949999998,112.7549345
Kabel Drop,153/03 -> 153/03-01,13.66,m,,
Homepass (Titik Rumah),153/03-02,1,pcs,-7.2480701389397,112.75500173044149
Kabel Drop,153/03 -> 153/03-02,14.6,m,,
Homepass (Titik Rumah),153/03-03,1,pcs,-7.248009923169539,112.75485681085767
Kabel Drop,153/03 -> 153/03-03,27.43,m,,
Homepass (Titik Rumah),153/03-04,1,pcs,-7.248096118604367,112.75504532465652
Kabel Drop,153/03 -> 153/03-04,14.01,m,,
Homepass (Titik Rumah),153/03-05,1,pcs,-7.247977979599966,112.75497415301777
Kabel Drop,153/03 -> 153/03-05,26.55,m,,
Homepass (Titik Rumah),153/03-06,1,pcs,-7.247984595452352,112.75503777784168
Kabel Drop,153/03 -> 153/03-06,26.87,m,,
Homepass (Titik Rumah),153/03-07,1,pcs,-7.2481267,112.75508454999998
Kabel Drop,153/03 -> 153/03-07,15.65,m,,
Homepass (Titik Rumah),153/03-08,1,pcs,-7.247907015612341,112.75487483245013
Kabel Drop,153/03 -> 153/03-08,38.5,m,,
ODP,153/04,1,pcs,-7.248492297204243,112.75457041618887
Kabel Distribusi,ODC 153 -> 153/04,52.82,m,,
Homepass (Titik Rumah),153/04-01,1,pcs,-7.24852462959797,112.75445615203083
Kabel Drop,153/04 -> 153/04-01,15.73,m,,
Homepass (Titik Rumah),153/04-02,1,pcs,-7.248534450000003,112.75448594999999
Kabel Drop,153/04 -> 153/04-02,12.52,m,,
Homepass (Titik Rumah),153/04-03,1,pcs,-7.248530649999998,112.7545228
Kabel Drop,153/04 -> 153/04-03,8.12,m,,
Homepass (Titik Rumah),153/04-04,1,pcs,-7.2484568,112.75449264999999
Kabel Drop,153/04 -> 153/04-04,11.33,m,,
Homepass (Titik Rumah),153/04-05,1,pcs,-7.24843935,112.75442349999999
Kabel Drop,153/04 -> 153/04-05,20.69,m,,
Homepass (Titik Rumah),153/04-06,1,pcs,-7.24846107211052,112.75436809005902
Kabel Drop,153/04 -> 153/04-06,27.1,m,,
Homepass (Titik Rumah),153/04-07,1,pcs,-7.248388001202645,112.75448716850981
Kabel Drop,153/04 -> 153/04-07,17.75,m,,
Homepass (Titik Rumah),153/04-08,1,pcs,-7.248505121579369,112.75461339532124
Kabel Drop,153/04 -> 153/04-08,5.94,m,,
ODC,ODC 154,1,pcs,-7.248569959750665,112.75534681392858
Join Closure,JOIN CLOSURE ODC 154,1,pcs,-7.248569959750665,112.75534681392858
ODP,154/01,1,pcs,-7.248422699114326,112.75544769190084
Kabel Distribusi,ODC 154 -> 154/01,23.76,m,,
Homepass (Titik Rumah),154/01-01,1,pcs,-7.24833093029807,112.75537860344522
Kabel Drop,154/01 -> 154/01-01,15.28,m,,
Homepass (Titik Rumah),154/01-02,1,pcs,-7.248409499999999,112.75527595
Kabel Drop,154/01 -> 154/01-02,22.8,m,,
Homepass (Titik Rumah),154/01-03,1,pcs,-7.248368299999999,112.75525075
Kabel Drop,154/01 -> 154/01-03,27.06,m,,
Homepass (Titik Rumah),154/01-04,1,pcs,-7.248484400000001,112.7553553
Kabel Drop,154/01 -> 154/01-04,14.74,m,,
Homepass (Titik Rumah),154/01-05,1,pcs,-7.248412800000001,112.75522045000001
Kabel Drop,154/01 -> 154/01-05,30.11,m,,
Homepass (Titik Rumah),154/01-06,1,pcs,-7.2482958278472625,112.75520085664722
Kabel Drop,154/01 -> 154/01-06,36.8,m,,
Homepass (Titik Rumah),154/01-07,1,pcs,-7.248459129548042,112.75522042414923
Kabel Drop,154/01 -> 154/01-07,30.47,m,,
Homepass (Titik Rumah),154/01-08,1,pcs,-7.2483669499999985,112.75516325000002
Kabel Drop,154/01 -> 154/01-08,38.38,m,,
ODP,154/02,1,pcs,-7.248583795322132,112.75542072598651
Kabel Distribusi,ODC 154 -> 154/02,9.96,m,,
Homepass (Titik Rumah),154/02-01,1,pcs,-7.248642500000001,112.75565085000001
Kabel Drop,154/02 -> 154/02-01,31.45,m,,
Homepass (Titik Rumah),154/02-02,1,pcs,-7.248582999999999,112.75563685
Kabel Drop,154/02 -> 154/02-02,28.61,m,,
Homepass (Titik Rumah),154/02-03,1,pcs,-7.248627600000001,112.75574485
Kabel Drop,154/02 -> 154/02-03,43.3,m,,
Homepass (Titik Rumah),154/02-04,1,pcs,-7.248535047954416,112.75567513058586
Kabel Drop,154/02 -> 154/02-04,34.3,m,,
Homepass (Titik Rumah),154/02-05,1,pcs,-7.248750079273477,112.75571130227476
Kabel Drop,154/02 -> 154/02-05,44.4,m,,
Homepass (Titik Rumah),154/02-06,1,pcs,-7.248488899999998,112.75568644999998
Kabel Drop,154/02 -> 154/02-06,37.38,m,,
Homepass (Titik Rumah),154/02-07,1,pcs,-7.248689428976272,112.75581756173983
Kabel Drop,154/02 -> 154/02-07,54.39,m,,
Homepass (Titik Rumah),154/02-08,1,pcs,-7.248747570214763,112.75579518528677
Kabel Drop,154/02 -> 154/02-08,54.17,m,,
ODP,154/03,1,pcs,-7.248185602757265,112.75532141437932
Kabel Distribusi,ODC 154 -> 154/03,51.4,m,,
Homepass (Titik Rumah),154/03-01,1,pcs,-7.248096501454929,112.75531345149042
Kabel Drop,154/03 -> 154/03-01,11.94,m,,
Homepass (Titik Rumah),154/03-02,1,pcs,-7.248105550000001,112.75534870000001
Kabel Drop,154/03 -> 154/03-02,11.28,m,,
Homepass (Titik Rumah),154/03-03,1,pcs,-7.248224449999999,112.75534719999999
Kabel Drop,154/03 -> 154/03-03,6.21,m,,
Homepass (Titik Rumah),154/03-04,1,pcs,-7.248232300000001,112.75530305
Kabel Drop,154/03 -> 154/03-04,6.69,m,,
Homepass (Titik Rumah),154/03-05,1,pcs,-7.248233450000001,112.7552504
Kabel Drop,154/03 -> 154/03-05,11.36,m,,
Homepass (Titik Rumah),154/03-06,1,pcs,-7.248233775214262,112.75520929706703
Kabel Drop,154/03 -> 154/03-06,16.17,m,,
Homepass (Titik Rumah),154/03-07,1,pcs,-7.2481444,112.75550495
Kabel Drop,154/03 -> 154/03-07,24.91,m,,
Homepass (Titik Rumah),154/03-08,1,pcs,-7.248293173114003,112.7552965299058
Kabel Drop,154/03 -> 154/03-08,14.73,m,,
ODP,154/04,1,pcs,-7.2487416,112.7552695
Kabel Distribusi,ODC 154 -> 154/04,25.09,m,,
Homepass (Titik Rumah),154/04-01,1,pcs,-7.248506299999999,112.75523039999999
Kabel Drop,154/04 -> 154/04-01,31.82,m,,
Homepass (Titik Rumah),154/04-02,1,pcs,-7.2485895029854746,112.75521402124927
Kabel Drop,154/04 -> 154/04-02,21.58,m,,
Homepass (Titik Rumah),154/04-03,1,pcs,-7.248600771883094,112.75527333661965
Kabel Drop,154/04 -> 154/04-03,18.8,m,,
Homepass (Titik Rumah),154/04-04,1,pcs,-7.248448137406923,112.75513072804164
Kabel Drop,154/04 -> 154/04-04,43.25,m,,
Homepass (Titik Rumah),154/04-05,1,pcs,-7.248596649999999,112.75515804999999
Kabel Drop,154/04 -> 154/04-05,24.33,m,,
Homepass (Titik Rumah),154/04-06,1,pcs,-7.248618949999999,112.7552036
Kabel Drop,154/04 -> 154/04-06,18.55,m,,
Homepass (Titik Rumah),154/04-07,1,pcs,-7.248587320552824,112.75532449785315
Kabel Drop,154/04 -> 154/04-07,21.84,m,,
Homepass (Titik Rumah),154/04-08,1,pcs,-7.248498953300286,112.7550721732341
Kabel Drop,154/04 -> 154/04-08,41.6,m,,
ODC,ODC 155,1,pcs,-7.2483372,112.7556233
Join Closure,JOIN CLOSURE ODC 155,1,pcs,-7.2483372,112.7556233
ODP,155/01,1,pcs,-7.2487884,112.7560242
Kabel Distribusi,ODC 155 -> 155/01,80.25,m,,
Homepass (Titik Rumah),155/01-01,1,pcs,-7.248793707556631,112.75626742075049
Kabel Drop,155/01 -> 155/01-01,32.2,m,,
Homepass (Titik Rumah),155/01-02,1,pcs,-7.248801950000002,112.75618990000001
Kabel Drop,155/01 -> 155/01-02,22.01,m,,
Homepass (Titik Rumah),155/01-03,1,pcs,-7.248865050000002,112.75637529999999
Kabel Drop,155/01 -> 155/01-03,47.59,m,,
Homepass (Titik Rumah),155/01-04,1,pcs,-7.248927500000001,112.75623975
Kabel Drop,155/01 -> 155/01-04,34.04,m,,
Homepass (Titik Rumah),155/01-05,1,pcs,-7.248906100000003,112.7561805
Kabel Drop,155/01 -> 155/01-05,25.97,m,,
Homepass (Titik Rumah),155/01-06,1,pcs,-7.248822400000001,112.7561013
Kabel Drop,155/01 -> 155/01-06,11.17,m,,
Homepass (Titik Rumah),155/01-07,1,pcs,-7.248875821457051,112.75592798430633
Kabel Drop,155/01 -> 155/01-07,17.27,m,,
Homepass (Titik Rumah),155/01-08,1,pcs,-7.2488113499999995,112.75591395
Kabel Drop,155/01 -> 155/01-08,14.91,m,,
ODP,155/02,1,pcs,-7.2483372,112.7556233
Kabel Distribusi,ODC 155 -> 155/02,0.0,m,,
Homepass (Titik Rumah),155/02-01,1,pcs,-7.248857829917495,112.75587821461335
Kabel Drop,155/02 -> 155/02-01,77.23,m,,
Homepass (Titik Rumah),155/02-02,1,pcs,-7.2487946999999995,112.75577714999999
Kabel Drop,155/02 -> 155/02-02,64.35,m,,
Homepass (Titik Rumah),155/02-03,1,pcs,-7.248475454036824,112.75577537157012
Kabel Drop,155/02 -> 155/02-03,27.3,m,,
Homepass (Titik Rumah),155/02-04,1,pcs,-7.2484258940018025,112.75578447801749
Kabel Drop,155/02 -> 155/02-04,24.4,m,,
Homepass (Titik Rumah),155/02-05,1,pcs,-7.248366350000001,112.7558382
Kabel Drop,155/02 -> 155/02-05,28.71,m,,
Homepass (Titik Rumah),155/02-06,1,pcs,-7.2483941122128765,112.75570306999593
Kabel Drop,155/02 -> 155/02-06,13.01,m,,
Homepass (Titik Rumah),155/02-07,1,pcs,-7.248470981554942,112.75554853422915
Kabel Drop,155/02 -> 155/02-07,20.41,m,,
Homepass (Titik Rumah),155/02-08,1,pcs,-7.248340665759938,112.75578591955417
Kabel Drop,155/02 -> 155/02-08,21.53,m,,
ODP,155/03,1,pcs,-7.248170347951051,112.75606876612198
Kabel Distribusi,ODC 155 -> 155/03,63.03,m,,
Homepass (Titik Rumah),155/03-01,1,pcs,-7.248314162811264,112.75603151400227
Kabel Drop,155/03 -> 155/03-01,19.81,m,,
Homepass (Titik Rumah),155/03-02,1,pcs,-7.248257971114379,112.75608174247239
Kabel Drop,155/03 -> 155/03-02,11.82,m,,
Homepass (Titik Rumah),155/03-03,1,pcs,-7.24823715,112.75602020000001
Kabel Drop,155/03 -> 155/03-03,10.99,m,,
Homepass (Titik Rumah),155/03-04,1,pcs,-7.248217534234343,112.7559640308721
Kabel Drop,155/03 -> 155/03-04,15.23,m,,
Homepass (Titik Rumah),155/03-05,1,pcs,-7.248290049999999,112.75615060000001
Kabel Drop,155/03 -> 155/03-05,19.3,m,,
Homepass (Titik Rumah),155/03-06,1,pcs,-7.248206325358125,112.75609464197781
Kabel Drop,155/03 -> 155/03-06,5.9,m,,
Homepass (Titik Rumah),155/03-07,1,pcs,-7.2482369,112.75616569999997
Kabel Drop,155/03 -> 155/03-07,15.6,m,,
Homepass (Titik Rumah),155/03-08,1,pcs,-7.248203919347907,112.75590992028981
Kabel Drop,155/03 -> 155/03-08,21.5,m,,
ODP,155/04,1,pcs,-7.248756737415549,112.75539177718791
Kabel Distribusi,ODC 155 -> 155/04,63.82,m,,
Homepass (Titik Rumah),155/04-01,1,pcs,-7.248876700000001,112.75518160000001
Kabel Drop,155/04 -> 155/04-01,32.1,m,,
Homepass (Titik Rumah),155/04-02,1,pcs,-7.2488557681042405,112.75530051409656
Kabel Drop,155/04 -> 155/04-02,17.9,m,,
Homepass (Titik Rumah),155/04-03,1,pcs,-7.248860767956706,112.75503855321604
Kabel Drop,155/04 -> 155/04-03,48.77,m,,
Homepass (Titik Rumah),155/04-04,1,pcs,-7.248885848587236,112.75547787927282
Kabel Drop,155/04 -> 155/04-04,20.66,m,,
Homepass (Titik Rumah),155/04-05,1,pcs,-7.248690999999999,112.75551465000002
Kabel Drop,155/04 -> 155/04-05,18.48,m,,
Homepass (Titik Rumah),155/04-06,1,pcs,-7.2487258817740825,112.75562984268883
Kabel Drop,155/04 -> 155/04-06,31.78,m,,
Homepass (Titik Rumah),155/04-07,1,pcs,-7.2486868793830705,112.75564216765675
Kabel Drop,155/04 -> 155/04-07,34.43,m,,
Homepass (Titik Rumah),155/04-08,1,pcs,-7.248411302188803,112.7549920520579
Kabel Drop,155/04 -> 155/04-08,70.17,m,,
ODC,ODC 156,1,pcs,-7.248650260684695,112.75606510901864
Join Closure,JOIN CLOSURE ODC 156,1,pcs,-7.248650260684695,112.75606510901864
ODP,156/01,1,pcs,-7.2488088,112.7564652
Kabel Distribusi,ODC 156 -> 156/01,57.03,m,,
Homepass (Titik Rumah),156/01-01,1,pcs,-7.248756900000001,112.75665395000001
Kabel Drop,156/01 -> 156/01-01,25.93,m,,
Homepass (Titik Rumah),156/01-02,1,pcs,-7.248771093106523,112.75654642765555
Kabel Drop,156/01 -> 156/01-02,11.87,m,,
Homepass (Titik Rumah),156/01-03,1,pcs,-7.2488489569098515,112.75650667135513
Kabel Drop,156/01 -> 156/01-03,7.67,m,,
Homepass (Titik Rumah),156/01-04,1,pcs,-7.248690625695348,112.75681949560816
Kabel Drop,156/01 -> 156/01-04,49.48,m,,
Homepass (Titik Rumah),156/01-05,1,pcs,-7.2486533286554,112.7564912060516
Kabel Drop,156/01 -> 156/01-05,21.03,m,,
Homepass (Titik Rumah),156/01-06,1,pcs,-7.248724193872296,112.7564607791023
Kabel Drop,156/01 -> 156/01-06,11.3,m,,
Homepass (Titik Rumah),156/01-07,1,pcs,-7.248643664580445,112.75643883274492
Kabel Drop,156/01 -> 156/01-07,22.31,m,,
Homepass (Titik Rumah),156/01-08,1,pcs,-7.248595396977261,112.75687762025876
Kabel Drop,156/01 -> 156/01-08,61.57,m,,
ODP,156/02,1,pcs,-7.248640587456778,112.75606762089107
Kabel Distribusi,ODC 156 -> 156/02,1.33,m,,
Homepass (Titik Rumah),156/02-01,1,pcs,-7.248620949999999,112.75584854999998
Kabel Drop,156/02 -> 156/02-01,29.12,m,,
Homepass (Titik Rumah),156/02-02,1,pcs,-7.2485831,112.75585589999999
Kabel Drop,156/02 -> 156/02-02,29.06,m,,
Homepass (Titik Rumah),156/02-03,1,pcs,-7.248521053687197,112.7558682711574
Kabel Drop,156/02 -> 156/02-03,30.83,m,,
Homepass (Titik Rumah),156/02-04,1,pcs,-7.248636370830463,112.75595227740529
Kabel Drop,156/02 -> 156/02-04,15.28,m,,
Homepass (Titik Rumah),156/02-05,1,pcs,-7.248663399999999,112.75594785000003
Kabel Drop,156/02 -> 156/02-05,16.14,m,,
Homepass (Titik Rumah),156/02-06,1,pcs,-7.248546700000001,112.75596925000002
Kabel Drop,156/02 -> 156/02-06,18.07,m,,
Homepass (Titik Rumah),156/02-07,1,pcs,-7.248743572210133,112.75592844039068
Kabel Drop,156/02 -> 156/02-07,22.98,m,,
Homepass (Titik Rumah),156/02-08,1,pcs,-7.2484760999999995,112.75588630000001
Kabel Drop,156/02 -> 156/02-08,32.52,m,,
ODP,156/03,1,pcs,-7.2486295,112.7560705
Kabel Distribusi,ODC 156 -> 156/03,2.86,m,,
Homepass (Titik Rumah),156/03-01,1,pcs,-7.2484386999999995,112.75619869999998
Kabel Drop,156/03 -> 156/03-01,30.6,m,,
Homepass (Titik Rumah),156/03-02,1,pcs,-7.248505882927648,112.75618093539954
Kabel Drop,156/03 -> 156/03-02,22.04,m,,
Homepass (Titik Rumah),156/03-03,1,pcs,-7.248544996329778,112.75617032974574
Kabel Drop,156/03 -> 156/03-03,17.37,m,,
Homepass (Titik Rumah),156/03-04,1,pcs,-7.24858366535144,112.75626913388489
Kabel Drop,156/03 -> 156/03-04,26.99,m,,
Homepass (Titik Rumah),156/03-05,1,pcs,-7.248657500000001,112.75619225
Kabel Drop,156/03 -> 156/03-05,16.54,m,,
Homepass (Titik Rumah),156/03-06,1,pcs,-7.248186470061498,112.75628598703791
Kabel Drop,156/03 -> 156/03-06,65.64,m,,
Homepass (Titik Rumah),156/03-07,1,pcs,-7.248677699999999,112.7563213
Kabel Drop,156/03 -> 156/03-07,33.82,m,,
Homepass (Titik Rumah),156/03-08,1,pcs,-7.248686199999999,112.7563589
Kabel Drop,156/03 -> 156/03-08,38.92,m,,
ODP,156/04,1,pcs,-7.2486295,112.7560705
Kabel Distribusi,ODC 156 -> 156/04,2.86,m,,
Homepass (Titik Rumah),156/04-01,1,pcs,-7.248457789399444,112.75596007741177
Kabel Drop,156/04 -> 156/04-01,27.18,m,,
Homepass (Titik Rumah),156/04-02,1,pcs,-7.248464122664023,112.75600479155503
Kabel Drop,156/04 -> 156/04-02,23.72,m,,
Homepass (Titik Rumah),156/04-03,1,pcs,-7.248419399999999,112.75600790000001
Kabel Drop,156/04 -> 156/04-03,29.23,m,,
Homepass (Titik Rumah),156/04-04,1,pcs,-7.248432570472362,112.75589778275393
Kabel Drop,156/04 -> 156/04-04,34.83,m,,
Homepass (Titik Rumah),156/04-05,1,pcs,-7.248388499999999,112.75591695
Kabel Drop,156/04 -> 156/04-05,38.04,m,,
Homepass (Titik Rumah),156/04-06,1,pcs,-7.248388115955759,112.75601918619473
Kabel Drop,156/04 -> 156/04-06,32.92,m,,
Homepass (Titik Rumah),156/04-07,1,pcs,-7.248328570565075,112.7559484366408
Kabel Drop,156/04 -> 156/04-07,43.28,m,,
Homepass (Titik Rumah),156/04-08,1,pcs,-7.248538800000003,112.75606615
Kabel Drop,156/04 -> 156/04-08,12.12,m,,
ODC,ODC 157,1,pcs,-7.248038298163892,112.75582922333838
Join Closure,JOIN CLOSURE ODC 157,1,pcs,-7.248038298163892,112.75582922333838
ODP,157/01,1,pcs,-7.248004848102809,112.75568291011096
Kabel Distribusi,ODC 157 -> 157/01,19.87,m,,
Homepass (Titik Rumah),157/01-01,1,pcs,-7.247789750000001,112.75577255000002
Kabel Drop,157/01 -> 157/01-01,31.06,m,,
Homepass (Titik Rumah),157/01-02,1,pcs,-7.247810049999998,112.7556624
Kabel Drop,157/01 -> 157/01-02,26.13,m,,
Homepass (Titik Rumah),157/01-03,1,pcs,-7.247728230730044,112.75567655924674
Kabel Drop,157/01 -> 157/01-03,36.92,m,,
Homepass (Titik Rumah),157/01-04,1,pcs,-7.247668857736433,112.75573361887622
Kabel Drop,157/01 -> 157/01-04,45.33,m,,
Homepass (Titik Rumah),157/01-05,1,pcs,-7.247925481665051,112.75574088094947
Kabel Drop,157/01 -> 157/01-05,13.08,m,,
Homepass (Titik Rumah),157/01-06,1,pcs,-7.247904918007589,112.75568244901942
Kabel Drop,157/01 -> 157/01-06,13.33,m,,
Homepass (Titik Rumah),157/01-07,1,pcs,-7.247887200000001,112.75561090000001
Kabel Drop,157/01 -> 157/01-07,18.37,m,,
Homepass (Titik Rumah),157/01-08,1,pcs,-7.247992071532385,112.75588849548181
Kabel Drop,157/01 -> 157/01-08,27.27,m,,
ODP,157/02,1,pcs,-7.248098998012826,112.7557081479448
Kabel Distribusi,ODC 157 -> 157/02,17.96,m,,
Homepass (Titik Rumah),157/02-01,1,pcs,-7.24825845,112.75574845
Kabel Drop,157/02 -> 157/02-01,21.93,m,,
Homepass (Titik Rumah),157/02-02,1,pcs,-7.24820205,112.75586105
Kabel Drop,157/02 -> 157/02-02,24.47,m,,
Homepass (Titik Rumah),157/02-03,1,pcs,-7.248197987821652,112.75561971191173
Kabel Drop,157/02 -> 157/02-03,17.65,m,,
Homepass (Titik Rumah),157/02-04,1,pcs,-7.24808335,112.75581245000001
Kabel Drop,157/02 -> 157/02-04,13.96,m,,
Homepass (Titik Rumah),157/02-05,1,pcs,-7.248093700000001,112.75586279999999
Kabel Drop,157/02 -> 157/02-05,20.48,m,,
Homepass (Titik Rumah),157/02-06,1,pcs,-7.248235110954511,112.7551708251094
Kabel Drop,157/02 -> 157/02-06,73.41,m,,
Homepass (Titik Rumah),157/02-07,1,pcs,-7.24812525,112.75632605000001
Kabel Drop,157/02 -> 157/02-07,81.87,m,,
Homepass (Titik Rumah),157/02-08,1,pcs,-7.248329549999999,112.75512590000001
Kabel Drop,157/02 -> 157/02-08,82.98,m,,
ODP,157/03,1,pcs,-7.248083348134206,112.7560324835478
Kabel Distribusi,ODC 157 -> 157/03,27.57,m,,
Homepass (Titik Rumah),157/03-01,1,pcs,-7.2481339,112.75605865
Kabel Drop,157/03 -> 157/03-01,7.58,m,,
Homepass (Titik Rumah),157/03-02,1,pcs,-7.248145800000001,112.75611659999998
Kabel Drop,157/03 -> 157/03-02,13.91,m,,
Homepass (Titik Rumah),157/03-03,1,pcs,-7.248119225394195,112.75598715791202
Kabel Drop,157/03 -> 157/03-03,7.68,m,,
Homepass (Titik Rumah),157/03-04,1,pcs,-7.248020927867467,112.75609650482497
Kabel Drop,157/03 -> 157/03-04,11.88,m,,
Homepass (Titik Rumah),157/03-05,1,pcs,-7.248043849999998,112.75616245
Kabel Drop,157/03 -> 157/03-05,17.99,m,,
Homepass (Titik Rumah),157/03-06,1,pcs,-7.248105371091979,112.7559196364118
Kabel Drop,157/03 -> 157/03-06,15.22,m,,
Homepass (Titik Rumah),157/03-07,1,pcs,-7.247986099999999,112.75600115000002
Kabel Drop,157/03 -> 157/03-07,13.62,m,,
Homepass (Titik Rumah),157/03-08,1,pcs,-7.2479951,112.75594290000001
Kabel Drop,157/03 -> 157/03-08,16.71,m,,
ODP,157/04,1,pcs,-7.247656347232567,112.75596414405517
Kabel Distribusi,ODC 157 -> 157/04,54.0,m,,
Homepass (Titik Rumah),157/04-01,1,pcs,-7.247778986253563,112.75599157841881
Kabel Drop,157/04 -> 157/04-01,16.76,m,,
Homepass (Titik Rumah),157/04-02,1,pcs,-7.24775877091363,112.75594501848586
Kabel Drop,157/04 -> 157/04-02,13.9,m,,
Homepass (Titik Rumah),157/04-03,1,pcs,-7.247734950000004,112.75588
Kabel Drop,157/04 -> 157/04-03,15.3,m,,
Homepass (Titik Rumah),157/04-04,1,pcs,-7.247895229842096,112.75590535307285
Kabel Drop,157/04 -> 157/04-04,32.81,m,,
Homepass (Titik Rumah),157/04-05,1,pcs,-7.247765199999999,112.75616254999998
Kabel Drop,157/04 -> 157/04-05,30.01,m,,
Homepass (Titik Rumah),157/04-06,1,pcs,-7.24786335,112.7558133
Kabel Drop,157/04 -> 157/04-06,34.08,m,,
Homepass (Titik Rumah),157/04-07,1,pcs,-7.2476964,112.75581195000002
Kabel Drop,157/04 -> 157/04-07,20.84,m,,
Homepass (Titik Rumah),157/04-08,1,pcs,-7.247575868898045,112.75602798376246
Kabel Drop,157/04 -> 157/04-08,13.66,m,,
ODC,ODC 158,1,pcs,-7.247344695409166,112.75577877759584
Join Closure,JOIN CLOSURE ODC 158,1,pcs,-7.247344695409166,112.75577877759584
ODP,158/01,1,pcs,-7.247398527049376,112.75594605366436
Kabel Distribusi,ODC 158 -> 158/01,23.28,m,,
Homepass (Titik Rumah),158/01-01,1,pcs,-7.2474585862535985,112.7558180957553
Kabel Drop,158/01 -> 158/01-01,18.74,m,,
Homepass (Titik Rumah),158/01-02,1,pcs,-7.247486449999999,112.75588895
Kabel Drop,158/01 -> 158/01-02,13.96,m,,
Homepass (Titik Rumah),158/01-03,1,pcs,-7.247556450000002,112.755849
Kabel Drop,158/01 -> 158/01-03,24.68,m,,
Homepass (Titik Rumah),158/01-04,1,pcs,-7.247508619632477,112.75598456659183
Kabel Drop,158/01 -> 158/01-04,15.55,m,,
Homepass (Titik Rumah),158/01-05,1,pcs,-7.24727215,112.75589215
Kabel Drop,158/01 -> 158/01-05,18.31,m,,
Homepass (Titik Rumah),158/01-06,1,pcs,-7.2472951,112.75594950000001
Kabel Drop,158/01 -> 158/01-06,13.81,m,,
Homepass (Titik Rumah),158/01-07,1,pcs,-7.247281769079483,112.7560124974988
Kabel Drop,158/01 -> 158/01-07,17.89,m,,
Homepass (Titik Rumah),158/01-08,1,pcs,-7.247545518491244,112.75611089850351
Kabel Drop,158/01 -> 158/01-08,29.34,m,,
ODP,158/02,1,pcs,-7.24718511605221,112.75615491165296
Kabel Distribusi,ODC 158 -> 158/02,54.15,m,,
Homepass (Titik Rumah),158/02-01,1,pcs,-7.247279882307719,112.7560814298078
Kabel Drop,158/02 -> 158/02-01,15.95,m,,
Homepass (Titik Rumah),158/02-02,1,pcs,-7.247284999999999,112.75613609999999
Kabel Drop,158/02 -> 158/02-02,13.56,m,,
Homepass (Titik Rumah),158/02-03,1,pcs,-7.247293630002341,112.75618420338436
Kabel Drop,158/02 -> 158/02-03,14.99,m,,
Homepass (Titik Rumah),158/02-04,1,pcs,-7.247342767827303,112.75623339917405
Kabel Drop,158/02 -> 158/02-04,23.46,m,,
Homepass (Titik Rumah),158/02-05,1,pcs,-7.247354817217159,112.7562801996358
Kabel Drop,158/02 -> 158/02-05,28.07,m,,
Homepass (Titik Rumah),158/02-06,1,pcs,-7.2470572499999975,112.75614474999999
Kabel Drop,158/02 -> 158/02-06,17.11,m,,
Homepass (Titik Rumah),158/02-07,1,pcs,-7.247050146603728,112.7560337733715
Kabel Drop,158/02 -> 158/02-07,24.11,m,,
Homepass (Titik Rumah),158/02-08,1,pcs,-7.247038673501803,112.75608338255631
Kabel Drop,158/02 -> 158/02-08,21.71,m,,
ODP,158/03,1,pcs,-7.247282318964757,112.75560517977313
Kabel Distribusi,ODC 158 -> 158/03,24.44,m,,
Homepass (Titik Rumah),158/03-01,1,pcs,-7.247381799999999,112.75555514999999
Kabel Drop,158/03 -> 158/03-01,14.83,m,,
Homepass (Titik Rumah),158/03-02,1,pcs,-7.24735135,112.75549815
Kabel Drop,158/03 -> 158/03-02,16.9,m,,
Homepass (Titik Rumah),158/03-03,1,pcs,-7.247321178319288,112.7555961875198
Kabel Drop,158/03 -> 158/03-03,5.32,m,,
Homepass (Titik Rumah),158/03-04,1,pcs,-7.247290805089377,112.75553116800161
Kabel Drop,158/03 -> 158/03-04,9.86,m,,
Homepass (Titik Rumah),158/03-05,1,pcs,-7.247313963333703,112.75545940364785
Kabel Drop,158/03 -> 158/03-05,19.75,m,,
Homepass (Titik Rumah),158/03-06,1,pcs,-7.2472171274456025,112.75559751520602
Kabel Drop,158/03 -> 158/03-06,8.76,m,,
Homepass (Titik Rumah),158/03-07,1,pcs,-7.247283599999999,112.75570045
Kabel Drop,158/03 -> 158/03-07,12.61,m,,
Homepass (Titik Rumah),158/03-08,1,pcs,-7.247431515663466,112.75572390153867
Kabel Drop,158/03 -> 158/03-08,25.36,m,,
ODP,158/04,1,pcs,-7.247220673758186,112.75549961424647
Kabel Distribusi,ODC 158 -> 158/04,40.49,m,,
Homepass (Titik Rumah),158/04-01,1,pcs,-7.247185182822315,112.75537645693525
Kabel Drop,158/04 -> 158/04-01,16.98,m,,
Homepass (Titik Rumah),158/04-02,1,pcs,-7.247217003516515,112.75535116759411
Kabel Drop,158/04 -> 158/04-02,19.66,m,,
Homepass (Titik Rumah),158/04-03,1,pcs,-7.247215611134633,112.75529230372123
Kabel Drop,158/04 -> 158/04-03,27.45,m,,
Homepass (Titik Rumah),158/04-04,1,pcs,-7.247300499999997,112.75539640000001
Kabel Drop,158/04 -> 158/04-04,17.32,m,,
Homepass (Titik Rumah),158/04-05,1,pcs,-7.24722818318563,112.75519955029388
Kabel Drop,158/04 -> 158/04-05,39.73,m,,
Homepass (Titik Rumah),158/04-06,1,pcs,-7.2471954836809696,112.75572868334744
Kabel Drop,158/04 -> 158/04-06,30.51,m,,
Homepass (Titik Rumah),158/04-07,1,pcs,-7.247208452099096,112.75578836416719
Kabel Drop,158/04 -> 158/04-07,38.26,m,,
Homepass (Titik Rumah),158/04-08,1,pcs,-7.247253388514145,112.75584143248194
Kabel Drop,158/04 -> 158/04-08,45.46,m,,
ODC,ODC 159,1,pcs,-7.2469731446654615,112.75530353568394
Join Closure,JOIN CLOSURE ODC 159,1,pcs,-7.2469731446654615,112.75530353568394
ODP,159/01,1,pcs,-7.247193061654672,112.75548618503014
Kabel Distribusi,ODC 159 -> 159/01,38.02,m,,
Homepass (Titik Rumah),159/01-01,1,pcs,-7.247148800000001,112.75555815
Kabel Drop,159/01 -> 159/01-01,11.21,m,,
Homepass (Titik Rumah),159/01-02,1,pcs,-7.247086118454932,112.75557859234672
Kabel Drop,159/01 -> 159/01-02,18.79,m,,
Homepass (Titik Rumah),159/01-03,1,pcs,-7.247145,112.755488
Kabel Drop,159/01 -> 159/01-03,6.42,m,,
Homepass (Titik Rumah),159/01-04,1,pcs,-7.2470841,112.7555223
Kabel Drop,159/01 -> 159/01-04,15.3,m,,
Homepass (Titik Rumah),159/01-05,1,pcs,-7.24704095,112.75559570000001
Kabel Drop,159/01 -> 159/01-05,24.94,m,,
Homepass (Titik Rumah),159/01-06,1,pcs,-7.247139725142311,112.75567843430468
Kabel Drop,159/01 -> 159/01-06,26.42,m,,
Homepass (Titik Rumah),159/01-07,1,pcs,-7.24701265,112.75554575000002
Kabel Drop,159/01 -> 159/01-07,25.33,m,,
Homepass (Titik Rumah),159/01-08,1,pcs,-7.2471035379523805,112.7553930896502
Kabel Drop,159/01 -> 159/01-08,17.16,m,,
ODP,159/02,1,pcs,-7.246916321884772,112.75550238046164
Kabel Distribusi,ODC 159 -> 159/02,27.39,m,,
Homepass (Titik Rumah),159/02-01,1,pcs,-7.246959055678462,112.75549286812026
Kabel Drop,159/02 -> 159/02-01,5.84,m,,
Homepass (Titik Rumah),159/02-02,1,pcs,-7.24699215,112.75535725
Kabel Drop,159/02 -> 159/02-02,21.71,m,,
Homepass (Titik Rumah),159/02-03,1,pcs,-7.246853565724321,112.75559865145048
Kabel Drop,159/02 -> 159/02-03,15.25,m,,
Homepass (Titik Rumah),159/02-04,1,pcs,-7.246904250000001,112.7556496
Kabel Drop,159/02 -> 159/02-04,19.55,m,,
Homepass (Titik Rumah),159/02-05,1,pcs,-7.246800234220826,112.75554789855953
Kabel Drop,159/02 -> 159/02-05,16.62,m,,
Homepass (Titik Rumah),159/02-06,1,pcs,-7.246738899999999,112.75549219999999
Kabel Drop,159/02 -> 159/02-06,23.71,m,,
Homepass (Titik Rumah),159/02-07,1,pcs,-7.246913827415671,112.7552710169186
Kabel Drop,159/02 -> 159/02-07,30.63,m,,
Homepass (Titik Rumah),159/02-08,1,pcs,-7.246946525753545,112.7557339893646
Kabel Drop,159/02 -> 159/02-08,30.92,m,,
ODP,159/03,1,pcs,-7.246940713043818,112.75532303525081
Kabel Distribusi,ODC 159 -> 159/03,5.04,m,,
Homepass (Titik Rumah),159/03-01,1,pcs,-7.246886235181862,112.75521804763497
Kabel Drop,159/03 -> 159/03-01,15.68,m,,
Homepass (Titik Rumah),159/03-02,1,pcs,-7.246990000000002,112.75523515
Kabel Drop,159/03 -> 159/03-02,13.36,m,,
Homepass (Titik Rumah),159/03-03,1,pcs,-7.246711888313702,112.75533802291308
Kabel Drop,159/03 -> 159/03-03,30.6,m,,
Homepass (Titik Rumah),159/03-04,1,pcs,-7.247116383035579,112.75527632445252
Kabel Drop,159/03 -> 159/03-04,24.24,m,,
Homepass (Titik Rumah),159/03-05,1,pcs,-7.247145857369732,112.75525534694071
Kabel Drop,159/03 -> 159/03-05,28.8,m,,
Homepass (Titik Rumah),159/03-06,1,pcs,-7.246614316760349,112.75517513632957
Kabel Drop,159/03 -> 159/03-06,47.75,m,,
Homepass (Titik Rumah),159/03-07,1,pcs,-7.247174149718246,112.75523213318775
Kabel Drop,159/03 -> 159/03-07,33.39,m,,
Homepass (Titik Rumah),159/03-08,1,pcs,-7.246611296968333,112.7553957816963
Kabel Drop,159/03 -> 159/03-08,45.0,m,,
ODP,159/04,1,pcs,-7.246934036755232,112.75505481545905
Kabel Distribusi,ODC 159 -> 159/04,33.33,m,,
Homepass (Titik Rumah),159/04-01,1,pcs,-7.2470099614374766,112.754963196267
Kabel Drop,159/04 -> 159/04-01,15.8,m,,
Homepass (Titik Rumah),159/04-02,1,pcs,-7.2468478170758575,112.75495159545108
Kabel Drop,159/04 -> 159/04-02,17.86,m,,
Homepass (Titik Rumah),159/04-03,1,pcs,-7.246822050000001,112.75504910000002
Kabel Drop,159/04 -> 159/04-03,14.96,m,,
Homepass (Titik Rumah),159/04-04,1,pcs,-7.24679295129524,112.75498466731325
Kabel Drop,159/04 -> 159/04-04,20.99,m,,
Homepass (Titik Rumah),159/04-05,1,pcs,-7.246976382239813,112.75518655295657
Kabel Drop,159/04 -> 159/04-05,18.33,m,,
Homepass (Titik Rumah),159/04-06,1,pcs,-7.2468316999999995,112.7551165
Kabel Drop,159/04 -> 159/04-06,15.91,m,,
Homepass (Titik Rumah),159/04-07,1,pcs,-7.246866250000004,112.75515434999998
Kabel Drop,159/04 -> 159/04-07,15.98,m,,
Homepass (Titik Rumah),159/04-08,1,pcs,-7.247024584040689,112.75521306202506
Kabel Drop,159/04 -> 159/04-08,24.18,m,,
ODC,ODC 160,1,pcs,-7.246613472483763,112.75571100602002
Join Closure,JOIN CLOSURE ODC 160,1,pcs,-7.246613472483763,112.75571100602002
ODP,160/01,1,pcs,-7.246615327428612,112.75571438327192
Kabel Distribusi,ODC 160 -> 160/01,0.51,m,,
Homepass (Titik Rumah),160/01-01,1,pcs,-7.246675687671036,112.7556354836062
Kabel Drop,160/01 -> 160/01-01,13.19,m,,
Homepass (Titik Rumah),160/01-02,1,pcs,-7.246711600000001,112.75568480000003
Kabel Drop,160/01 -> 160/01-02,13.43,m,,
Homepass (Titik Rumah),160/01-03,1,pcs,-7.246631049999999,112.75557359999999
Kabel Drop,160/01 -> 160/01-03,18.75,m,,
Homepass (Titik Rumah),160/01-04,1,pcs,-7.2467476500000005,112.7557606
Kabel Drop,160/01 -> 160/01-04,18.69,m,,
Homepass (Titik Rumah),160/01-05,1,pcs,-7.246524600000001,112.75572589999999
Kabel Drop,160/01 -> 160/01-05,12.2,m,,
Homepass (Titik Rumah),160/01-06,1,pcs,-7.246501533771694,112.75567829946738
Kabel Drop,160/01 -> 160/01-06,15.92,m,,
Homepass (Titik Rumah),160/01-07,1,pcs,-7.2465572615842975,112.75578766701791
Kabel Drop,160/01 -> 160/01-07,12.41,m,,
Homepass (Titik Rumah),160/01-08,1,pcs,-7.246616417220222,112.75584499915706
Kabel Drop,160/01 -> 160/01-08,17.29,m,,
ODP,160/02,1,pcs,-7.246416529325318,112.75564901035942
Kabel Distribusi,ODC 160 -> 160/02,27.53,m,,
Homepass (Titik Rumah),160/02-01,1,pcs,-7.246131500000001,112.75545710000002
Kabel Drop,160/02 -> 160/02-01,45.74,m,,
Homepass (Titik Rumah),160/02-02,1,pcs,-7.246229399999999,112.75547434999999
Kabel Drop,160/02 -> 160/02-02,34.03,m,,
Homepass (Titik Rumah),160/02-03,1,pcs,-7.246352469531254,112.75549524328733
Kabel Drop,160/02 -> 160/02-03,22.08,m,,
Homepass (Titik Rumah),160/02-04,1,pcs,-7.246339250469055,112.75536926703617
Kabel Drop,160/02 -> 160/02-04,38.44,m,,
Homepass (Titik Rumah),160/02-05,1,pcs,-7.24643436782129,112.75550558822283
Kabel Drop,160/02 -> 160/02-05,19.13,m,,
Homepass (Titik Rumah),160/02-06,1,pcs,-7.246494883646515,112.75545246142781
Kabel Drop,160/02 -> 160/02-06,28.04,m,,
Homepass (Titik Rumah),160/02-07,1,pcs,-7.246458654678621,112.7552757392536
Kabel Drop,160/02 -> 160/02-07,49.73,m,,
Homepass (Titik Rumah),160/02-08,1,pcs,-7.2460774500000005,112.75592015000002
Kabel Drop,160/02 -> 160/02-08,57.75,m,,
ODP,160/03,1,pcs,-7.246726431402599,112.7559673742301
Kabel Distribusi,ODC 160 -> 160/03,37.13,m,,
Homepass (Titik Rumah),160/03-01,1,pcs,-7.246858400000001,112.7560605
Kabel Drop,160/03 -> 160/03-01,21.49,m,,
Homepass (Titik Rumah),160/03-02,1,pcs,-7.246831249999998,112.7559442
Kabel Drop,160/03 -> 160/03-02,14.32,m,,
Homepass (Titik Rumah),160/03-03,1,pcs,-7.246973499890064,112.75600743321212
Kabel Drop,160/03 -> 160/03-03,33.39,m,,
Homepass (Titik Rumah),160/03-04,1,pcs,-7.247018169559293,112.75593814628965
Kabel Drop,160/03 -> 160/03-04,39.12,m,,
Homepass (Titik Rumah),160/03-05,1,pcs,-7.246977666843225,112.75589474984085
Kabel Drop,160/03 -> 160/03-05,34.87,m,,
Homepass (Titik Rumah),160/03-06,1,pcs,-7.246930699999999,112.75584964999999
Kabel Drop,160/03 -> 160/03-06,31.4,m,,
Homepass (Titik Rumah),160/03-07,1,pcs,-7.246784114794532,112.75582960209924
Kabel Drop,160/03 -> 160/03-07,19.79,m,,
Homepass (Titik Rumah),160/03-08,1,pcs,-7.24686965,112.75576174999999
Kabel Drop,160/03 -> 160/03-08,33.26,m,,
ODP,160/04,1,pcs,-7.2462515970909775,112.7557571243784
Kabel Distribusi,ODC 160 -> 160/04,48.67,m,,
Homepass (Titik Rumah),160/04-01,1,pcs,-7.246352336130064,112.75576124684757
Kabel Drop,160/04 -> 160/04-01,13.45,m,,
Homepass (Titik Rumah),160/04-02,1,pcs,-7.246201900000001,112.75570435
Kabel Drop,160/04 -> 160/04-02,9.63,m,,
Homepass (Titik Rumah),160/04-03,1,pcs,-7.246209,112.7558627
Kabel Drop,160/04 -> 160/04-03,15.09,m,,
Homepass (Titik Rumah),160/04-04,1,pcs,-7.24623605,112.75561770000002
Kabel Drop,160/04 -> 160/04-04,18.57,m,,
Homepass (Titik Rumah),160/04-05,1,pcs,-7.2463658144734335,112.75557392242995
Kabel Drop,160/04 -> 160/04-05,28.64,m,,
Homepass (Titik Rumah),160/04-06,1,pcs,-7.2462537544205,112.7559392677033
Kabel Drop,160/04 -> 160/04-06,24.11,m,,
Homepass (Titik Rumah),160/04-07,1,pcs,-7.246156003397181,112.75561409836531
Kabel Drop,160/04 -> 160/04-07,22.83,m,,
Homepass (Titik Rumah),160/04-08,1,pcs,-7.2460957,112.75576674999999
Kabel Drop,160/04 -> 160/04-08,20.84,m,,
ODC,ODC 161,1,pcs,-7.2459123692193455,112.75545833356152
Join Closure,JOIN CLOSURE ODC 161,1,pcs,-7.2459123692193455,112.75545833356152
ODP,161/01,1,pcs,-7.246349942404542,112.7560026425905
Kabel Distribusi,ODC 161 -> 161/01,92.74,m,,
Homepass (Titik Rumah),161/01-01,1,pcs,-7.24654149333479,112.75587648144256
Kabel Drop,161/01 -> 161/01-01,30.53,m,,
Homepass (Titik Rumah),161/01-02,1,pcs,-7.246604399999999,112.75591035
Kabel Drop,161/01 -> 161/01-02,36.08,m,,
Homepass (Titik Rumah),161/01-03,1,pcs,-7.246585349604651,112.7559847663333
Kabel Drop,161/01 -> 161/01-03,31.5,m,,
Homepass (Titik Rumah),161/01-04,1,pcs,-7.246420049999997,112.75588004999997
Kabel Drop,161/01 -> 161/01-04,18.73,m,,
Homepass (Titik Rumah),161/01-05,1,pcs,-7.246645999999998,112.7559683
Kabel Drop,161/01 -> 161/01-05,39.76,m,,
Homepass (Titik Rumah),161/01-06,1,pcs,-7.246443649999999,112.75598100000002
Kabel Drop,161/01 -> 161/01-06,12.83,m,,
Homepass (Titik Rumah),161/01-07,1,pcs,-7.24638685,112.75582275
Kabel Drop,161/01 -> 161/01-07,24.32,m,,
Homepass (Titik Rumah),161/01-08,1,pcs,-7.246475696106075,112.75604116872566
Kabel Drop,161/01 -> 161/01-08,17.54,m,,
ODP,161/02,1,pcs,-7.245920906524177,112.75545302086746
Kabel Distribusi,ODC 161 -> 161/02,1.34,m,,
Homepass (Titik Rumah),161/02-01,1,pcs,-7.246041632360497,112.75568564433169
Kabel Drop,161/02 -> 161/02-01,34.75,m,,
Homepass (Titik Rumah),161/02-02,1,pcs,-7.245994850000001,112.75560229999999
Kabel Drop,161/02 -> 161/02-02,22.09,m,,
Homepass (Titik Rumah),161/02-03,1,pcs,-7.245913105672775,112.75572311793582
Kabel Drop,161/02 -> 161/02-03,35.77,m,,
Homepass (Titik Rumah),161/02-04,1,pcs,-7.245956,112.7558017
Kabel Drop,161/02 -> 161/02-04,46.39,m,,
Homepass (Titik Rumah),161/02-05,1,pcs,-7.245948466154437,112.75553913987792
Kabel Drop,161/02 -> 161/02-05,11.98,m,,
Homepass (Titik Rumah),161/02-06,1,pcs,-7.246011050000001,112.75550455
Kabel Drop,161/02 -> 161/02-06,13.83,m,,
Homepass (Titik Rumah),161/02-07,1,pcs,-7.24617528193618,112.7555106526585
Kabel Drop,161/02 -> 161/02-07,34.79,m,,
Homepass (Titik Rumah),161/02-08,1,pcs,-7.246075546042187,112.75546016344148
Kabel Drop,161/02 -> 161/02-08,20.66,m,,
ODP,161/03,1,pcs,-7.246136967836196,112.75531856770345
Kabel Distribusi,ODC 161 -> 161/03,35.22,m,,
Homepass (Titik Rumah),161/03-01,1,pcs,-7.246157595269844,112.75514063152346
Kabel Drop,161/03 -> 161/03-01,23.71,m,,
Homepass (Titik Rumah),161/03-02,1,pcs,-7.246049950000001,112.75515789999999
Kabel Drop,161/03 -> 161/03-02,24.23,m,,
Homepass (Titik Rumah),161/03-03,1,pcs,-7.246089256716665,112.75524036840058
Kabel Drop,161/03 -> 161/03-03,12.15,m,,
Homepass (Titik Rumah),161/03-04,1,pcs,-7.2460472187946,112.75504114965405
Kabel Drop,161/03 -> 161/03-04,38.62,m,,
Homepass (Titik Rumah),161/03-05,1,pcs,-7.245987117047145,112.75507379195561
Kabel Drop,161/03 -> 161/03-05,38.07,m,,
Homepass (Titik Rumah),161/03-06,1,pcs,-7.245932781705452,112.75509695420146
Kabel Drop,161/03 -> 161/03-06,40.04,m,,
Homepass (Titik Rumah),161/03-07,1,pcs,-7.24594175,112.75527835
Kabel Drop,161/03 -> 161/03-07,26.59,m,,
Homepass (Titik Rumah),161/03-08,1,pcs,-7.246198581498832,112.75540819411623
Kabel Drop,161/03 -> 161/03-08,14.43,m,,
ODP,161/04,1,pcs,-7.245607651924233,112.75564723852659
Kabel Distribusi,ODC 161 -> 161/04,47.73,m,,
Homepass (Titik Rumah),161/04-01,1,pcs,-7.24558815,112.7555213
Kabel Drop,161/04 -> 161/04-01,16.87,m,,
Homepass (Titik Rumah),161/04-02,1,pcs,-7.245459500000002,112.75561915
Kabel Drop,161/04 -> 161/04-02,20.12,m,,
Homepass (Titik Rumah),161/04-03,1,pcs,-7.2453532859719285,112.75562649704169
Kabel Drop,161/04 -> 161/04-03,34.05,m,,
Homepass (Titik Rumah),161/04-04,1,pcs,-7.245667391512726,112.75577761890669
Kabel Drop,161/04 -> 161/04-04,19.01,m,,
Homepass (Titik Rumah),161/04-05,1,pcs,-7.245845981883323,112.75563894262784
Kabel Drop,161/04 -> 161/04-05,31.82,m,,
Homepass (Titik Rumah),161/04-06,1,pcs,-7.245904532847157,112.75558370774043
Kabel Drop,161/04 -> 161/04-06,40.5,m,,
Homepass (Titik Rumah),161/04-07,1,pcs,-7.24546815,112.75582589999999
Kabel Drop,161/04 -> 161/04-07,30.1,m,,
Homepass (Titik Rumah),161/04-08,1,pcs,-7.2457359,112.75584774999999
Kabel Drop,161/04 -> 161/04-08,31.58,m,,
ODC,ODC 162,1,pcs,-7.2452847536808775,112.755399950504
Join Closure,JOIN CLOSURE ODC 162,1,pcs,-7.2452847536808775,112.755399950504
ODP,162/01,1,pcs,-7.245652697028817,112.75534834603795
Kabel Distribusi,ODC 162 -> 162/01,49.57,m,,
Homepass (Titik Rumah),162/01-01,1,pcs,-7.245696786623184,112.75530312304782
Kabel Drop,162/01 -> 162/01-01,8.39,m,,
Homepass (Titik Rumah),162/01-02,1,pcs,-7.24560405,112.75529384999999
Kabel Drop,162/01 -> 162/01-02,9.7,m,,
Homepass (Titik Rumah),162/01-03,1,pcs,-7.245749115520153,112.75539613367123
Kabel Drop,162/01 -> 162/01-03,14.34,m,,
Homepass (Titik Rumah),162/01-04,1,pcs,-7.245616602373652,112.75540481404306
Kabel Drop,162/01 -> 162/01-04,8.89,m,,
Homepass (Titik Rumah),162/01-05,1,pcs,-7.245811766022917,112.75537003969026
Kabel Drop,162/01 -> 162/01-05,21.42,m,,
Homepass (Titik Rumah),162/01-06,1,pcs,-7.2455459,112.75533174999998
Kabel Drop,162/01 -> 162/01-06,14.42,m,,
Homepass (Titik Rumah),162/01-07,1,pcs,-7.245549340985563,112.75540573313667
Kabel Drop,162/01 -> 162/01-07,15.74,m,,
Homepass (Titik Rumah),162/01-08,1,pcs,-7.2455194159203105,112.75535048708632
Kabel Drop,162/01 -> 162/01-08,17.79,m,,
ODP,162/02,1,pcs,-7.245525906116764,112.75569749901337
Kabel Distribusi,ODC 162 -> 162/02,50.86,m,,
Homepass (Titik Rumah),162/02-01,1,pcs,-7.2461142711954505,112.75598268811524
Kabel Drop,162/02 -> 162/02-01,87.11,m,,
Homepass (Titik Rumah),162/02-02,1,pcs,-7.2457669000000005,112.75588665000001
Kabel Drop,162/02 -> 162/02-02,40.75,m,,
Homepass (Titik Rumah),162/02-03,1,pcs,-7.245221907427189,112.75566094018609
Kabel Drop,162/02 -> 162/02-03,40.85,m,,
Homepass (Titik Rumah),162/02-04,1,pcs,-7.245173587527885,112.75571681879646
Kabel Drop,162/02 -> 162/02-04,47.08,m,,
Homepass (Titik Rumah),162/02-05,1,pcs,-7.2451148000000005,112.7557243
Kabel Drop,162/02 -> 162/02-05,54.97,m,,
Homepass (Titik Rumah),162/02-06,1,pcs,-7.245483182599586,112.75516198605304
Kabel Drop,162/02 -> 162/02-06,71.11,m,,
Homepass (Titik Rumah),162/02-07,1,pcs,-7.24518965,112.75551599999997
Kabel Drop,162/02 -> 162/02-07,50.9,m,,
Homepass (Titik Rumah),162/02-08,1,pcs,-7.245612800000001,112.75506835000002
Kabel Drop,162/02 -> 162/02-08,84.08,m,,
ODP,162/03,1,pcs,-7.245026936462724,112.75555142843986
Kabel Distribusi,ODC 162 -> 162/03,39.82,m,,
Homepass (Titik Rumah),162/03-01,1,pcs,-7.245105634895717,112.75559026158945
Kabel Drop,162/03 -> 162/03-01,11.69,m,,
Homepass (Titik Rumah),162/03-02,1,pcs,-7.24498995,112.75546625000001
Kabel Drop,162/03 -> 162/03-02,12.31,m,,
Homepass (Titik Rumah),162/03-03,1,pcs,-7.244959600000004,112.75568184999999
Kabel Drop,162/03 -> 162/03-03,19.46,m,,
Homepass (Titik Rumah),162/03-04,1,pcs,-7.245138178146111,112.75540983931008
Kabel Drop,162/03 -> 162/03-04,23.91,m,,
Homepass (Titik Rumah),162/03-05,1,pcs,-7.245074508163038,112.75577482417901
Kabel Drop,162/03 -> 162/03-05,30.24,m,,
Homepass (Titik Rumah),162/03-06,1,pcs,-7.2450906130354635,112.75537886458427
Kabel Drop,162/03 -> 162/03-06,24.37,m,,
Homepass (Titik Rumah),162/03-07,1,pcs,-7.245004448362415,112.75578356561496
Kabel Drop,162/03 -> 162/03-07,30.87,m,,
Homepass (Titik Rumah),162/03-08,1,pcs,-7.244911308240432,112.75542596396679
Kabel Drop,162/03 -> 162/03-08,22.67,m,,
ODP,162/04,1,pcs,-7.245008168367236,112.75512965731319
Kabel Distribusi,ODC 162 -> 162/04,51.4,m,,
Homepass (Titik Rumah),162/04-01,1,pcs,-7.245117000000001,112.75511900000001
Kabel Drop,162/04 -> 162/04-01,14.59,m,,
Homepass (Titik Rumah),162/04-02,1,pcs,-7.245081090786411,112.75508693293769
Kabel Drop,162/04 -> 162/04-02,11.25,m,,
Homepass (Titik Rumah),162/04-03,1,pcs,-7.2450522006805045,112.75506130956067
Kabel Drop,162/04 -> 162/04-03,10.79,m,,
Homepass (Titik Rumah),162/04-04,1,pcs,-7.2451604000000005,112.75498885
Kabel Drop,162/04 -> 162/04-04,27.57,m,,
Homepass (Titik Rumah),162/04-05,1,pcs,-7.24501006644303,112.75500541067362
Kabel Drop,162/04 -> 162/04-05,16.45,m,,
Homepass (Titik Rumah),162/04-06,1,pcs,-7.244958649999998,112.75512789999999
Kabel Drop,162/04 -> 162/04-06,6.61,m,,
Homepass (Titik Rumah),162/04-07,1,pcs,-7.2451307174240895,112.75494027425971
Kabel Drop,162/04 -> 162/04-07,29.93,m,,
Homepass (Titik Rumah),162/04-08,1,pcs,-7.245026955403796,112.75528448209427
Kabel Drop,162/04 -> 162/04-08,20.65,m,,
ODC,ODC 163,1,pcs,-7.244787802384144,112.75538563233764
Join Closure,JOIN CLOSURE ODC 163,1,pcs,-7.244787802384144,112.75538563233764
ODP,163/01,1,pcs,-7.244805020538753,112.7554054130604
Kabel Distribusi,ODC 163 -> 163/01,3.48,m,,
Homepass (Titik Rumah),163/01-01,1,pcs,-7.244417063374631,112.75539024525278
Kabel Drop,163/01 -> 163/01-01,51.81,m,,
Homepass (Titik Rumah),163/01-02,1,pcs,-7.244788735732796,112.75525783628198
Kabel Drop,163/01 -> 163/01-02,19.66,m,,
Homepass (Titik Rumah),163/01-03,1,pcs,-7.2448200499999995,112.75533235
Kabel Drop,163/01 -> 163/01-03,9.88,m,,
Homepass (Titik Rumah),163/01-04,1,pcs,-7.244846500000001,112.75535869999999
Kabel Drop,163/01 -> 163/01-04,8.3,m,,
Homepass (Titik Rumah),163/01-05,1,pcs,-7.244874620502671,112.7553867208144
Kabel Drop,163/01 -> 163/01-05,9.61,m,,
Homepass (Titik Rumah),163/01-06,1,pcs,-7.2448408,112.75517180000001
Kabel Drop,163/01 -> 163/01-06,31.29,m,,
Homepass (Titik Rumah),163/01-07,1,pcs,-7.24476035,112.75580745
Kabel Drop,163/01 -> 163/01-07,53.55,m,,
Homepass (Titik Rumah),163/01-08,1,pcs,-7.244837161632328,112.75576006541561
Kabel Drop,163/01 -> 163/01-08,47.14,m,,
ODP,163/02,1,pcs,-7.24458577421571,112.7554576909338
Kabel Distribusi,ODC 163 -> 163/02,28.6,m,,
Homepass (Titik Rumah),163/02-01,1,pcs,-7.244644979960923,112.75550377729338
Kabel Drop,163/02 -> 163/02-01,9.98,m,,
Homepass (Titik Rumah),163/02-02,1,pcs,-7.24462795,112.75546825
Kabel Drop,163/02 -> 163/02-02,5.8,m,,
Homepass (Titik Rumah),163/02-03,1,pcs,-7.244615802771415,112.75556498352073
Kabel Drop,163/02 -> 163/02-03,14.76,m,,
Homepass (Titik Rumah),163/02-04,1,pcs,-7.24469195,112.75542494999999
Kabel Drop,163/02 -> 163/02-04,14.82,m,,
Homepass (Titik Rumah),163/02-05,1,pcs,-7.24458435,112.75562244999999
Kabel Drop,163/02 -> 163/02-05,21.81,m,,
Homepass (Titik Rumah),163/02-06,1,pcs,-7.2445781649661365,112.75536685954542
Kabel Drop,163/02 -> 163/02-06,12.07,m,,
Homepass (Titik Rumah),163/02-07,1,pcs,-7.24468705,112.7556782
Kabel Drop,163/02 -> 163/02-07,32.16,m,,
Homepass (Titik Rumah),163/02-08,1,pcs,-7.244612699999999,112.7553197
Kabel Drop,163/02 -> 163/02-08,18.62,m,,
ODP,163/03,1,pcs,-7.244787,112.755165
Kabel Distribusi,ODC 163 -> 163/03,29.2,m,,
Homepass (Titik Rumah),163/03-01,1,pcs,-7.244983757204904,112.75526781296433
Kabel Drop,163/03 -> 163/03-01,29.57,m,,
Homepass (Titik Rumah),163/03-02,1,pcs,-7.244963699999999,112.7552436
Kabel Drop,163/03 -> 163/03-02,25.77,m,,
Homepass (Titik Rumah),163/03-03,1,pcs,-7.24505935,112.75532845
Kabel Drop,163/03 -> 163/03-03,42.29,m,,
Homepass (Titik Rumah),163/03-04,1,pcs,-7.2446924586404196,112.75480962405561
Kabel Drop,163/03 -> 163/03-04,48.7,m,,
Homepass (Titik Rumah),163/03-05,1,pcs,-7.244772100000001,112.75475785
Kabel Drop,163/03 -> 163/03-05,53.93,m,,
Homepass (Titik Rumah),163/03-06,1,pcs,-7.244964713898153,112.75584473412147
Kabel Drop,163/03 -> 163/03-06,93.05,m,,
Homepass (Titik Rumah),163/03-07,1,pcs,-7.244798343716394,112.75471016775474
Kabel Drop,163/03 -> 163/03-07,60.22,m,,
Homepass (Titik Rumah),163/03-08,1,pcs,-7.244897537879135,112.75585986948
Kabel Drop,163/03 -> 163/03-08,93.15,m,,
ODP,163/04,1,pcs,-7.244807861276555,112.75565853161007
Kabel Distribusi,ODC 163 -> 163/04,36.22,m,,
Homepass (Titik Rumah),163/04-01,1,pcs,-7.244827400000001,112.75556095
Kabel Drop,163/04 -> 163/04-01,13.18,m,,
Homepass (Titik Rumah),163/04-02,1,pcs,-7.244797308149007,112.75551111415072
Kabel Drop,163/04 -> 163/04-02,19.56,m,,
Homepass (Titik Rumah),163/04-03,1,pcs,-7.24476356847624,112.75561327749861
Kabel Drop,163/04 -> 163/04-03,8.42,m,,
Homepass (Titik Rumah),163/04-04,1,pcs,-7.2447259499999985,112.75556685000002
Kabel Drop,163/04 -> 163/04-04,16.33,m,,
Homepass (Titik Rumah),163/04-05,1,pcs,-7.244752035093496,112.75545209434831
Kabel Drop,163/04 -> 163/04-05,28.32,m,,
Homepass (Titik Rumah),163/04-06,1,pcs,-7.244708764387284,112.7556284050768
Kabel Drop,163/04 -> 163/04-06,13.81,m,,
Homepass (Titik Rumah),163/04-07,1,pcs,-7.244690285150465,112.7555323250317
Kabel Drop,163/04 -> 163/04-07,22.92,m,,
Homepass (Titik Rumah),163/04-08,1,pcs,-7.244670299803398,112.75560413334503
Kabel Drop,163/04 -> 163/04-08,19.72,m,,
ODC,ODC 164,1,pcs,-7.24444114368648,112.75514247943391
Join Closure,JOIN CLOSURE ODC 164,1,pcs,-7.24444114368648,112.75514247943391
ODP,164/01,1,pcs,-7.244587548863874,112.75524931431184
Kabel Distribusi,ODC 164 -> 164/01,24.12,m,,
Homepass (Titik Rumah),164/01-01,1,pcs,-7.2444637,112.7550941
Kabel Drop,164/01 -> 164/01-01,26.37,m,,
Homepass (Titik Rumah),164/01-02,1,pcs,-7.244560899999998,112.75517209999998
Kabel Drop,164/01 -> 164/01-02,10.82,m,,
Homepass (Titik Rumah),164/01-03,1,pcs,-7.244538700000002,112.75521030000002
Kabel Drop,164/01 -> 164/01-03,8.32,m,,
Homepass (Titik Rumah),164/01-04,1,pcs,-7.244495616551427,112.75524289964443
Kabel Drop,164/01 -> 164/01-04,12.3,m,,
Homepass (Titik Rumah),164/01-05,1,pcs,-7.244468250000001,112.7552906
Kabel Drop,164/01 -> 164/01-05,16.83,m,,
Homepass (Titik Rumah),164/01-06,1,pcs,-7.24442977868022,112.75532991775464
Kabel Drop,164/01 -> 164/01-06,23.6,m,,
Homepass (Titik Rumah),164/01-07,1,pcs,-7.244660000000001,112.75523645000001
Kabel Drop,164/01 -> 164/01-07,9.82,m,,
Homepass (Titik Rumah),164/01-08,1,pcs,-7.244710985454375,112.75516018924027
Kabel Drop,164/01 -> 164/01-08,20.26,m,,
ODP,164/02,1,pcs,-7.2444441,112.7551545
Kabel Distribusi,ODC 164 -> 164/02,1.64,m,,
Homepass (Titik Rumah),164/02-01,1,pcs,-7.244233550000001,112.75525284999998
Kabel Drop,164/02 -> 164/02-01,30.96,m,,
Homepass (Titik Rumah),164/02-02,1,pcs,-7.244156342856234,112.75527542871406
Kabel Drop,164/02 -> 164/02-02,41.6,m,,
Homepass (Titik Rumah),164/02-03,1,pcs,-7.244268099999999,112.75533369999998
Kabel Drop,164/02 -> 164/02-03,33.38,m,,
Homepass (Titik Rumah),164/02-04,1,pcs,-7.244169367307942,112.75534496422075
Kabel Drop,164/02 -> 164/02-04,44.49,m,,
Homepass (Titik Rumah),164/02-05,1,pcs,-7.244115611308882,112.75520851995678
Kabel Drop,164/02 -> 164/02-05,44.41,m,,
Homepass (Titik Rumah),164/02-06,1,pcs,-7.244376600000001,112.75527605
Kabel Drop,164/02 -> 164/02-06,18.44,m,,
Homepass (Titik Rumah),164/02-07,1,pcs,-7.244099247662165,112.75532812970035
Kabel Drop,164/02 -> 164/02-07,51.44,m,,
Homepass (Titik Rumah),164/02-08,1,pcs,-7.244310311709056,112.75538976850339
Kabel Drop,164/02 -> 164/02-08,35.9,m,,
ODP,164/03,1,pcs,-7.244431731244732,112.75510420782393
Kabel Distribusi,ODC 164 -> 164/03,5.22,m,,
Homepass (Titik Rumah),164/03-01,1,pcs,-7.24430062054572,112.75509243610476
Kabel Drop,164/03 -> 164/03-01,17.56,m,,
Homepass (Titik Rumah),164/03-02,1,pcs,-7.244390286666667,112.75509222666666
Kabel Drop,164/03 -> 164/03-02,5.75,m,,
Homepass (Titik Rumah),164/03-03,1,pcs,-7.2442043499999995,112.75510799999999
Kabel Drop,164/03 -> 164/03-03,30.34,m,,
Homepass (Titik Rumah),164/03-04,1,pcs,-7.244228650000001,112.7551635
Kabel Drop,164/03 -> 164/03-04,28.21,m,,
Homepass (Titik Rumah),164/03-05,1,pcs,-7.244325700000001,112.75519140000002
Kabel Drop,164/03 -> 164/03-05,18.26,m,,
Homepass (Titik Rumah),164/03-06,1,pcs,-7.2441736,112.7550525
Kabel Drop,164/03 -> 164/03-06,35.12,m,,
Homepass (Titik Rumah),164/03-07,1,pcs,-7.244277469695004,112.75522364198572
Kabel Drop,164/03 -> 164/03-07,25.95,m,,
Homepass (Titik Rumah),164/03-08,1,pcs,-7.244395925361367,112.75519456897204
Kabel Drop,164/03 -> 164/03-08,12.88,m,,
ODP,164/04,1,pcs,-7.244414473345449,112.75503403606528
Kabel Distribusi,ODC 164 -> 164/04,14.79,m,,
Homepass (Titik Rumah),164/04-01,1,pcs,-7.244579749999999,112.75494815000002
Kabel Drop,164/04 -> 164/04-01,24.81,m,,
Homepass (Titik Rumah),164/04-02,1,pcs,-7.2445192500000015,112.75493474999999
Kabel Drop,164/04 -> 164/04-02,19.19,m,,
Homepass (Titik Rumah),164/04-03,1,pcs,-7.244485682748863,112.75500099061742
Kabel Drop,164/04 -> 164/04-03,10.46,m,,
Homepass (Titik Rumah),164/04-04,1,pcs,-7.244623000000002,112.75484004999998
Kabel Drop,164/04 -> 164/04-04,37.86,m,,
Homepass (Titik Rumah),164/04-05,1,pcs,-7.24452725,112.75506264999999
Kabel Drop,164/04 -> 164/04-05,15.52,m,,
Homepass (Titik Rumah),164/04-06,1,pcs,-7.24460265,112.75509540000002
Kabel Drop,164/04 -> 164/04-06,26.39,m,,
Homepass (Titik Rumah),164/04-07,1,pcs,-7.244440949999999,112.75500939999999
Kabel Drop,164/04 -> 164/04-07,4.81,m,,
Homepass (Titik Rumah),164/04-08,1,pcs,-7.244589950000001,112.75512199999999
Kabel Drop,164/04 -> 164/04-08,26.15,m,,
ODC,ODC 165,1,pcs,-7.24433930763868,112.75478811583326
Join Closure,JOIN CLOSURE ODC 165,1,pcs,-7.24433930763868,112.75478811583326
ODP,165/01,1,pcs,-7.244383481913062,112.75492868735894
Kabel Distribusi,ODC 165 -> 165/01,19.52,m,,
Homepass (Titik Rumah),165/01-01,1,pcs,-7.244343450000001,112.7549036
Kabel Drop,165/01 -> 165/01-01,6.29,m,,
Homepass (Titik Rumah),165/01-02,1,pcs,-7.244301816287336,112.75494333750653
Kabel Drop,165/01 -> 165/01-02,11.07,m,,
Homepass (Titik Rumah),165/01-03,1,pcs,-7.2443067500000025,112.75485275
Kabel Drop,165/01 -> 165/01-03,14.35,m,,
Homepass (Titik Rumah),165/01-04,1,pcs,-7.244360860968843,112.75500316951829
Kabel Drop,165/01 -> 165/01-04,10.31,m,,
Homepass (Titik Rumah),165/01-05,1,pcs,-7.244221999999999,112.75488859999999
Kabel Drop,165/01 -> 165/01-05,22.19,m,,
Homepass (Titik Rumah),165/01-06,1,pcs,-7.244229250000001,112.75497095000001
Kabel Drop,165/01 -> 165/01-06,21.33,m,,
Homepass (Titik Rumah),165/01-07,1,pcs,-7.244373706404655,112.75504212807549
Kabel Drop,165/01 -> 165/01-07,15.07,m,,
Homepass (Titik Rumah),165/01-08,1,pcs,-7.244276600000002,112.7550303
Kabel Drop,165/01 -> 165/01-08,19.6,m,,
ODP,165/02,1,pcs,-7.244356421736257,112.75484257637258
Kabel Distribusi,ODC 165 -> 165/02,7.56,m,,
Homepass (Titik Rumah),165/02-01,1,pcs,-7.24445839762556,112.75476298014821
Kabel Drop,165/02 -> 165/02-01,17.21,m,,
Homepass (Titik Rumah),165/02-02,1,pcs,-7.244386050000001,112.75481525000001
Kabel Drop,165/02 -> 165/02-02,5.36,m,,
Homepass (Titik Rumah),165/02-03,1,pcs,-7.244501179592395,112.75484570940384
Kabel Drop,165/02 -> 165/02-03,19.32,m,,
Homepass (Titik Rumah),165/02-04,1,pcs,-7.244365724527777,112.75472440742789
Kabel Drop,165/02 -> 165/02-04,15.69,m,,
Homepass (Titik Rumah),165/02-05,1,pcs,-7.244547,112.75482575000004
Kabel Drop,165/02 -> 165/02-05,25.53,m,,
Homepass (Titik Rumah),165/02-06,1,pcs,-7.244417728758724,112.75486688137926
Kabel Drop,165/02 -> 165/02-06,8.79,m,,
Homepass (Titik Rumah),165/02-07,1,pcs,-7.244434308654324,112.75492602065444
Kabel Drop,165/02 -> 165/02-07,15.17,m,,
Homepass (Titik Rumah),165/02-08,1,pcs,-7.244291290028368,112.7548006798096
Kabel Drop,165/02 -> 165/02-08,10.31,m,,
ODP,165/03,1,pcs,-7.244314205154697,112.75469967807439
Kabel Distribusi,ODC 165 -> 165/03,12.18,m,,
Homepass (Titik Rumah),165/03-01,1,pcs,-7.244520700000001,112.7546206
Kabel Drop,165/03 -> 165/03-01,29.47,m,,
Homepass (Titik Rumah),165/03-02,1,pcs,-7.244475152498882,112.75463276966039
Kabel Drop,165/03 -> 165/03-02,23.23,m,,
Homepass (Titik Rumah),165/03-03,1,pcs,-7.24442499879233,112.75464893143318
Kabel Drop,165/03 -> 165/03-03,16.24,m,,
Homepass (Titik Rumah),165/03-04,1,pcs,-7.2444460306964045,112.7545413602059
Kabel Drop,165/03 -> 165/03-04,27.36,m,,
Homepass (Titik Rumah),165/03-05,1,pcs,-7.244523778955869,112.75475685726421
Kabel Drop,165/03 -> 165/03-05,28.97,m,,
Homepass (Titik Rumah),165/03-06,1,pcs,-7.244403446024591,112.75455038013112
Kabel Drop,165/03 -> 165/03-06,23.07,m,,
Homepass (Titik Rumah),165/03-07,1,pcs,-7.244650819673961,112.75466611678932
Kabel Drop,165/03 -> 165/03-07,45.13,m,,
Homepass (Titik Rumah),165/03-08,1,pcs,-7.24459405,112.75475029999997
Kabel Drop,165/03 -> 165/03-08,37.94,m,,
ODP,165/04,1,pcs,-7.2443086,112.7546798
Kabel Distribusi,ODC 165 -> 165/04,14.91,m,,
Homepass (Titik Rumah),165/04-01,1,pcs,-7.244677299999999,112.75474479999998
Kabel Drop,165/04 -> 165/04-01,49.94,m,,
Homepass (Titik Rumah),165/04-02,1,pcs,-7.244668033030802,112.7546954502225
Kabel Drop,165/04 -> 165/04-02,48.01,m,,
Homepass (Titik Rumah),165/04-03,1,pcs,-7.244340260620511,112.75462707062354
Kabel Drop,165/04 -> 165/04-03,8.16,m,,
Homepass (Titik Rumah),165/04-04,1,pcs,-7.24427655,112.7547528
Kabel Drop,165/04 -> 165/04-04,10.57,m,,
Homepass (Titik Rumah),165/04-05,1,pcs,-7.244264781292505,112.75471675199319
Kabel Drop,165/04 -> 165/04-05,7.62,m,,
Homepass (Titik Rumah),165/04-06,1,pcs,-7.244606503085152,112.75429601872861
Kabel Drop,165/04 -> 165/04-06,64.5,m,,
Homepass (Titik Rumah),165/04-07,1,pcs,-7.244206082037929,112.75484430128616
Kabel Drop,165/04 -> 165/04-07,25.72,m,,
Homepass (Titik Rumah),165/04-08,1,pcs,-7.2446766,112.75425740000001
Kabel Drop,165/04 -> 165/04-08,74.41,m,,
ODC,ODC 166,1,pcs,-7.244222320450295,112.7544452040492
Join Closure,JOIN CLOSURE ODC 166,1,pcs,-7.244222320450295,112.7544452040492
ODP,166/01,1,pcs,-7.244242695739922,112.75450465193086
Kabel Distribusi,ODC 166 -> 166/01,8.33,m,,
Homepass (Titik Rumah),166/01-01,1,pcs,-7.244116818562703,112.7545604891607
Kabel Drop,166/01 -> 166/01-01,18.35,m,,
Homepass (Titik Rumah),166/01-02,1,pcs,-7.244190299999999,112.75456689999997
Kabel Drop,166/01 -> 166/01-02,10.81,m,,
Homepass (Titik Rumah),166/01-03,1,pcs,-7.244186099999999,112.7545213
Kabel Drop,166/01 -> 166/01-03,7.87,m,,
Homepass (Titik Rumah),166/01-04,1,pcs,-7.244131100000002,112.7544795
Kabel Drop,166/01 -> 166/01-04,15.26,m,,
Homepass (Titik Rumah),166/01-05,1,pcs,-7.244214420215239,112.75462064307655
Kabel Drop,166/01 -> 166/01-05,15.81,m,,
Homepass (Titik Rumah),166/01-06,1,pcs,-7.2440917334972745,112.75441829976684
Kabel Drop,166/01 -> 166/01-06,23.16,m,,
Homepass (Titik Rumah),166/01-07,1,pcs,-7.243989931243499,112.75446405455206
Kabel Drop,166/01 -> 166/01-07,34.15,m,,
Homepass (Titik Rumah),166/01-08,1,pcs,-7.2442426,112.75467350000001
Kabel Drop,166/01 -> 166/01-08,22.35,m,,
ODP,166/02,1,pcs,-7.24423576917249,112.75448448988425
Kabel Distribusi,ODC 166 -> 166/02,5.5,m,,
Homepass (Titik Rumah),166/02-01,1,pcs,-7.244291712145134,112.75446566884409
Kabel Drop,166/02 -> 166/02-01,7.87,m,,
Homepass (Titik Rumah),166/02-02,1,pcs,-7.244308450000001,112.75451245000002
Kabel Drop,166/02 -> 166/02-02,10.38,m,,
Homepass (Titik Rumah),166/02-03,1,pcs,-7.244255325015665,112.75439336185624
Kabel Drop,166/02 -> 166/02-03,12.34,m,,
Homepass (Titik Rumah),166/02-04,1,pcs,-7.244366449999999,112.754418
Kabel Drop,166/02 -> 166/02-04,19.53,m,,
Homepass (Titik Rumah),166/02-05,1,pcs,-7.244322637392013,112.75456801739888
Kabel Drop,166/02 -> 166/02-05,16.02,m,,
Homepass (Titik Rumah),166/02-06,1,pcs,-7.244395680343644,112.75449550622572
Kabel Drop,166/02 -> 166/02-06,21.39,m,,
Homepass (Titik Rumah),166/02-07,1,pcs,-7.244343341223184,112.75433933266262
Kabel Drop,166/02 -> 166/02-07,23.98,m,,
Homepass (Titik Rumah),166/02-08,1,pcs,-7.24441438274979,112.75440468361404
Kabel Drop,166/02 -> 166/02-08,26.07,m,,
ODP,166/03,1,pcs,-7.244324704319998,112.75423681928183
Kabel Distribusi,ODC 166 -> 166/03,30.78,m,,
Homepass (Titik Rumah),166/03-01,1,pcs,-7.24429605,112.75430690000002
Kabel Drop,166/03 -> 166/03-01,10.03,m,,
Homepass (Titik Rumah),166/03-02,1,pcs,-7.2443404000000005,112.75429060000002
Kabel Drop,166/03 -> 166/03-02,7.42,m,,
Homepass (Titik Rumah),166/03-03,1,pcs,-7.24440205,112.75430945000001
Kabel Drop,166/03 -> 166/03-03,14.1,m,,
Homepass (Titik Rumah),166/03-04,1,pcs,-7.244249300000001,112.75413784999999
Kabel Drop,166/03 -> 166/03-04,16.52,m,,
Homepass (Titik Rumah),166/03-05,1,pcs,-7.244481333680337,112.75432952130603
Kabel Drop,166/03 -> 166/03-05,24.24,m,,
Homepass (Titik Rumah),166/03-06,1,pcs,-7.2441925,112.75413404999999
Kabel Drop,166/03 -> 166/03-06,22.28,m,,
Homepass (Titik Rumah),166/03-07,1,pcs,-7.24413205,112.7541572
Kabel Drop,166/03 -> 166/03-07,27.78,m,,
Homepass (Titik Rumah),166/03-08,1,pcs,-7.244530100000001,112.75429525000001
Kabel Drop,166/03 -> 166/03-08,28.48,m,,
ODP,166/04,1,pcs,-7.2439636437859525,112.7546863072106
Kabel Distribusi,ODC 166 -> 166/04,47.01,m,,
Homepass (Titik Rumah),166/04-01,1,pcs,-7.244005880988892,112.75470645880564
Kabel Drop,166/04 -> 166/04-01,6.24,m,,
Homepass (Titik Rumah),166/04-02,1,pcs,-7.2439918,112.75463495000001
Kabel Drop,166/04 -> 166/04-02,7.77,m,,
Homepass (Titik Rumah),166/04-03,1,pcs,-7.244070799999998,112.75466989999998
Kabel Drop,166/04 -> 166/04-03,14.46,m,,
Homepass (Titik Rumah),166/04-04,1,pcs,-7.244087387497165,112.75472113203473
Kabel Drop,166/04 -> 166/04-04,17.14,m,,
Homepass (Titik Rumah),166/04-05,1,pcs,-7.244077750000001,112.75459500000001
Kabel Drop,166/04 -> 166/04-05,19.44,m,,
Homepass (Titik Rumah),166/04-06,1,pcs,-7.24397805753078,112.75457011875373
Kabel Drop,166/04 -> 166/04-06,15.5,m,,
Homepass (Titik Rumah),166/04-07,1,pcs,-7.244163979357194,112.75469055570181
Kabel Drop,166/04 -> 166/04-07,26.74,m,,
Homepass (Titik Rumah),166/04-08,1,pcs,-7.244147700000002,112.75462970000001
Kabel Drop,166/04 -> 166/04-08,25.68,m,,
ODC,ODC 167,1,pcs,-7.243459685207145,112.75446210669323
Join Closure,JOIN CLOSURE ODC 167,1,pcs,-7.243459685207145,112.75446210669323
ODP,167/01,1,pcs,-7.243409307785929,112.75431779370825
Kabel Distribusi,ODC 167 -> 167/01,20.25,m,,
Homepass (Titik Rumah),167/01-01,1,pcs,-7.243526149999999,112.7542917
Kabel Drop,167/01 -> 167/01-01,15.97,m,,
Homepass (Titik Rumah),167/01-02,1,pcs,-7.243623679307303,112.75440905911826
Kabel Drop,167/01 -> 167/01-02,31.05,m,,
Homepass (Titik Rumah),167/01-03,1,pcs,-7.243730950000001,112.7545706
Kabel Drop,167/01 -> 167/01-03,54.42,m,,
Homepass (Titik Rumah),167/01-04,1,pcs,-7.243146835275959,112.75441137943604
Kabel Drop,167/01 -> 167/01-04,37.15,m,,
Homepass (Titik Rumah),167/01-05,1,pcs,-7.2431555,112.75408805000001
Kabel Drop,167/01 -> 167/01-05,45.52,m,,
Homepass (Titik Rumah),167/01-06,1,pcs,-7.243151669925827,112.754513183833
Kabel Drop,167/01 -> 167/01-06,43.02,m,,
Homepass (Titik Rumah),167/01-07,1,pcs,-7.2431064,112.754459
Kabel Drop,167/01 -> 167/01-07,44.53,m,,
Homepass (Titik Rumah),167/01-08,1,pcs,-7.243145699999999,112.75403939999998
Kabel Drop,167/01 -> 167/01-08,50.94,m,,
ODP,167/02,1,pcs,-7.243429403370585,112.75437536024772
Kabel Distribusi,ODC 167 -> 167/02,12.17,m,,
Homepass (Titik Rumah),167/02-01,1,pcs,-7.243403450000001,112.7544888
Kabel Drop,167/02 -> 167/02-01,15.41,m,,
Homepass (Titik Rumah),167/02-02,1,pcs,-7.243368591784332,112.7543887312122
Kabel Drop,167/02 -> 167/02-02,8.31,m,,
Homepass (Titik Rumah),167/02-03,1,pcs,-7.243280399999998,112.75446785
Kabel Drop,167/02 -> 167/02-03,23.35,m,,
Homepass (Titik Rumah),167/02-04,1,pcs,-7.243534769954703,112.7544304926452
Kabel Drop,167/02 -> 167/02-04,15.84,m,,
Homepass (Titik Rumah),167/02-05,1,pcs,-7.2432618,112.75440200000001
Kabel Drop,167/02 -> 167/02-05,22.64,m,,
Homepass (Titik Rumah),167/02-06,1,pcs,-7.243327710662973,112.75430056957134
Kabel Drop,167/02 -> 167/02-06,16.8,m,,
Homepass (Titik Rumah),167/02-07,1,pcs,-7.243555613942777,112.75434510183605
Kabel Drop,167/02 -> 167/02-07,17.31,m,,
Homepass (Titik Rumah),167/02-08,1,pcs,-7.243445879635721,112.75426905525897
Kabel Drop,167/02 -> 167/02-08,14.24,m,,
ODP,167/03,1,pcs,-7.24337902288538,112.75461652632579
Kabel Distribusi,ODC 167 -> 167/03,23.1,m,,
Homepass (Titik Rumah),167/03-01,1,pcs,-7.243376424238339,112.75470838202496
Kabel Drop,167/03 -> 167/03-01,12.16,m,,
Homepass (Titik Rumah),167/03-02,1,pcs,-7.243413499999999,112.75464380000001
Kabel Drop,167/03 -> 167/03-02,5.85,m,,
Homepass (Titik Rumah),167/03-03,1,pcs,-7.243319464468173,112.75457191814469
Kabel Drop,167/03 -> 167/03-03,9.9,m,,
Homepass (Titik Rumah),167/03-04,1,pcs,-7.243523749999999,112.75472330000001
Kabel Drop,167/03 -> 167/03-04,23.93,m,,
Homepass (Titik Rumah),167/03-05,1,pcs,-7.2435335816449875,112.75464112219615
Kabel Drop,167/03 -> 167/03-05,20.88,m,,
Homepass (Titik Rumah),167/03-06,1,pcs,-7.24354985,112.75478245000001
Kabel Drop,167/03 -> 167/03-06,31.65,m,,
Homepass (Titik Rumah),167/03-07,1,pcs,-7.243189182153982,112.75477411233621
Kabel Drop,167/03 -> 167/03-07,32.81,m,,
Homepass (Titik Rumah),167/03-08,1,pcs,-7.243300650000001,112.75451960000002
Kabel Drop,167/03 -> 167/03-08,16.55,m,,
ODP,167/04,1,pcs,-7.243254447856394,112.75466670651937
Kabel Distribusi,ODC 167 -> 167/04,38.52,m,,
Homepass (Titik Rumah),167/04-01,1,pcs,-7.243353648051021,112.75495193220483
Kabel Drop,167/04 -> 167/04-01,40.01,m,,
Homepass (Titik Rumah),167/04-02,1,pcs,-7.243459076423584,112.75490029333679
Kabel Drop,167/04 -> 167/04-02,41.25,m,,
Homepass (Titik Rumah),167/04-03,1,pcs,-7.243211600000003,112.7549429
Kabel Drop,167/04 -> 167/04-03,37.0,m,,
Homepass (Titik Rumah),167/04-04,1,pcs,-7.243337548221504,112.75480418411003
Kabel Drop,167/04 -> 167/04-04,21.31,m,,
Homepass (Titik Rumah),167/04-05,1,pcs,-7.243220817200566,112.75488316729982
Kabel Drop,167/04 -> 167/04-05,29.0,m,,
Homepass (Titik Rumah),167/04-06,1,pcs,-7.243545862706962,112.75495962277056
Kabel Drop,167/04 -> 167/04-06,54.91,m,,
Homepass (Titik Rumah),167/04-07,1,pcs,-7.243114850000001,112.7549802
Kabel Drop,167/04 -> 167/04-07,45.49,m,,
Homepass (Titik Rumah),167/04-08,1,pcs,-7.243580461703817,112.75486877043132
Kabel Drop,167/04 -> 167/04-08,51.07,m,,
ODC,ODC 168,1,pcs,-7.2435035,112.754034
Join Closure,JOIN CLOSURE ODC 168,1,pcs,-7.2435035,112.754034
ODP,168/01,1,pcs,-7.243463051357406,112.7539134441975
Kabel Distribusi,ODC 168 -> 168/01,16.85,m,,
Homepass (Titik Rumah),168/01-01,1,pcs,-7.243522313541717,112.75388383294455
Kabel Drop,168/01 -> 168/01-01,8.83,m,,
Homepass (Titik Rumah),168/01-02,1,pcs,-7.243519599999998,112.75383640000001
Kabel Drop,168/01 -> 168/01-02,12.69,m,,
Homepass (Titik Rumah),168/01-03,1,pcs,-7.243487809686625,112.75378317512893
Kabel Drop,168/01 -> 168/01-03,17.56,m,,
Homepass (Titik Rumah),168/01-04,1,pcs,-7.243552010908249,112.75370673465885
Kabel Drop,168/01 -> 168/01-04,29.83,m,,
Homepass (Titik Rumah),168/01-05,1,pcs,-7.24358645153178,112.7540850679453
Kabel Drop,168/01 -> 168/01-05,28.06,m,,
Homepass (Titik Rumah),168/01-06,1,pcs,-7.243495096121821,112.75411868033655
Kabel Drop,168/01 -> 168/01-06,27.5,m,,
Homepass (Titik Rumah),168/01-07,1,pcs,-7.243760515845637,112.75394385056678
Kabel Drop,168/01 -> 168/01-07,39.9,m,,
Homepass (Titik Rumah),168/01-08,1,pcs,-7.243300762171335,112.7537672201418
Kabel Drop,168/01 -> 168/01-08,29.04,m,,
ODP,168/02,1,pcs,-7.243332456593999,112.75409760432092
Kabel Distribusi,ODC 168 -> 168/02,24.33,m,,
Homepass (Titik Rumah),168/02-01,1,pcs,-7.243306036278913,112.75412347500506
Kabel Drop,168/02 -> 168/02-01,4.91,m,,
Homepass (Titik Rumah),168/02-02,1,pcs,-7.243263984201357,112.75409664933491
Kabel Drop,168/02 -> 168/02-02,9.14,m,,
Homepass (Titik Rumah),168/02-03,1,pcs,-7.243362336569509,112.75405083199583
Kabel Drop,168/02 -> 168/02-03,7.36,m,,
Homepass (Titik Rumah),168/02-04,1,pcs,-7.2434027,112.7541169
Kabel Drop,168/02 -> 168/02-04,9.71,m,,
Homepass (Titik Rumah),168/02-05,1,pcs,-7.24342195,112.75418280000001
Kabel Drop,168/02 -> 168/02-05,16.42,m,,
Homepass (Titik Rumah),168/02-06,1,pcs,-7.243365766997302,112.75400699972008
Kabel Drop,168/02 -> 168/02-06,12.79,m,,
Homepass (Titik Rumah),168/02-07,1,pcs,-7.2431689983644745,112.75415583276111
Kabel Drop,168/02 -> 168/02-07,23.13,m,,
Homepass (Titik Rumah),168/02-08,1,pcs,-7.243160986136401,112.75411954826612
Kabel Drop,168/02 -> 168/02-08,23.06,m,,
ODP,168/03,1,pcs,-7.243660618927065,112.75413331745435
Kabel Distribusi,ODC 168 -> 168/03,24.75,m,,
Homepass (Titik Rumah),168/03-01,1,pcs,-7.243799299202933,112.75414951594277
Kabel Drop,168/03 -> 168/03-01,18.63,m,,
Homepass (Titik Rumah),168/03-02,1,pcs,-7.243766250000001,112.75416735000002
Kabel Drop,168/03 -> 168/03-02,14.8,m,,
Homepass (Titik Rumah),168/03-03,1,pcs,-7.2437267499999995,112.75418959999999
Kabel Drop,168/03 -> 168/03-03,11.55,m,,
Homepass (Titik Rumah),168/03-04,1,pcs,-7.2436701,112.75419090000001
Kabel Drop,168/03 -> 168/03-04,7.73,m,,
Homepass (Titik Rumah),168/03-05,1,pcs,-7.2437239009427605,112.75429896748663
Kabel Drop,168/03 -> 168/03-05,23.5,m,,
Homepass (Titik Rumah),168/03-06,1,pcs,-7.243620918993463,112.75422088876465
Kabel Drop,168/03 -> 168/03-06,12.74,m,,
Homepass (Titik Rumah),168/03-07,1,pcs,-7.243662979819531,112.75433266345375
Kabel Drop,168/03 -> 168/03-07,26.39,m,,
Homepass (Titik Rumah),168/03-08,1,pcs,-7.243571100000001,112.75426079999998
Kabel Drop,168/03 -> 168/03-08,20.67,m,,
ODP,168/04,1,pcs,-7.243365649090082,112.75419271645094
Kabel Distribusi,ODC 168 -> 168/04,27.92,m,,
Homepass (Titik Rumah),168/04-01,1,pcs,-7.243316728340453,112.75425309248855
Kabel Drop,168/04 -> 168/04-01,10.32,m,,
Homepass (Titik Rumah),168/04-02,1,pcs,-7.243308615425169,112.75422520101918
Kabel Drop,168/04 -> 168/04-02,8.74,m,,
Homepass (Titik Rumah),168/04-03,1,pcs,-7.243293940178905,112.75420194549635
Kabel Drop,168/04 -> 168/04-03,9.65,m,,
Homepass (Titik Rumah),168/04-04,1,pcs,-7.2432876440385465,112.75417643621815
Kabel Drop,168/04 -> 168/04-04,10.63,m,,
Homepass (Titik Rumah),168/04-05,1,pcs,-7.2432130845440135,112.75427269898425
Kabel Drop,168/04 -> 168/04-05,22.95,m,,
Homepass (Titik Rumah),168/04-06,1,pcs,-7.2432291,112.75432694999999
Kabel Drop,168/04 -> 168/04-06,25.45,m,,
Homepass (Titik Rumah),168/04-07,1,pcs,-7.24325975887048,112.75414596765953
Kabel Drop,168/04 -> 168/04-07,15.43,m,,
Homepass (Titik Rumah),168/04-08,1,pcs,-7.243198200000001,112.75422495000002
Kabel Drop,168/04 -> 168/04-08,22.75,m,,
ODC,ODC 169,1,pcs,-7.243206889632685,112.7537377958533
Join Closure,JOIN CLOSURE ODC 169,1,pcs,-7.243206889632685,112.7537377958533
ODP,169/01,1,pcs,-7.243002332014892,112.75373827915523
Kabel Distribusi,ODC 169 -> 169/01,27.29,m,,
Homepass (Titik Rumah),169/01-01,1,pcs,-7.24282395,112.75368714999998
Kabel Drop,169/01 -> 169/01-01,24.75,m,,
Homepass (Titik Rumah),169/01-02,1,pcs,-7.242922359599701,112.75370074425084
Kabel Drop,169/01 -> 169/01-02,11.77,m,,
Homepass (Titik Rumah),169/01-03,1,pcs,-7.242854345175536,112.7537860309863
Kabel Drop,169/01 -> 169/01-03,20.73,m,,
Homepass (Titik Rumah),169/01-04,1,pcs,-7.242887200000003,112.75384635
Kabel Drop,169/01 -> 169/01-04,20.99,m,,
Homepass (Titik Rumah),169/01-05,1,pcs,-7.242978765091286,112.75380302200898
Kabel Drop,169/01 -> 169/01-05,9.13,m,,
Homepass (Titik Rumah),169/01-06,1,pcs,-7.24303375,112.75364095
Kabel Drop,169/01 -> 169/01-06,13.55,m,,
Homepass (Titik Rumah),169/01-07,1,pcs,-7.242956132448536,112.7538904322504
Kabel Drop,169/01 -> 169/01-07,21.06,m,,
Homepass (Titik Rumah),169/01-08,1,pcs,-7.243071861387775,112.7537040687221
Kabel Drop,169/01 -> 169/01-08,10.32,m,,
ODP,169/02,1,pcs,-7.243195224250494,112.75370436904065
Kabel Distribusi,ODC 169 -> 169/02,4.69,m,,
Homepass (Titik Rumah),169/02-01,1,pcs,-7.243068599999999,112.75375320000002
Kabel Drop,169/02 -> 169/02-01,18.09,m,,
Homepass (Titik Rumah),169/02-02,1,pcs,-7.243110344780484,112.75374518008826
Kabel Drop,169/02 -> 169/02-02,12.55,m,,
Homepass (Titik Rumah),169/02-03,1,pcs,-7.243096,112.7538384
Kabel Drop,169/02 -> 169/02-03,22.14,m,,
Homepass (Titik Rumah),169/02-04,1,pcs,-7.243156329895937,112.75371130644756
Kabel Drop,169/02 -> 169/02-04,5.27,m,,
Homepass (Titik Rumah),169/02-05,1,pcs,-7.243125400000001,112.75364445
Kabel Drop,169/02 -> 169/02-05,12.24,m,,
Homepass (Titik Rumah),169/02-06,1,pcs,-7.2431164,112.75390009999997
Kabel Drop,169/02 -> 169/02-06,27.96,m,,
Homepass (Titik Rumah),169/02-07,1,pcs,-7.2430883961879395,112.7535773300724
Kabel Drop,169/02 -> 169/02-07,22.04,m,,
Homepass (Titik Rumah),169/02-08,1,pcs,-7.243229538540288,112.75366417971648
Kabel Drop,169/02 -> 169/02-08,7.02,m,,
ODP,169/03,1,pcs,-7.243168599837071,112.75361465423062
Kabel Distribusi,ODC 169 -> 169/03,17.08,m,,
Homepass (Titik Rumah),169/03-01,1,pcs,-7.24321435,112.7536163
Kabel Drop,169/03 -> 169/03-01,6.11,m,,
Homepass (Titik Rumah),169/03-02,1,pcs,-7.2431762,112.75356185
Kabel Drop,169/03 -> 169/03-02,7.06,m,,
Homepass (Titik Rumah),169/03-03,1,pcs,-7.243209849634304,112.75353896603015
Kabel Drop,169/03 -> 169/03-03,11.43,m,,
Homepass (Titik Rumah),169/03-04,1,pcs,-7.243296861550965,112.75359272082702
Kabel Drop,169/03 -> 169/03-04,17.36,m,,
Homepass (Titik Rumah),169/03-05,1,pcs,-7.243303483433535,112.75364061670008
Kabel Drop,169/03 -> 169/03-05,18.32,m,,
Homepass (Titik Rumah),169/03-06,1,pcs,-7.24312265,112.75356080000003
Kabel Drop,169/03 -> 169/03-06,9.4,m,,
Homepass (Titik Rumah),169/03-07,1,pcs,-7.243277712248587,112.75372377349184
Kabel Drop,169/03 -> 169/03-07,20.51,m,,
Homepass (Titik Rumah),169/03-08,1,pcs,-7.2432729999999985,112.7534977
Kabel Drop,169/03 -> 169/03-08,20.83,m,,
ODP,169/04,1,pcs,-7.243456753460949,112.75389550339627
Kabel Distribusi,ODC 169 -> 169/04,39.34,m,,
Homepass (Titik Rumah),169/04-01,1,pcs,-7.243364174715743,112.75397411483168
Kabel Drop,169/04 -> 169/04-01,16.15,m,,
Homepass (Titik Rumah),169/04-02,1,pcs,-7.243363450000003,112.7539136
Kabel Drop,169/04 -> 169/04-02,12.68,m,,
Homepass (Titik Rumah),169/04-03,1,pcs,-7.243446446577399,112.7539665306883
Kabel Drop,169/04 -> 169/04-03,9.5,m,,
Homepass (Titik Rumah),169/04-04,1,pcs,-7.243346221502332,112.75384891710519
Kabel Drop,169/04 -> 169/04-04,15.99,m,,
Homepass (Titik Rumah),169/04-05,1,pcs,-7.243228979867945,112.75393950613172
Kabel Drop,169/04 -> 169/04-05,30.95,m,,
Homepass (Titik Rumah),169/04-06,1,pcs,-7.243322817800632,112.75380789907021
Kabel Drop,169/04 -> 169/04-06,21.3,m,,
Homepass (Titik Rumah),169/04-07,1,pcs,-7.243533319880092,112.75392221831703
Kabel Drop,169/04 -> 169/04-07,10.81,m,,
Homepass (Titik Rumah),169/04-08,1,pcs,-7.2435412305554685,112.7539693528847
Kabel Drop,169/04 -> 169/04-08,14.92,m,,
ODC,ODC 170,1,pcs,-7.242628293141401,112.75398832762961
Join Closure,JOIN CLOSURE ODC 170,1,pcs,-7.242628293141401,112.75398832762961
ODP,170/01,1,pcs,-7.242651275625911,112.75405419563313
Kabel Distribusi,ODC 170 -> 170/01,9.24,m,,
Homepass (Titik Rumah),170/01-01,1,pcs,-7.242616899999999,112.7541977
Kabel Drop,170/01 -> 170/01-01,19.54,m,,
Homepass (Titik Rumah),170/01-02,1,pcs,-7.242590150000001,112.75414515
Kabel Drop,170/01 -> 170/01-02,14.54,m,,
Homepass (Titik Rumah),170/01-03,1,pcs,-7.24254418262297,112.754079216508
Kabel Drop,170/01 -> 170/01-03,14.67,m,,
Homepass (Titik Rumah),170/01-04,1,pcs,-7.242432575486207,112.75411211210765
Kabel Drop,170/01 -> 170/01-04,30.17,m,,
Homepass (Titik Rumah),170/01-05,1,pcs,-7.242510232825688,112.75398083211505
Kabel Drop,170/01 -> 170/01-05,21.18,m,,
Homepass (Titik Rumah),170/01-06,1,pcs,-7.24276491369205,112.75400397264117
Kabel Drop,170/01 -> 170/01-06,16.56,m,,
Homepass (Titik Rumah),170/01-07,1,pcs,-7.2423457626696335,112.75413701903788
Kabel Drop,170/01 -> 170/01-07,42.21,m,,
Homepass (Titik Rumah),170/01-08,1,pcs,-7.242827450000001,112.75397925
Kabel Drop,170/01 -> 170/01-08,25.52,m,,
ODP,170/02,1,pcs,-7.242974606177092,112.75430460009568
Kabel Distribusi,ODC 170 -> 170/02,62.35,m,,
Homepass (Titik Rumah),170/02-01,1,pcs,-7.243064549999996,112.75430395
Kabel Drop,170/02 -> 170/02-01,12.0,m,,
Homepass (Titik Rumah),170/02-02,1,pcs,-7.243047865047526,112.75426708547087
Kabel Drop,170/02 -> 170/02-02,10.96,m,,
Homepass (Titik Rumah),170/02-03,1,pcs,-7.24302556853433,112.75420498374562
Kabel Drop,170/02 -> 170/02-03,14.84,m,,
Homepass (Titik Rumah),170/02-04,1,pcs,-7.242932650000003,112.75426155000002
Kabel Drop,170/02 -> 170/02-04,7.99,m,,
Homepass (Titik Rumah),170/02-05,1,pcs,-7.242901499999997,112.75435744999997
Kabel Drop,170/02 -> 170/02-05,12.0,m,,
Homepass (Titik Rumah),170/02-06,1,pcs,-7.243004370189413,112.7541335169351
Kabel Drop,170/02 -> 170/02-06,22.99,m,,
Homepass (Titik Rumah),170/02-07,1,pcs,-7.242919133812459,112.75441329958322
Kabel Drop,170/02 -> 170/02-07,16.18,m,,
Homepass (Titik Rumah),170/02-08,1,pcs,-7.242931899999997,112.75448505000001
Kabel Drop,170/02 -> 170/02-08,24.56,m,,
ODP,170/03,1,pcs,-7.2426816901089,112.75364180002413
Kabel Distribusi,ODC 170 -> 170/03,46.42,m,,
Homepass (Titik Rumah),170/03-01,1,pcs,-7.24236555,112.7533686
Kabel Drop,170/03 -> 170/03-01,55.56,m,,
Homepass (Titik Rumah),170/03-02,1,pcs,-7.2426038711517675,112.7534662115562
Kabel Drop,170/03 -> 170/03-02,25.46,m,,
Homepass (Titik Rumah),170/03-03,1,pcs,-7.242589415110155,112.75356366880555
Kabel Drop,170/03 -> 170/03-03,16.08,m,,
Homepass (Titik Rumah),170/03-04,1,pcs,-7.242605983229344,112.75361673161
Kabel Drop,170/03 -> 170/03-04,10.63,m,,
Homepass (Titik Rumah),170/03-05,1,pcs,-7.242767144279632,112.75354533002637
Kabel Drop,170/03 -> 170/03-05,17.12,m,,
Homepass (Titik Rumah),170/03-06,1,pcs,-7.24249617008238,112.75380646446102
Kabel Drop,170/03 -> 170/03-06,32.98,m,,
Homepass (Titik Rumah),170/03-07,1,pcs,-7.242822256464094,112.75342867868581
Kabel Drop,170/03 -> 170/03-07,33.88,m,,
Homepass (Titik Rumah),170/03-08,1,pcs,-7.242872000000002,112.75347264999999
Kabel Drop,170/03 -> 170/03-08,33.86,m,,
ODP,170/04,1,pcs,-7.242204182695385,112.75395320951569
Kabel Distribusi,ODC 170 -> 170/04,56.78,m,,
Homepass (Titik Rumah),170/04-01,1,pcs,-7.2423354,112.75406815
Kabel Drop,170/04 -> 170/04-01,23.2,m,,
Homepass (Titik Rumah),170/04-02,1,pcs,-7.242263407378489,112.75390796461856
Kabel Drop,170/04 -> 170/04-02,9.92,m,,
Homepass (Titik Rumah),170/04-03,1,pcs,-7.242151150000001,112.7540491
Kabel Drop,170/04 -> 170/04-03,14.53,m,,
Homepass (Titik Rumah),170/04-04,1,pcs,-7.24235565,112.75387610000001
Kabel Drop,170/04 -> 170/04-04,22.64,m,,
Homepass (Titik Rumah),170/04-05,1,pcs,-7.2424131257842825,112.75386048950413
Kabel Drop,170/04 -> 170/04-05,30.46,m,,
Homepass (Titik Rumah),170/04-06,1,pcs,-7.242126400000002,112.75397975
Kabel Drop,170/04 -> 170/04-06,10.96,m,,
Homepass (Titik Rumah),170/04-07,1,pcs,-7.24239518171862,112.7538001659488
Kabel Drop,170/04 -> 170/04-07,32.56,m,,
Homepass (Titik Rumah),170/04-08,1,pcs,-7.242087667185091,112.75392709959802
Kabel Drop,170/04 -> 170/04-08,15.93,m,,
ODC,ODC 171,1,pcs,-7.242336983570215,112.75437189011808
Join Closure,JOIN CLOSURE ODC 171,1,pcs,-7.242336983570215,112.75437189011808
ODP,171/01,1,pcs,-7.242394307983486,112.75455261648686
Kabel Distribusi,ODC 171 -> 171/01,25.12,m,,
Homepass (Titik Rumah),171/01-01,1,pcs,-7.242496117390806,112.75455919950382
Kabel Drop,171/01 -> 171/01-01,13.61,m,,
Homepass (Titik Rumah),171/01-02,1,pcs,-7.2424746499999975,112.7545154
Kabel Drop,171/01 -> 171/01-02,11.8,m,,
Homepass (Titik Rumah),171/01-03,1,pcs,-7.2425784,112.7545187
Kabel Drop,171/01 -> 171/01-03,24.97,m,,
Homepass (Titik Rumah),171/01-04,1,pcs,-7.242447850000001,112.75446295
Kabel Drop,171/01 -> 171/01-04,13.85,m,,
Homepass (Titik Rumah),171/01-05,1,pcs,-7.242454432762777,112.7543934503843
Kabel Drop,171/01 -> 171/01-05,22.54,m,,
Homepass (Titik Rumah),171/01-06,1,pcs,-7.242320799999998,112.75449145
Kabel Drop,171/01 -> 171/01-06,12.72,m,,
Homepass (Titik Rumah),171/01-07,1,pcs,-7.242675500000001,112.75468135
Kabel Drop,171/01 -> 171/01-07,41.21,m,,
Homepass (Titik Rumah),171/01-08,1,pcs,-7.2427002868742685,112.75448328154556
Kabel Drop,171/01 -> 171/01-08,41.85,m,,
ODP,171/02,1,pcs,-7.242323378507577,112.75432899751041
Kabel Distribusi,ODC 171 -> 171/02,5.96,m,,
Homepass (Titik Rumah),171/02-01,1,pcs,-7.242391799999998,112.75435550000003
Kabel Drop,171/02 -> 171/02-01,9.78,m,,
Homepass (Titik Rumah),171/02-02,1,pcs,-7.24240385,112.75428815000001
Kabel Drop,171/02 -> 171/02-02,12.02,m,,
Homepass (Titik Rumah),171/02-03,1,pcs,-7.242379449999997,112.75422970000001
Kabel Drop,171/02 -> 171/02-03,15.12,m,,
Homepass (Titik Rumah),171/02-04,1,pcs,-7.242487031889664,112.75426186165247
Kabel Drop,171/02 -> 171/02-04,23.58,m,,
Homepass (Titik Rumah),171/02-05,1,pcs,-7.24227462478546,112.75446233345255
Kabel Drop,171/02 -> 171/02-05,18.81,m,,
Homepass (Titik Rumah),171/02-06,1,pcs,-7.242231215297844,112.75436168035635
Kabel Drop,171/02 -> 171/02-06,13.04,m,,
Homepass (Titik Rumah),171/02-07,1,pcs,-7.242243500000003,112.75441935000002
Kabel Drop,171/02 -> 171/02-07,16.02,m,,
Homepass (Titik Rumah),171/02-08,1,pcs,-7.242379549999999,112.75418869999997
Kabel Drop,171/02 -> 171/02-08,20.03,m,,
ODP,171/03,1,pcs,-7.242290109991236,112.75422411203823
Kabel Distribusi,ODC 171 -> 171/03,20.54,m,,
Homepass (Titik Rumah),171/03-01,1,pcs,-7.2421863480967295,112.75429366937324
Kabel Drop,171/03 -> 171/03-01,16.63,m,,
Homepass (Titik Rumah),171/03-02,1,pcs,-7.242178560815864,112.75434776909687
Kabel Drop,171/03 -> 171/03-02,22.12,m,,
Homepass (Titik Rumah),171/03-03,1,pcs,-7.242182311268305,112.75422641929939
Kabel Drop,171/03 -> 171/03-03,14.39,m,,
Homepass (Titik Rumah),171/03-04,1,pcs,-7.242084300000002,112.75430475
Kabel Drop,171/03 -> 171/03-04,29.46,m,,
Homepass (Titik Rumah),171/03-05,1,pcs,-7.242074266352921,112.75441635022162
Kabel Drop,171/03 -> 171/03-05,38.43,m,,
Homepass (Titik Rumah),171/03-06,1,pcs,-7.242155668632755,112.75412824758989
Kabel Drop,171/03 -> 171/03-06,21.97,m,,
Homepass (Titik Rumah),171/03-07,1,pcs,-7.2420478500000005,112.75418619999999
Kabel Drop,171/03 -> 171/03-07,32.71,m,,
Homepass (Titik Rumah),171/03-08,1,pcs,-7.242010669294328,112.7543338425072
Kabel Drop,171/03 -> 171/03-08,40.02,m,,
ODP,171/04,1,pcs,-7.242723199937824,112.75426033134609
Kabel Distribusi,ODC 171 -> 171/04,53.61,m,,
Homepass (Titik Rumah),171/04-01,1,pcs,-7.242837100000001,112.75429020000001
Kabel Drop,171/04 -> 171/04-01,15.7,m,,
Homepass (Titik Rumah),171/04-02,1,pcs,-7.242803990554398,112.75421288037882
Kabel Drop,171/04 -> 171/04-02,12.48,m,,
Homepass (Titik Rumah),171/04-03,1,pcs,-7.242884650000001,112.75415129999998
Kabel Drop,171/04 -> 171/04-03,25.93,m,,
Homepass (Titik Rumah),171/04-04,1,pcs,-7.242670750000001,112.75424815
Kabel Drop,171/04 -> 171/04-04,7.18,m,,
Homepass (Titik Rumah),171/04-05,1,pcs,-7.242814991294071,112.75411451649228
Kabel Drop,171/04 -> 171/04-05,22.86,m,,
Homepass (Titik Rumah),171/04-06,1,pcs,-7.242691150000001,112.7543974
Kabel Drop,171/04 -> 171/04-06,18.64,m,,
Homepass (Titik Rumah),171/04-07,1,pcs,-7.242634188471427,112.75434037995845
Kabel Drop,171/04 -> 171/04-07,15.92,m,,
Homepass (Titik Rumah),171/04-08,1,pcs,-7.2426135,112.75427035
Kabel Drop,171/04 -> 171/04-08,14.7,m,,
ODC,ODC 172,1,pcs,-7.242067887971735,112.75472452039355
Join Closure,JOIN CLOSURE ODC 172,1,pcs,-7.242067887971735,112.75472452039355
ODP,172/01,1,pcs,-7.242105095734117,112.7548228757289
Kabel Distribusi,ODC 172 -> 172/01,13.93,m,,
Homepass (Titik Rumah),172/01-01,1,pcs,-7.2422004265092825,112.75480743290372
Kabel Drop,172/01 -> 172/01-01,12.88,m,,
Homepass (Titik Rumah),172/01-02,1,pcs,-7.2421966891639045,112.75475703595076
Kabel Drop,172/01 -> 172/01-02,15.01,m,,
Homepass (Titik Rumah),172/01-03,1,pcs,-7.242268249999999,112.75486119999998
Kabel Drop,172/01 -> 172/01-03,22.35,m,,
Homepass (Titik Rumah),172/01-04,1,pcs,-7.242212160068288,112.754686077487
Kabel Drop,172/01 -> 172/01-04,23.06,m,,
Homepass (Titik Rumah),172/01-05,1,pcs,-7.242137519379539,112.75470249398484
Kabel Drop,172/01 -> 172/01-05,16.51,m,,
Homepass (Titik Rumah),172/01-06,1,pcs,-7.242295350000001,112.75470460000001
Kabel Drop,172/01 -> 172/01-06,29.83,m,,
Homepass (Titik Rumah),172/01-07,1,pcs,-7.2423461962078814,112.75486548017193
Kabel Drop,172/01 -> 172/01-07,32.66,m,,
Homepass (Titik Rumah),172/01-08,1,pcs,-7.2423703901292775,112.7547499407126
Kabel Drop,172/01 -> 172/01-08,36.69,m,,
ODP,172/02,1,pcs,-7.241988218998807,112.75451392271049
Kabel Distribusi,ODC 172 -> 172/02,29.83,m,,
Homepass (Titik Rumah),172/02-01,1,pcs,-7.241918499999998,112.75457219999998
Kabel Drop,172/02 -> 172/02-01,12.09,m,,
Homepass (Titik Rumah),172/02-02,1,pcs,-7.241835150000001,112.7545963
Kabel Drop,172/02 -> 172/02-02,23.15,m,,
Homepass (Titik Rumah),172/02-03,1,pcs,-7.241857231381722,112.75450695237777
Kabel Drop,172/02 -> 172/02-03,17.5,m,,
Homepass (Titik Rumah),172/02-04,1,pcs,-7.241912119078835,112.75467509711498
Kabel Drop,172/02 -> 172/02-04,23.63,m,,
Homepass (Titik Rumah),172/02-05,1,pcs,-7.241707914799722,112.75452980124689
Kabel Drop,172/02 -> 172/02-05,37.46,m,,
Homepass (Titik Rumah),172/02-06,1,pcs,-7.241642406798709,112.75464356073863
Kabel Drop,172/02 -> 172/02-06,49.23,m,,
Homepass (Titik Rumah),172/02-07,1,pcs,-7.2417014188137205,112.75478117183337
Kabel Drop,172/02 -> 172/02-07,52.11,m,,
Homepass (Titik Rumah),172/02-08,1,pcs,-7.241630084198747,112.75444975797103
Kabel Drop,172/02 -> 172/02-08,48.54,m,,
ODP,172/03,1,pcs,-7.242428920089151,112.75466173788585
Kabel Distribusi,ODC 172 -> 172/03,48.89,m,,
Homepass (Titik Rumah),172/03-01,1,pcs,-7.2426562832707795,112.75476186532545
Kabel Drop,172/03 -> 172/03-01,33.11,m,,
Homepass (Titik Rumah),172/03-02,1,pcs,-7.24272915,112.75473865
Kabel Drop,172/03 -> 172/03-02,41.33,m,,
Homepass (Titik Rumah),172/03-03,1,pcs,-7.242546303627985,112.7547898694785
Kabel Drop,172/03 -> 172/03-03,23.09,m,,
Homepass (Titik Rumah),172/03-04,1,pcs,-7.242714530928335,112.75463381024286
Kabel Drop,172/03 -> 172/03-04,38.29,m,,
Homepass (Titik Rumah),172/03-05,1,pcs,-7.242727523197342,112.75455201461361
Kabel Drop,172/03 -> 172/03-05,42.41,m,,
Homepass (Titik Rumah),172/03-06,1,pcs,-7.24211636972014,112.75464104448027
Kabel Drop,172/03 -> 172/03-06,41.79,m,,
Homepass (Titik Rumah),172/03-07,1,pcs,-7.242135082205285,112.7545685510028
Kabel Drop,172/03 -> 172/03-07,41.1,m,,
Homepass (Titik Rumah),172/03-08,1,pcs,-7.24216983249464,112.7544927316373
Kabel Drop,172/03 -> 172/03-08,41.18,m,,
ODP,172/04,1,pcs,-7.242423458159843,112.75464451809077
Kabel Distribusi,ODC 172 -> 172/04,48.61,m,,
Homepass (Titik Rumah),172/04-01,1,pcs,-7.242371958120901,112.75467886953943
Kabel Drop,172/04 -> 172/04-01,8.24,m,,
Homepass (Titik Rumah),172/04-02,1,pcs,-7.2423377332526035,112.75461740006348
Kabel Drop,172/04 -> 172/04-02,11.99,m,,
Homepass (Titik Rumah),172/04-03,1,pcs,-7.242311850000001,112.75457450000003
Kabel Drop,172/04 -> 172/04-03,17.54,m,,
Homepass (Titik Rumah),172/04-04,1,pcs,-7.242505221030977,112.75465396088322
Kabel Drop,172/04 -> 172/04-04,10.98,m,,
Homepass (Titik Rumah),172/04-05,1,pcs,-7.2425141,112.75468369999997
Kabel Drop,172/04 -> 172/04-05,13.16,m,,
Homepass (Titik Rumah),172/04-06,1,pcs,-7.242499417812372,112.75461289899603
Kabel Drop,172/04 -> 172/04-06,10.97,m,,
Homepass (Titik Rumah),172/04-07,1,pcs,-7.242309909870368,112.75453153349089
Kabel Drop,172/04 -> 172/04-07,21.29,m,,
Homepass (Titik Rumah),172/04-08,1,pcs,-7.2424173,112.7548414
Kabel Drop,172/04 -> 172/04-08,26.07,m,,
ODC,ODC 173,1,pcs,-7.242169649322102,112.75575635457228
Join Closure,JOIN CLOSURE ODC 173,1,pcs,-7.242169649322102,112.75575635457228
ODP,173/01,1,pcs,-7.242267632682773,112.7557216501543
Kabel Distribusi,ODC 173 -> 173/01,13.86,m,,
Homepass (Titik Rumah),173/01-01,1,pcs,-7.242345326493714,112.75588049306407
Kabel Drop,173/01 -> 173/01-01,23.44,m,,
Homepass (Titik Rumah),173/01-02,1,pcs,-7.24247155,112.75594720000001
Kabel Drop,173/01 -> 173/01-02,40.39,m,,
Homepass (Titik Rumah),173/01-03,1,pcs,-7.242010800000001,112.75538944999998
Kabel Drop,173/01 -> 173/01-03,55.75,m,,
Homepass (Titik Rumah),173/01-04,1,pcs,-7.242327265916741,112.75527467007018
Kabel Drop,173/01 -> 173/01-04,59.7,m,,
Homepass (Titik Rumah),173/01-05,1,pcs,-7.2420886,112.7553179
Kabel Drop,173/01 -> 173/01-05,58.54,m,,
Homepass (Titik Rumah),173/01-06,1,pcs,-7.24221435,112.75526165
Kabel Drop,173/01 -> 173/01-06,61.3,m,,
Homepass (Titik Rumah),173/01-07,1,pcs,-7.241849750000001,112.75546255
Kabel Drop,173/01 -> 173/01-07,65.46,m,,
Homepass (Titik Rumah),173/01-08,1,pcs,-7.242132700000001,112.7552609
Kabel Drop,173/01 -> 173/01-08,63.59,m,,
ODP,173/02,1,pcs,-7.242228116177,112.75573564638104
Kabel Distribusi,ODC 173 -> 173/02,8.27,m,,
Homepass (Titik Rumah),173/02-01,1,pcs,-7.242104906114942,112.75568737035631
Kabel Drop,173/02 -> 173/02-01,17.64,m,,
Homepass (Titik Rumah),173/02-02,1,pcs,-7.24220025,112.75565995000001
Kabel Drop,173/02 -> 173/02-02,10.69,m,,
Homepass (Titik Rumah),173/02-03,1,pcs,-7.242083050000001,112.75556060000001
Kabel Drop,173/02 -> 173/02-03,30.19,m,,
Homepass (Titik Rumah),173/02-04,1,pcs,-7.242248399999999,112.75562694999998
Kabel Drop,173/02 -> 173/02-04,14.64,m,,
Homepass (Titik Rumah),173/02-05,1,pcs,-7.241979649999999,112.75552359999999
Kabel Drop,173/02 -> 173/02-05,43.44,m,,
Homepass (Titik Rumah),173/02-06,1,pcs,-7.242300033054,112.75581703692103
Kabel Drop,173/02 -> 173/02-06,14.43,m,,
Homepass (Titik Rumah),173/02-07,1,pcs,-7.242327806276369,112.75561066303314
Kabel Drop,173/02 -> 173/02-07,21.23,m,,
Homepass (Titik Rumah),173/02-08,1,pcs,-7.242263499999999,112.75550305
Kabel Drop,173/02 -> 173/02-08,31.15,m,,
ODP,173/03,1,pcs,-7.24203387450976,112.75580444422555
Kabel Distribusi,ODC 173 -> 173/03,19.2,m,,
Homepass (Titik Rumah),173/03-01,1,pcs,-7.241952380093451,112.75612260939432
Kabel Drop,173/03 -> 173/03-01,43.5,m,,
Homepass (Titik Rumah),173/03-02,1,pcs,-7.2419134000000005,112.7559459
Kabel Drop,173/03 -> 173/03-02,24.68,m,,
Homepass (Titik Rumah),173/03-03,1,pcs,-7.242136299999999,112.75586884999997
Kabel Drop,173/03 -> 173/03-03,16.11,m,,
Homepass (Titik Rumah),173/03-04,1,pcs,-7.242215989695784,112.75588782439884
Kabel Drop,173/03 -> 173/03-04,26.69,m,,
Homepass (Titik Rumah),173/03-05,1,pcs,-7.242195669612403,112.75583589008178
Kabel Drop,173/03 -> 173/03-05,21.99,m,,
Homepass (Titik Rumah),173/03-06,1,pcs,-7.241966950000001,112.75574255000002
Kabel Drop,173/03 -> 173/03-06,12.12,m,,
Homepass (Titik Rumah),173/03-07,1,pcs,-7.242261100000001,112.75582875000002
Kabel Drop,173/03 -> 173/03-07,30.49,m,,
Homepass (Titik Rumah),173/03-08,1,pcs,-7.241812081949147,112.75571950421444
Kabel Drop,173/03 -> 173/03-08,31.66,m,,
ODP,173/04,1,pcs,-7.242278144258676,112.7561283729972
Kabel Distribusi,ODC 173 -> 173/04,51.33,m,,
Homepass (Titik Rumah),173/04-01,1,pcs,-7.24246845,112.75647135
Kabel Drop,173/04 -> 173/04-01,52.02,m,,
Homepass (Titik Rumah),173/04-02,1,pcs,-7.2423934983429366,112.7564969816822
Kabel Drop,173/04 -> 173/04-02,51.16,m,,
Homepass (Titik Rumah),173/04-03,1,pcs,-7.242342586170883,112.75630489801867
Kabel Drop,173/04 -> 173/04-03,24.9,m,,
Homepass (Titik Rumah),173/04-04,1,pcs,-7.242461533576908,112.75621736743418
Kabel Drop,173/04 -> 173/04-04,27.16,m,,
Homepass (Titik Rumah),173/04-05,1,pcs,-7.24235412326584,112.75621538596019
Kabel Drop,173/04 -> 173/04-05,15.34,m,,
Homepass (Titik Rumah),173/04-06,1,pcs,-7.242201138384221,112.75656729705942
Kabel Drop,173/04 -> 173/04-06,59.0,m,,
Homepass (Titik Rumah),173/04-07,1,pcs,-7.242528716679441,112.756182130593
Kabel Drop,173/04 -> 173/04-07,34.18,m,,
Homepass (Titik Rumah),173/04-08,1,pcs,-7.242167948072237,112.75644361383057
Kabel Drop,173/04 -> 173/04-08,44.24,m,,
ODC,ODC 174,1,pcs,-7.242603432412124,112.75577986270666
Join Closure,JOIN CLOSURE ODC 174,1,pcs,-7.242603432412124,112.75577986270666
ODP,174/01,1,pcs,-7.242685172889527,112.75597599527684
Kabel Distribusi,ODC 174 -> 174/01,28.16,m,,
Homepass (Titik Rumah),174/01-01,1,pcs,-7.242831202064605,112.75586549869466
Kabel Drop,174/01 -> 174/01-01,24.36,m,,
Homepass (Titik Rumah),174/01-02,1,pcs,-7.242879846090171,112.75585980579305
Kabel Drop,174/01 -> 174/01-02,30.19,m,,
Homepass (Titik Rumah),174/01-03,1,pcs,-7.242772949086258,112.75588669871856
Kabel Drop,174/01 -> 174/01-03,16.64,m,,
Homepass (Titik Rumah),174/01-04,1,pcs,-7.2428991,112.75594215
Kabel Drop,174/01 -> 174/01-04,28.89,m,,
Homepass (Titik Rumah),174/01-05,1,pcs,-7.242731044143231,112.75593301989602
Kabel Drop,174/01 -> 174/01-05,8.36,m,,
Homepass (Titik Rumah),174/01-06,1,pcs,-7.242776700000002,112.75601309999999
Kabel Drop,174/01 -> 174/01-06,13.16,m,,
Homepass (Titik Rumah),174/01-07,1,pcs,-7.242835377831725,112.75607868484596
Kabel Drop,174/01 -> 174/01-07,24.22,m,,
Homepass (Titik Rumah),174/01-08,1,pcs,-7.242582281144601,112.75588429375583
Kabel Drop,174/01 -> 174/01-08,18.33,m,,
ODP,174/02,1,pcs,-7.242645372790754,112.755880496744
Kabel Distribusi,ODC 174 -> 174/02,14.45,m,,
Homepass (Titik Rumah),174/02-01,1,pcs,-7.241583450000002,112.75499595000001
Kabel Drop,174/02 -> 174/02-01,183.81,m,,
Homepass (Titik Rumah),174/02-02,1,pcs,-7.24298495,112.75406945000002
Kabel Drop,174/02 -> 174/02-02,243.97,m,,
Homepass (Titik Rumah),174/02-03,1,pcs,-7.242963838706273,112.75394863066815
Kabel Drop,174/02 -> 174/02-03,259.23,m,,
Homepass (Titik Rumah),174/02-04,1,pcs,-7.242189552308586,112.7567016684747
Kabel Drop,174/02 -> 174/02-04,124.56,m,,
Homepass (Titik Rumah),174/02-05,1,pcs,-7.24289865,112.75668420000001
Kabel Drop,174/02 -> 174/02-05,111.62,m,,
Homepass (Titik Rumah),174/02-06,1,pcs,-7.243004399999997,112.75664445
Kabel Drop,174/02 -> 174/02-06,111.9,m,,
Homepass (Titik Rumah),174/02-07,1,pcs,-7.242327155162387,112.75716967032253
Kabel Drop,174/02 -> 174/02-07,175.85,m,,
Homepass (Titik Rumah),174/02-08,1,pcs,-7.242819316560104,112.75699318723852
Kabel Drop,174/02 -> 174/02-08,149.1,m,,
ODP,174/03,1,pcs,-7.242447399137321,112.7556579792398
Kabel Distribusi,ODC 174 -> 174/03,26.34,m,,
Homepass (Titik Rumah),174/03-01,1,pcs,-7.2424232,112.75556195
Kabel Drop,174/03 -> 174/03-01,13.12,m,,
Homepass (Titik Rumah),174/03-02,1,pcs,-7.2423896,112.75547465000001
Kabel Drop,174/03 -> 174/03-02,25.46,m,,
Homepass (Titik Rumah),174/03-03,1,pcs,-7.2425547,112.75548340000003
Kabel Drop,174/03 -> 174/03-03,27.18,m,,
Homepass (Titik Rumah),174/03-04,1,pcs,-7.242524181337443,112.75572776790301
Kabel Drop,174/03 -> 174/03-04,13.8,m,,
Homepass (Titik Rumah),174/03-05,1,pcs,-7.242396768366853,112.75577704632386
Kabel Drop,174/03 -> 174/03-05,17.15,m,,
Homepass (Titik Rumah),174/03-06,1,pcs,-7.242245049999999,112.75533855
Kabel Drop,174/03 -> 174/03-06,50.17,m,,
Homepass (Titik Rumah),174/03-07,1,pcs,-7.2425170303400055,112.75583460676553
Kabel Drop,174/03 -> 174/03-07,25.16,m,,
Homepass (Titik Rumah),174/03-08,1,pcs,-7.242454419167228,112.75585624507367
Kabel Drop,174/03 -> 174/03-08,26.26,m,,
ODP,174/04,1,pcs,-7.242749490646599,112.7555575913752
Kabel Distribusi,ODC 174 -> 174/04,35.29,m,,
Homepass (Titik Rumah),174/04-01,1,pcs,-7.242804550000002,112.7556441
Kabel Drop,174/04 -> 174/04-01,13.61,m,,
Homepass (Titik Rumah),174/04-02,1,pcs,-7.242744602960158,112.75565601958766
Kabel Drop,174/04 -> 174/04-02,13.05,m,,
Homepass (Titik Rumah),174/04-03,1,pcs,-7.242801879814187,112.75549475489832
Kabel Drop,174/04 -> 174/04-03,10.87,m,,
Homepass (Titik Rumah),174/04-04,1,pcs,-7.242649200000001,112.7556784
Kabel Drop,174/04 -> 174/04-04,20.85,m,,
Homepass (Titik Rumah),174/04-05,1,pcs,-7.242715811985469,112.7557803993324
Kabel Drop,174/04 -> 174/04-05,29.83,m,,
Homepass (Titik Rumah),174/04-06,1,pcs,-7.242690516455801,112.75547661855514
Kabel Drop,174/04 -> 174/04-06,13.3,m,,
Homepass (Titik Rumah),174/04-07,1,pcs,-7.24295706877114,112.75578898986815
Kabel Drop,174/04 -> 174/04-07,41.3,m,,
Homepass (Titik Rumah),174/04-08,1,pcs,-7.242918149294611,112.75582706573304
Kabel Drop,174/04 -> 174/04-08,42.18,m,,
ODC,ODC 175,1,pcs,-7.242445799664271,112.75538185211741
Join Closure,JOIN CLOSURE ODC 175,1,pcs,-7.242445799664271,112.75538185211741
ODP,175/01,1,pcs,-7.242164764543991,112.7561703347204
Kabel Distribusi,ODC 175 -> 175/01,110.9,m,,
Homepass (Titik Rumah),175/01-01,1,pcs,-7.242235099999999,112.75625515
Kabel Drop,175/01 -> 175/01-01,14.63,m,,
Homepass (Titik Rumah),175/01-02,1,pcs,-7.242206600000001,112.75608634999998
Kabel Drop,175/01 -> 175/01-02,12.44,m,,
Homepass (Titik Rumah),175/01-03,1,pcs,-7.242113416633402,112.75645105340546
Kabel Drop,175/01 -> 175/01-03,37.78,m,,
Homepass (Titik Rumah),175/01-04,1,pcs,-7.242282426112274,112.75601755045533
Kabel Drop,175/01 -> 175/01-04,25.6,m,,
Homepass (Titik Rumah),175/01-05,1,pcs,-7.242070050586696,112.75646146764238
Kabel Drop,175/01 -> 175/01-05,40.56,m,,
Homepass (Titik Rumah),175/01-06,1,pcs,-7.24215385,112.75599249999999
Kabel Drop,175/01 -> 175/01-06,23.58,m,,
Homepass (Titik Rumah),175/01-07,1,pcs,-7.242376849999999,112.7560015
Kabel Drop,175/01 -> 175/01-07,36.06,m,,
Homepass (Titik Rumah),175/01-08,1,pcs,-7.2420192000000005,112.75647370000002
Kabel Drop,175/01 -> 175/01-08,44.61,m,,
ODP,175/02,1,pcs,-7.241832993114843,112.75525856417852
Kabel Distribusi,ODC 175 -> 175/02,83.38,m,,
Homepass (Titik Rumah),175/02-01,1,pcs,-7.241900050000001,112.75538594999999
Kabel Drop,175/02 -> 175/02-01,19.09,m,,
Homepass (Titik Rumah),175/02-02,1,pcs,-7.241769324767753,112.7553508376688
Kabel Drop,175/02 -> 175/02-02,14.88,m,,
Homepass (Titik Rumah),175/02-03,1,pcs,-7.2417897999999985,112.75548760000001
Kabel Drop,175/02 -> 175/02-03,30.86,m,,
Homepass (Titik Rumah),175/02-04,1,pcs,-7.241683810138044,112.75550352453631
Kabel Drop,175/02 -> 175/02-04,38.05,m,,
Homepass (Titik Rumah),175/02-05,1,pcs,-7.2418114000000005,112.75509579999998
Kabel Drop,175/02 -> 175/02-05,21.74,m,,
Homepass (Titik Rumah),175/02-06,1,pcs,-7.2419300136049625,112.75506261901882
Kabel Drop,175/02 -> 175/02-06,28.99,m,,
Homepass (Titik Rumah),175/02-07,1,pcs,-7.241657450000001,112.75514400000002
Kabel Drop,175/02 -> 175/02-07,27.9,m,,
Homepass (Titik Rumah),175/02-08,1,pcs,-7.242125200000001,112.75504444999999
Kabel Drop,175/02 -> 175/02-08,48.2,m,,
ODP,175/03,1,pcs,-7.242937781374063,112.7554968160291
Kabel Distribusi,ODC 175 -> 175/03,67.39,m,,
Homepass (Titik Rumah),175/03-01,1,pcs,-7.243037050000002,112.75558995000002
Kabel Drop,175/03 -> 175/03-01,18.1,m,,
Homepass (Titik Rumah),175/03-02,1,pcs,-7.2430423500000005,112.75551685
Kabel Drop,175/03 -> 175/03-02,14.2,m,,
Homepass (Titik Rumah),175/03-03,1,pcs,-7.2429802500000005,112.75554019999998
Kabel Drop,175/03 -> 175/03-03,8.07,m,,
Homepass (Titik Rumah),175/03-04,1,pcs,-7.2429068,112.75559195
Kabel Drop,175/03 -> 175/03-04,13.25,m,,
Homepass (Titik Rumah),175/03-05,1,pcs,-7.24303095,112.75577039999999
Kabel Drop,175/03 -> 175/03-05,38.29,m,,
Homepass (Titik Rumah),175/03-06,1,pcs,-7.2430132,112.75540760000001
Kabel Drop,175/03 -> 175/03-06,15.52,m,,
Homepass (Titik Rumah),175/03-07,1,pcs,-7.242851231857653,112.75561046735866
Kabel Drop,175/03 -> 175/03-07,18.97,m,,
Homepass (Titik Rumah),175/03-08,1,pcs,-7.242889000000001,112.75571725000002
Kabel Drop,175/03 -> 175/03-08,29.9,m,,
ODP,175/04,1,pcs,-7.242125968659766,112.75487805140922
Kabel Distribusi,ODC 175 -> 175/04,79.17,m,,
Homepass (Titik Rumah),175/04-01,1,pcs,-7.2420394341655445,112.75499643702368
Kabel Drop,175/04 -> 175/04-01,19.47,m,,
Homepass (Titik Rumah),175/04-02,1,pcs,-7.242038150000002,112.7549216
Kabel Drop,175/04 -> 175/04-02,13.06,m,,
Homepass (Titik Rumah),175/04-03,1,pcs,-7.241977,112.75494684999998
Kabel Drop,175/04 -> 175/04-03,21.86,m,,
Homepass (Titik Rumah),175/04-04,1,pcs,-7.241962030168956,112.75487605508019
Kabel Drop,175/04 -> 175/04-04,21.88,m,,
Homepass (Titik Rumah),175/04-05,1,pcs,-7.2420491198218615,112.75484859320314
Kabel Drop,175/04 -> 175/04-05,10.97,m,,
Homepass (Titik Rumah),175/04-06,1,pcs,-7.242221649999999,112.75497745000001
Kabel Drop,175/04 -> 175/04-06,18.33,m,,
Homepass (Titik Rumah),175/04-07,1,pcs,-7.2421932500000015,112.75488640000002
Kabel Drop,175/04 -> 175/04-07,9.05,m,,
Homepass (Titik Rumah),175/04-08,1,pcs,-7.241934744249399,112.75479511950024
Kabel Drop,175/04 -> 175/04-08,27.78,m,,
ODC,ODC 176,1,pcs,-7.242998613716109,112.7550621191251
Join Closure,JOIN CLOSURE ODC 176,1,pcs,-7.242998613716109,112.7550621191251
ODP,176/01,1,pcs,-7.243056707020124,112.75474170174556
Kabel Distribusi,ODC 176 -> 176/01,43.12,m,,
Homepass (Titik Rumah),176/01-01,1,pcs,-7.243169749999998,112.75457709999999
Kabel Drop,176/01 -> 176/01-01,26.5,m,,
Homepass (Titik Rumah),176/01-02,1,pcs,-7.243096191239741,112.7545347307837
Kabel Drop,176/01 -> 176/01-02,27.9,m,,
Homepass (Titik Rumah),176/01-03,1,pcs,-7.242999800000001,112.7545839
Kabel Drop,176/01 -> 176/01-03,22.23,m,,
Homepass (Titik Rumah),176/01-04,1,pcs,-7.243108568624824,112.75477364409393
Kabel Drop,176/01 -> 176/01-04,8.11,m,,
Homepass (Titik Rumah),176/01-05,1,pcs,-7.24291835,112.75461365000001
Kabel Drop,176/01 -> 176/01-05,25.06,m,,
Homepass (Titik Rumah),176/01-06,1,pcs,-7.24313325,112.75483450000002
Kabel Drop,176/01 -> 176/01-06,15.98,m,,
Homepass (Titik Rumah),176/01-07,1,pcs,-7.242995550000001,112.75485549999999
Kabel Drop,176/01 -> 176/01-07,17.13,m,,
Homepass (Titik Rumah),176/01-08,1,pcs,-7.24281279803644,112.7546347640367
Kabel Drop,176/01 -> 176/01-08,35.49,m,,
ODP,176/02,1,pcs,-7.2429988162933725,112.75506272917096
Kabel Distribusi,ODC 176 -> 176/02,0.09,m,,
Homepass (Titik Rumah),176/02-01,1,pcs,-7.2430718859267245,112.75493974839843
Kabel Drop,176/02 -> 176/02-01,18.98,m,,
Homepass (Titik Rumah),176/02-02,1,pcs,-7.243035449999999,112.75500745
Kabel Drop,176/02 -> 176/02-02,8.8,m,,
Homepass (Titik Rumah),176/02-03,1,pcs,-7.243118241280997,112.75503249582464
Kabel Drop,176/02 -> 176/02-03,16.43,m,,
Homepass (Titik Rumah),176/02-04,1,pcs,-7.2430909112121125,112.75510681993475
Kabel Drop,176/02 -> 176/02-04,13.6,m,,
Homepass (Titik Rumah),176/02-05,1,pcs,-7.2428937,112.7549493
Kabel Drop,176/02 -> 176/02-05,20.55,m,,
Homepass (Titik Rumah),176/02-06,1,pcs,-7.243116170264595,112.75516419559705
Kabel Drop,176/02 -> 176/02-06,20.63,m,,
Homepass (Titik Rumah),176/02-07,1,pcs,-7.242954800000003,112.75514770000002
Kabel Drop,176/02 -> 176/02-07,12.69,m,,
Homepass (Titik Rumah),176/02-08,1,pcs,-7.242851785273573,112.75510683247985
Kabel Drop,176/02 -> 176/02-08,20.47,m,,
ODP,176/03,1,pcs,-7.243034101593299,112.75516898813936
Kabel Distribusi,ODC 176 -> 176/03,14.92,m,,
Homepass (Titik Rumah),176/03-01,1,pcs,-7.242788800000001,112.7553822
Kabel Drop,176/03 -> 176/03-01,43.22,m,,
Homepass (Titik Rumah),176/03-02,1,pcs,-7.242714533263877,112.75533708373527
Kabel Drop,176/03 -> 176/03-02,48.1,m,,
Homepass (Titik Rumah),176/03-03,1,pcs,-7.242556747628289,112.75524494288278
Kabel Drop,176/03 -> 176/03-03,64.48,m,,
Homepass (Titik Rumah),176/03-04,1,pcs,-7.242690399999999,112.7550562
Kabel Drop,176/03 -> 176/03-04,48.23,m,,
Homepass (Titik Rumah),176/03-05,1,pcs,-7.242747933670111,112.75502339626571
Kabel Drop,176/03 -> 176/03-05,42.77,m,,
Homepass (Titik Rumah),176/03-06,1,pcs,-7.24250688754377,112.75510273109401
Kabel Drop,176/03 -> 176/03-06,70.89,m,,
Homepass (Titik Rumah),176/03-07,1,pcs,-7.243194549999999,112.75535284999998
Kabel Drop,176/03 -> 176/03-07,32.41,m,,
Homepass (Titik Rumah),176/03-08,1,pcs,-7.243210700000001,112.75547090000002
Kabel Drop,176/03 -> 176/03-08,46.39,m,,
ODP,176/04,1,pcs,-7.243052986702952,112.75522585919542
Kabel Distribusi,ODC 176 -> 176/04,22.86,m,,
Homepass (Titik Rumah),176/04-01,1,pcs,-7.2429859500000005,112.75521115
Kabel Drop,176/04 -> 176/04-01,9.15,m,,
Homepass (Titik Rumah),176/04-02,1,pcs,-7.242938617308879,112.75523643613164
Kabel Drop,176/04 -> 176/04-02,15.32,m,,
Homepass (Titik Rumah),176/04-03,1,pcs,-7.242900698783277,112.75525116549531
Kabel Drop,176/04 -> 176/04-03,20.59,m,,
Homepass (Titik Rumah),176/04-04,1,pcs,-7.2429928,112.7553101
Kabel Drop,176/04 -> 176/04-04,13.74,m,,
Homepass (Titik Rumah),176/04-05,1,pcs,-7.242884694278843,112.7551787314159
Kabel Drop,176/04 -> 176/04-05,23.31,m,,
Homepass (Titik Rumah),176/04-06,1,pcs,-7.24285165,112.75522994999999
Kabel Drop,176/04 -> 176/04-06,26.87,m,,
Homepass (Titik Rumah),176/04-07,1,pcs,-7.24317126836929,112.75527371913043
Kabel Drop,176/04 -> 176/04-07,17.01,m,,
Homepass (Titik Rumah),176/04-08,1,pcs,-7.2428758028382045,112.75538871886249
Kabel Drop,176/04 -> 176/04-08,32.0,m,,
ODC,ODC 177,1,pcs,-7.243740242897059,112.75504829639355
Join Closure,JOIN CLOSURE ODC 177,1,pcs,-7.243740242897059,112.75504829639355
ODP,177/01,1,pcs,-7.2439851,112.7547535
Kabel Distribusi,ODC 177 -> 177/01,50.89,m,,
Homepass (Titik Rumah),177/01-01,1,pcs,-7.244171453605164,112.75474672991474
Kabel Drop,177/01 -> 177/01-01,24.88,m,,
Homepass (Titik Rumah),177/01-02,1,pcs,-7.244186000000002,112.75479595
Kabel Drop,177/01 -> 177/01-02,27.39,m,,
Homepass (Titik Rumah),177/01-03,1,pcs,-7.243823599999995,112.75476819999999
Kabel Drop,177/01 -> 177/01-03,21.64,m,,
Homepass (Titik Rumah),177/01-04,1,pcs,-7.243800635110704,112.75471921508232
Kabel Drop,177/01 -> 177/01-04,25.03,m,,
Homepass (Titik Rumah),177/01-05,1,pcs,-7.243843899999998,112.7550609
Kabel Drop,177/01 -> 177/01-05,44.84,m,,
Homepass (Titik Rumah),177/01-06,1,pcs,-7.2436090708427106,112.75493649264551
Kabel Drop,177/01 -> 177/01-06,55.72,m,,
Homepass (Titik Rumah),177/01-07,1,pcs,-7.243588780762835,112.75502300201894
Kabel Drop,177/01 -> 177/01-07,63.79,m,,
Homepass (Titik Rumah),177/01-08,1,pcs,-7.244722053569632,112.75414776826763
Kabel Drop,177/01 -> 177/01-08,126.88,m,,
ODP,177/02,1,pcs,-7.2439851,112.7547535
Kabel Distribusi,ODC 177 -> 177/02,50.89,m,,
Homepass (Titik Rumah),177/02-01,1,pcs,-7.24399625,112.75494579999999
Kabel Drop,177/02 -> 177/02-01,25.5,m,,
Homepass (Titik Rumah),177/02-02,1,pcs,-7.243894395569299,112.75491068491151
Kabel Drop,177/02 -> 177/02-02,24.07,m,,
Homepass (Titik Rumah),177/02-03,1,pcs,-7.244097332130492,112.75489880158457
Kabel Drop,177/02 -> 177/02-03,24.38,m,,
Homepass (Titik Rumah),177/02-04,1,pcs,-7.2441166,112.7549438
Kabel Drop,177/02 -> 177/02-04,30.7,m,,
Homepass (Titik Rumah),177/02-05,1,pcs,-7.244070299999999,112.75482815000001
Kabel Drop,177/02 -> 177/02-05,15.06,m,,
Homepass (Titik Rumah),177/02-06,1,pcs,-7.2439583,112.75480809999999
Kabel Drop,177/02 -> 177/02-06,8.06,m,,
Homepass (Titik Rumah),177/02-07,1,pcs,-7.243853882807629,112.75498245031812
Kabel Drop,177/02 -> 177/02-07,35.0,m,,
Homepass (Titik Rumah),177/02-08,1,pcs,-7.24402495,112.75477205
Kabel Drop,177/02 -> 177/02-08,5.86,m,,
ODP,177/03,1,pcs,-7.24377642810425,112.75516279208314
Kabel Distribusi,ODC 177 -> 177/03,15.91,m,,
Homepass (Titik Rumah),177/03-01,1,pcs,-7.244048409870539,112.75517683307999
Kabel Drop,177/03 -> 177/03-01,36.34,m,,
Homepass (Titik Rumah),177/03-02,1,pcs,-7.244002320111428,112.75510103679743
Kabel Drop,177/03 -> 177/03-02,31.23,m,,
Homepass (Titik Rumah),177/03-03,1,pcs,-7.244048669616886,112.75508073536761
Kabel Drop,177/03 -> 177/03-03,37.92,m,,
Homepass (Titik Rumah),177/03-04,1,pcs,-7.24395945,112.75511284999999
Kabel Drop,177/03 -> 177/03-04,25.3,m,,
Homepass (Titik Rumah),177/03-05,1,pcs,-7.244089847131094,112.755070130604
Kabel Drop,177/03 -> 177/03-05,43.58,m,,
Homepass (Titik Rumah),177/03-06,1,pcs,-7.243953644003266,112.75502867920119
Kabel Drop,177/03 -> 177/03-06,29.57,m,,
Homepass (Titik Rumah),177/03-07,1,pcs,-7.243850520754362,112.75514064436703
Kabel Drop,177/03 -> 177/03-07,10.31,m,,
Homepass (Titik Rumah),177/03-08,1,pcs,-7.244149550000001,112.7549938
Kabel Drop,177/03 -> 177/03-08,54.58,m,,
ODP,177/04,1,pcs,-7.243811325729706,112.75533472327706
Kabel Distribusi,ODC 177 -> 177/04,39.08,m,,
Homepass (Titik Rumah),177/04-01,1,pcs,-7.2439430499999995,112.75549609999997
Kabel Drop,177/04 -> 177/04-01,27.66,m,,
Homepass (Titik Rumah),177/04-02,1,pcs,-7.243926600000001,112.75542355000002
Kabel Drop,177/04 -> 177/04-02,19.36,m,,
Homepass (Titik Rumah),177/04-03,1,pcs,-7.244049320628367,112.75534893362611
Kabel Drop,177/04 -> 177/04-03,31.81,m,,
Homepass (Titik Rumah),177/04-04,1,pcs,-7.2439936279273525,112.75531985835312
Kabel Drop,177/04 -> 177/04-04,24.4,m,,
Homepass (Titik Rumah),177/04-05,1,pcs,-7.244036400000001,112.75527215000001
Kabel Drop,177/04 -> 177/04-05,31.15,m,,
Homepass (Titik Rumah),177/04-06,1,pcs,-7.243918977419917,112.75523661767782
Kabel Drop,177/04 -> 177/04-06,19.36,m,,
Homepass (Titik Rumah),177/04-07,1,pcs,-7.244064700000001,112.75522920000002
Kabel Drop,177/04 -> 177/04-07,36.58,m,,
Homepass (Titik Rumah),177/04-08,1,pcs,-7.243891769454283,112.75519734770742
Kabel Drop,177/04 -> 177/04-08,21.12,m,,
ODC,ODC 178,1,pcs,-7.24343759535836,112.75531842212214
Join Closure,JOIN CLOSURE ODC 178,1,pcs,-7.24343759535836,112.75531842212214
ODP,178/01,1,pcs,-7.243518840186617,112.75528778943054
Kabel Distribusi,ODC 178 -> 178/01,11.57,m,,
Homepass (Titik Rumah),178/01-01,1,pcs,-7.243576150000001,112.75537074999998
Kabel Drop,178/01 -> 178/01-01,13.38,m,,
Homepass (Titik Rumah),178/01-02,1,pcs,-7.2435582499999995,112.75532815000001
Kabel Drop,178/01 -> 178/01-02,7.5,m,,
Homepass (Titik Rumah),178/01-03,1,pcs,-7.243496530385994,112.75538375436692
Kabel Drop,178/01 -> 178/01-03,13.05,m,,
Homepass (Titik Rumah),178/01-04,1,pcs,-7.243689957319901,112.75533941966434
Kabel Drop,178/01 -> 178/01-04,23.83,m,,
Homepass (Titik Rumah),178/01-05,1,pcs,-7.243685757640397,112.75528678423998
Kabel Drop,178/01 -> 178/01-05,22.27,m,,
Homepass (Titik Rumah),178/01-06,1,pcs,-7.243392999999999,112.75544995000001
Kabel Drop,178/01 -> 178/01-06,27.25,m,,
Homepass (Titik Rumah),178/01-07,1,pcs,-7.243595743959455,112.75510683136065
Kabel Drop,178/01 -> 178/01-07,26.06,m,,
Homepass (Titik Rumah),178/01-08,1,pcs,-7.243325265833431,112.75548737828687
Kabel Drop,178/01 -> 178/01-08,36.95,m,,
ODP,178/02,1,pcs,-7.243382482023711,112.75533920214986
Kabel Distribusi,ODC 178 -> 178/02,7.85,m,,
Homepass (Titik Rumah),178/02-01,1,pcs,-7.24334475,112.75517315
Kabel Drop,178/02 -> 178/02-01,22.55,m,,
Homepass (Titik Rumah),178/02-02,1,pcs,-7.243383220550547,112.75511253888928
Kabel Drop,178/02 -> 178/02-02,30.0,m,,
Homepass (Titik Rumah),178/02-03,1,pcs,-7.2432172,112.75513215
Kabel Drop,178/02 -> 178/02-03,35.18,m,,
Homepass (Titik Rumah),178/02-04,1,pcs,-7.24324345,112.75505725
Kabel Drop,178/02 -> 178/02-04,41.68,m,,
Homepass (Titik Rumah),178/02-05,1,pcs,-7.243467050000001,112.7550686
Kabel Drop,178/02 -> 178/02-05,37.55,m,,
Homepass (Titik Rumah),178/02-06,1,pcs,-7.243383149999999,112.75501445
Kabel Drop,178/02 -> 178/02-06,42.99,m,,
Homepass (Titik Rumah),178/02-07,1,pcs,-7.243181431488523,112.75520526601946
Kabel Drop,178/02 -> 178/02-07,32.16,m,,
Homepass (Titik Rumah),178/02-08,1,pcs,-7.243161746386678,112.75515238014614
Kabel Drop,178/02 -> 178/02-08,38.46,m,,
ODP,178/03,1,pcs,-7.243830024282211,112.7555214401217
Kabel Distribusi,ODC 178 -> 178/03,58.86,m,,
Homepass (Titik Rumah),178/03-01,1,pcs,-7.243569775036908,112.75560108001464
Kabel Drop,178/03 -> 178/03-01,36.29,m,,
Homepass (Titik Rumah),178/03-02,1,pcs,-7.243506761640038,112.75554412268443
Kabel Drop,178/03 -> 178/03-02,43.24,m,,
Homepass (Titik Rumah),178/03-03,1,pcs,-7.243681050000001,112.75561295000001
Kabel Drop,178/03 -> 178/03-03,23.28,m,,
Homepass (Titik Rumah),178/03-04,1,pcs,-7.243688600000003,112.75553540000001
Kabel Drop,178/03 -> 178/03-04,18.96,m,,
Homepass (Titik Rumah),178/03-05,1,pcs,-7.243531402364202,112.75546552008214
Kabel Drop,178/03 -> 178/03-05,40.53,m,,
Homepass (Titik Rumah),178/03-06,1,pcs,-7.243494149999999,112.75547375
Kabel Drop,178/03 -> 178/03-06,45.26,m,,
Homepass (Titik Rumah),178/03-07,1,pcs,-7.243694731053972,112.75546330114969
Kabel Drop,178/03 -> 178/03-07,19.62,m,,
Homepass (Titik Rumah),178/03-08,1,pcs,-7.24372195,112.75571540000001
Kabel Drop,178/03 -> 178/03-08,29.45,m,,
ODP,178/04,1,pcs,-7.243196352446512,112.75559554292647
Kabel Distribusi,ODC 178 -> 178/04,48.8,m,,
Homepass (Titik Rumah),178/04-01,1,pcs,-7.24318965,112.7556691
Kabel Drop,178/04 -> 178/04-01,9.78,m,,
Homepass (Titik Rumah),178/04-02,1,pcs,-7.243138459781084,112.75561012025088
Kabel Drop,178/04 -> 178/04-02,7.96,m,,
Homepass (Titik Rumah),178/04-03,1,pcs,-7.24307965,112.75565935
Kabel Drop,178/04 -> 178/04-03,17.72,m,,
Homepass (Titik Rumah),178/04-04,1,pcs,-7.24326495,112.7555674
Kabel Drop,178/04 -> 178/04-04,9.88,m,,
Homepass (Titik Rumah),178/04-05,1,pcs,-7.2433231000000005,112.75563605
Kabel Drop,178/04 -> 178/04-05,17.74,m,,
Homepass (Titik Rumah),178/04-06,1,pcs,-7.243230434634084,112.75552474899933
Kabel Drop,178/04 -> 178/04-06,10.42,m,,
Homepass (Titik Rumah),178/04-07,1,pcs,-7.243030630638549,112.75567626128316
Kabel Drop,178/04 -> 178/04-07,24.56,m,,
Homepass (Titik Rumah),178/04-08,1,pcs,-7.24311655,112.75552270000001
Kabel Drop,178/04 -> 178/04-08,14.37,m,,
ODC,ODC 179,1,pcs,-7.243336906475844,112.75590787597926
Join Closure,JOIN CLOSURE ODC 179,1,pcs,-7.243336906475844,112.75590787597926
ODP,179/01,1,pcs,-7.243297041363758,112.75581433627183
Kabel Distribusi,ODC 179 -> 179/01,13.48,m,,
Homepass (Titik Rumah),179/01-01,1,pcs,-7.243229930740455,112.75586625255995
Kabel Drop,179/01 -> 179/01-01,11.29,m,,
Homepass (Titik Rumah),179/01-02,1,pcs,-7.243163099999999,112.75580884999998
Kabel Drop,179/01 -> 179/01-02,17.89,m,,
Homepass (Titik Rumah),179/01-03,1,pcs,-7.243192518299521,112.75573944845925
Kabel Drop,179/01 -> 179/01-03,17.11,m,,
Homepass (Titik Rumah),179/01-04,1,pcs,-7.2431071000000005,112.75575060000001
Kabel Drop,179/01 -> 179/01-04,26.71,m,,
Homepass (Titik Rumah),179/01-05,1,pcs,-7.243404649999997,112.75579744999999
Kabel Drop,179/01 -> 179/01-05,14.53,m,,
Homepass (Titik Rumah),179/01-06,1,pcs,-7.243373131323856,112.75574235181493
Kabel Drop,179/01 -> 179/01-06,13.92,m,,
Homepass (Titik Rumah),179/01-07,1,pcs,-7.243419650000004,112.75584439999999
Kabel Drop,179/01 -> 179/01-07,16.84,m,,
Homepass (Titik Rumah),179/01-08,1,pcs,-7.243295730060607,112.75604653409349
Kabel Drop,179/01 -> 179/01-08,30.74,m,,
ODP,179/02,1,pcs,-7.243316393409788,112.75585974401382
Kabel Distribusi,ODC 179 -> 179/02,6.93,m,,
Homepass (Titik Rumah),179/02-01,1,pcs,-7.243112616385869,112.75599580025796
Kabel Drop,179/02 -> 179/02-01,32.61,m,,
Homepass (Titik Rumah),179/02-02,1,pcs,-7.2430654809395865,112.75594130876009
Kabel Drop,179/02 -> 179/02-02,35.18,m,,
Homepass (Titik Rumah),179/02-03,1,pcs,-7.243124800000001,112.75588255
Kabel Drop,179/02 -> 179/02-03,25.74,m,,
Homepass (Titik Rumah),179/02-04,1,pcs,-7.242998900000001,112.75596949999999
Kabel Drop,179/02 -> 179/02-04,44.79,m,,
Homepass (Titik Rumah),179/02-05,1,pcs,-7.243254087304717,112.75594013182352
Kabel Drop,179/02 -> 179/02-05,13.5,m,,
Homepass (Titik Rumah),179/02-06,1,pcs,-7.242952981823147,112.75603061132081
Kabel Drop,179/02 -> 179/02-06,53.51,m,,
Homepass (Titik Rumah),179/02-07,1,pcs,-7.243277318742113,112.7559993663121
Kabel Drop,179/02 -> 179/02-07,19.2,m,,
Homepass (Titik Rumah),179/02-08,1,pcs,-7.243039120771326,112.75584568564342
Kabel Drop,179/02 -> 179/02-08,37.04,m,,
ODP,179/03,1,pcs,-7.243323708310002,112.75587690773392
Kabel Distribusi,ODC 179 -> 179/03,4.46,m,,
Homepass (Titik Rumah),179/03-01,1,pcs,-7.243461196212522,112.7558878673045
Kabel Drop,179/03 -> 179/03-01,18.4,m,,
Homepass (Titik Rumah),179/03-02,1,pcs,-7.243602499999999,112.75584309999998
Kabel Drop,179/03 -> 179/03-02,37.47,m,,
Homepass (Titik Rumah),179/03-03,1,pcs,-7.2434999016419335,112.75573441887893
Kabel Drop,179/03 -> 179/03-03,30.14,m,,
Homepass (Titik Rumah),179/03-04,1,pcs,-7.243379785197705,112.75568191298572
Kabel Drop,179/03 -> 179/03-04,26.87,m,,
Homepass (Titik Rumah),179/03-05,1,pcs,-7.243692900000001,112.7559365
Kabel Drop,179/03 -> 179/03-05,49.89,m,,
Homepass (Titik Rumah),179/03-06,1,pcs,-7.243312349999999,112.75608890000002
Kabel Drop,179/03 -> 179/03-06,28.1,m,,
Homepass (Titik Rumah),179/03-07,1,pcs,-7.2435652,112.75565255
Kabel Drop,179/03 -> 179/03-07,43.82,m,,
Homepass (Titik Rumah),179/03-08,1,pcs,-7.243446170226033,112.755605997298
Kabel Drop,179/03 -> 179/03-08,39.41,m,,
ODP,179/04,1,pcs,-7.243407109699837,112.75608195346669
Kabel Distribusi,ODC 179 -> 179/04,24.87,m,,
Homepass (Titik Rumah),179/04-01,1,pcs,-7.243499183917288,112.75607263107818
Kabel Drop,179/04 -> 179/04-01,12.35,m,,
Homepass (Titik Rumah),179/04-02,1,pcs,-7.243479150000001,112.75601189999998
Kabel Drop,179/04 -> 179/04-02,13.36,m,,
Homepass (Titik Rumah),179/04-03,1,pcs,-7.2435836,112.7560708
Kabel Drop,179/04 -> 179/04-03,23.6,m,,
Homepass (Titik Rumah),179/04-04,1,pcs,-7.243567028591187,112.75597831135006
Kabel Drop,179/04 -> 179/04-04,25.37,m,,
Homepass (Titik Rumah),179/04-05,1,pcs,-7.243465580968915,112.7559505021287
Kabel Drop,179/04 -> 179/04-05,19.07,m,,
Homepass (Titik Rumah),179/04-06,1,pcs,-7.24363925,112.75604755
Kabel Drop,179/04 -> 179/04-06,31.31,m,,
Homepass (Titik Rumah),179/04-07,1,pcs,-7.243626878315769,112.75597601232208
Kabel Drop,179/04 -> 179/04-07,32.51,m,,
Homepass (Titik Rumah),179/04-08,1,pcs,-7.243352670032264,112.75618031356983
Kabel Drop,179/04 -> 179/04-08,14.91,m,,
ODC,ODC 180,1,pcs,-7.2431253476159565,112.7564729455312
Join Closure,JOIN CLOSURE ODC 180,1,pcs,-7.2431253476159565,112.7564729455312
ODP,180/01,1,pcs,-7.243187304058734,112.75642803871607
Kabel Distribusi,ODC 180 -> 180/01,10.18,m,,
Homepass (Titik Rumah),180/01-01,1,pcs,-7.243271350000002,112.75654360000001
Kabel Drop,180/01 -> 180/01-01,18.97,m,,
Homepass (Titik Rumah),180/01-02,1,pcs,-7.2432265,112.7565591
Kabel Drop,180/01 -> 180/01-02,18.12,m,,
Homepass (Titik Rumah),180/01-03,1,pcs,-7.243133849999999,112.75660130000003
Kabel Drop,180/01 -> 180/01-03,24.02,m,,
Homepass (Titik Rumah),180/01-04,1,pcs,-7.2431718,112.75638555
Kabel Drop,180/01 -> 180/01-04,5.99,m,,
Homepass (Titik Rumah),180/01-05,1,pcs,-7.2432263500000005,112.75635715
Kabel Drop,180/01 -> 180/01-05,10.73,m,,
Homepass (Titik Rumah),180/01-06,1,pcs,-7.243280350000003,112.75632905000002
Kabel Drop,180/01 -> 180/01-06,18.05,m,,
Homepass (Titik Rumah),180/01-07,1,pcs,-7.243049019267001,112.75639378757917
Kabel Drop,180/01 -> 180/01-07,19.0,m,,
Homepass (Titik Rumah),180/01-08,1,pcs,-7.24315725,112.75629980000001
Kabel Drop,180/01 -> 180/01-08,17.44,m,,
ODP,180/02,1,pcs,-7.242839170755562,112.75638704122454
Kabel Distribusi,ODC 180 -> 180/02,39.84,m,,
Homepass (Titik Rumah),180/02-01,1,pcs,-7.242721971367637,112.75643839331018
Kabel Drop,180/02 -> 180/02-01,17.05,m,,
Homepass (Titik Rumah),180/02-02,1,pcs,-7.24275585,112.75652405
Kabel Drop,180/02 -> 180/02-02,21.27,m,,
Homepass (Titik Rumah),180/02-03,1,pcs,-7.242622750000001,112.75645985000003
Kabel Drop,180/02 -> 180/02-03,30.44,m,,
Homepass (Titik Rumah),180/02-04,1,pcs,-7.242825749999999,112.75649029999998
Kabel Drop,180/02 -> 180/02-04,13.79,m,,
Homepass (Titik Rumah),180/02-05,1,pcs,-7.2426009426508555,112.75638357943303
Kabel Drop,180/02 -> 180/02-05,31.79,m,,
Homepass (Titik Rumah),180/02-06,1,pcs,-7.242532749999999,112.75642195
Kabel Drop,180/02 -> 180/02-06,41.15,m,,
Homepass (Titik Rumah),180/02-07,1,pcs,-7.2429481000000004,112.7564536
Kabel Drop,180/02 -> 180/02-07,17.0,m,,
Homepass (Titik Rumah),180/02-08,1,pcs,-7.24250075,112.7563229
Kabel Drop,180/02 -> 180/02-08,45.95,m,,
ODP,180/03,1,pcs,-7.24278372249714,112.75622598297608
Kabel Distribusi,ODC 180 -> 180/03,56.09,m,,
Homepass (Titik Rumah),180/03-01,1,pcs,-7.242860750000001,112.75614350000001
Kabel Drop,180/03 -> 180/03-01,14.99,m,,
Homepass (Titik Rumah),180/03-02,1,pcs,-7.242868344390946,112.75626643037656
Kabel Drop,180/03 -> 180/03-02,12.5,m,,
Homepass (Titik Rumah),180/03-03,1,pcs,-7.242671800357846,112.75613421713005
Kabel Drop,180/03 -> 180/03-03,19.25,m,,
Homepass (Titik Rumah),180/03-04,1,pcs,-7.24275275,112.75631975
Kabel Drop,180/03 -> 180/03-04,13.08,m,,
Homepass (Titik Rumah),180/03-05,1,pcs,-7.242923499999998,112.7563748
Kabel Drop,180/03 -> 180/03-05,27.13,m,,
Homepass (Titik Rumah),180/03-06,1,pcs,-7.242610149999998,112.7562086
Kabel Drop,180/03 -> 180/03-06,23.27,m,,
Homepass (Titik Rumah),180/03-07,1,pcs,-7.242686179931862,112.75635366022459
Kabel Drop,180/03 -> 180/03-07,21.33,m,,
Homepass (Titik Rumah),180/03-08,1,pcs,-7.242580919940078,112.75612109247194
Kabel Drop,180/03 -> 180/03-08,30.41,m,,
ODP,180/04,1,pcs,-7.243678586739112,112.75682478403604
Kabel Distribusi,ODC 180 -> 180/04,87.28,m,,
Homepass (Titik Rumah),180/04-01,1,pcs,-7.243879415415043,112.75704898819897
Kabel Drop,180/04 -> 180/04-01,39.99,m,,
Homepass (Titik Rumah),180/04-02,1,pcs,-7.243797136186836,112.75688171308536
Kabel Drop,180/04 -> 180/04-02,17.52,m,,
Homepass (Titik Rumah),180/04-03,1,pcs,-7.243668726744034,112.75698737901986
Kabel Drop,180/04 -> 180/04-03,21.56,m,,
Homepass (Titik Rumah),180/04-04,1,pcs,-7.2436837999999995,112.75670145000002
Kabel Drop,180/04 -> 180/04-04,16.34,m,,
Homepass (Titik Rumah),180/04-05,1,pcs,-7.24372863386513,112.75667511094277
Kabel Drop,180/04 -> 180/04-05,20.91,m,,
Homepass (Titik Rumah),180/04-06,1,pcs,-7.243505502001366,112.75726698472496
Kabel Drop,180/04 -> 180/04-06,62.93,m,,
Homepass (Titik Rumah),180/04-07,1,pcs,-7.243581302769117,112.7566892180599
Kabel Drop,180/04 -> 180/04-07,22.15,m,,
Homepass (Titik Rumah),180/04-08,1,pcs,-7.243736098952671,112.75658853060729
Kabel Drop,180/04 -> 180/04-08,32.2,m,,
ODC,ODC 181,1,pcs,-7.243475484218918,112.75637715618485
Join Closure,JOIN CLOSURE ODC 181,1,pcs,-7.243475484218918,112.75637715618485
ODP,181/01,1,pcs,-7.2435233186725165,112.75625687849991
Kabel Distribusi,ODC 181 -> 181/01,17.15,m,,
Homepass (Titik Rumah),181/01-01,1,pcs,-7.243665600000001,112.75645995000002
Kabel Drop,181/01 -> 181/01-01,32.91,m,,
Homepass (Titik Rumah),181/01-02,1,pcs,-7.243528299999999,112.75642339999999
Kabel Drop,181/01 -> 181/01-02,22.05,m,,
Homepass (Titik Rumah),181/01-03,1,pcs,-7.243527176487013,112.75621621659198
Kabel Drop,181/01 -> 181/01-03,5.41,m,,
Homepass (Titik Rumah),181/01-04,1,pcs,-7.2435793,112.75617190000001
Kabel Drop,181/01 -> 181/01-04,13.5,m,,
Homepass (Titik Rumah),181/01-05,1,pcs,-7.243647974585201,112.75613251650267
Kabel Drop,181/01 -> 181/01-05,23.4,m,,
Homepass (Titik Rumah),181/01-06,1,pcs,-7.243385762339867,112.75628126655985
Kabel Drop,181/01 -> 181/01-06,18.64,m,,
Homepass (Titik Rumah),181/01-07,1,pcs,-7.2434977499999995,112.75614864999999
Kabel Drop,181/01 -> 181/01-07,14.73,m,,
Homepass (Titik Rumah),181/01-08,1,pcs,-7.2433604,112.7562311
Kabel Drop,181/01 -> 181/01-08,22.01,m,,
ODP,181/02,1,pcs,-7.243808417299475,112.7563203349313
Kabel Distribusi,ODC 181 -> 181/02,45.06,m,,
Homepass (Titik Rumah),181/02-01,1,pcs,-7.244055984324683,112.75638730453035
Kabel Drop,181/02 -> 181/02-01,34.2,m,,
Homepass (Titik Rumah),181/02-02,1,pcs,-7.244005667416245,112.75639985933417
Kabel Drop,181/02 -> 181/02-02,28.35,m,,
Homepass (Titik Rumah),181/02-03,1,pcs,-7.243953749999999,112.75647690000001
Kabel Drop,181/02 -> 181/02-03,28.38,m,,
Homepass (Titik Rumah),181/02-04,1,pcs,-7.243878050000002,112.75634729999999
Kabel Drop,181/02 -> 181/02-04,9.95,m,,
Homepass (Titik Rumah),181/02-05,1,pcs,-7.243888999999999,112.75646780000002
Kabel Drop,181/02 -> 181/02-05,22.29,m,,
Homepass (Titik Rumah),181/02-06,1,pcs,-7.243803432660835,112.7565185547873
Kabel Drop,181/02 -> 181/02-06,26.25,m,,
Homepass (Titik Rumah),181/02-07,1,pcs,-7.243741385949563,112.75641499661992
Kabel Drop,181/02 -> 181/02-07,15.4,m,,
Homepass (Titik Rumah),181/02-08,1,pcs,-7.24366098534579,112.75635024666332
Kabel Drop,181/02 -> 181/02-08,20.07,m,,
ODP,181/03,1,pcs,-7.24338582014631,112.7565709073157
Kabel Distribusi,ODC 181 -> 181/03,28.3,m,,
Homepass (Titik Rumah),181/03-01,1,pcs,-7.2434973000000005,112.75675190000001
Kabel Drop,181/03 -> 181/03-01,28.2,m,,
Homepass (Titik Rumah),181/03-02,1,pcs,-7.243426799999999,112.75678549999999
Kabel Drop,181/03 -> 181/03-02,28.93,m,,
Homepass (Titik Rumah),181/03-03,1,pcs,-7.243386899999999,112.75680000000001
Kabel Drop,181/03 -> 181/03-03,30.33,m,,
Homepass (Titik Rumah),181/03-04,1,pcs,-7.243382070846983,112.75663946341881
Kabel Drop,181/03 -> 181/03-04,9.09,m,,
Homepass (Titik Rumah),181/03-05,1,pcs,-7.243610448631314,112.75657033247424
Kabel Drop,181/03 -> 181/03-05,29.97,m,,
Homepass (Titik Rumah),181/03-06,1,pcs,-7.243283666813277,112.75684263368946
Kabel Drop,181/03 -> 181/03-06,38.46,m,,
Homepass (Titik Rumah),181/03-07,1,pcs,-7.2433932,112.75649465000001
Kabel Drop,181/03 -> 181/03-07,10.14,m,,
Homepass (Titik Rumah),181/03-08,1,pcs,-7.2434651500000005,112.75645670000002
Kabel Drop,181/03 -> 181/03-08,18.46,m,,
ODP,181/04,1,pcs,-7.243210320078228,112.75641753396418
Kabel Distribusi,ODC 181 -> 181/04,35.78,m,,
Homepass (Titik Rumah),181/04-01,1,pcs,-7.243126900000001,112.75623865000001
Kabel Drop,181/04 -> 181/04-01,26.16,m,,
Homepass (Titik Rumah),181/04-02,1,pcs,-7.24307225,112.75617315
Kabel Drop,181/04 -> 181/04-02,37.23,m,,
Homepass (Titik Rumah),181/04-03,1,pcs,-7.24301938001686,112.75630415608612
Kabel Drop,181/04 -> 181/04-03,29.57,m,,
Homepass (Titik Rumah),181/04-04,1,pcs,-7.2431831,112.75611420000001
Kabel Drop,181/04 -> 181/04-04,40.32,m,,
Homepass (Titik Rumah),181/04-05,1,pcs,-7.243256321232951,112.75616331633815
Kabel Drop,181/04 -> 181/04-05,34.21,m,,
Homepass (Titik Rumah),181/04-06,1,pcs,-7.2430477999999985,112.75610130000001
Kabel Drop,181/04 -> 181/04-06,47.14,m,,
Homepass (Titik Rumah),181/04-07,1,pcs,-7.242946482816743,112.75623511351993
Kabel Drop,181/04 -> 181/04-07,42.69,m,,
Homepass (Titik Rumah),181/04-08,1,pcs,-7.243131293432716,112.75604698009036
Kabel Drop,181/04 -> 181/04-08,50.17,m,,
ODC,ODC 182,1,pcs,-7.244150620277635,112.75592491530891
Join Closure,JOIN CLOSURE ODC 182,1,pcs,-7.244150620277635,112.75592491530891
ODP,182/01,1,pcs,-7.243864922747438,112.75577616294005
Kabel Distribusi,ODC 182 -> 182/01,42.91,m,,
Homepass (Titik Rumah),182/01-01,1,pcs,-7.243975826550377,112.75574482976327
Kabel Drop,182/01 -> 182/01-01,15.37,m,,
Homepass (Titik Rumah),182/01-02,1,pcs,-7.244027516787435,112.75582649112755
Kabel Drop,182/01 -> 182/01-02,22.7,m,,
Homepass (Titik Rumah),182/01-03,1,pcs,-7.243941550000001,112.75586895
Kabel Drop,182/01 -> 182/01-03,15.98,m,,
Homepass (Titik Rumah),182/01-04,1,pcs,-7.2439449999999965,112.75557174999999
Kabel Drop,182/01 -> 182/01-04,29.09,m,,
Homepass (Titik Rumah),182/01-05,1,pcs,-7.243830849999996,112.75590824999999
Kabel Drop,182/01 -> 182/01-05,18.07,m,,
Homepass (Titik Rumah),182/01-06,1,pcs,-7.243791350000001,112.75586290000003
Kabel Drop,182/01 -> 182/01-06,15.11,m,,
Homepass (Titik Rumah),182/01-07,1,pcs,-7.243780199999997,112.75563
Kabel Drop,182/01 -> 182/01-07,22.41,m,,
Homepass (Titik Rumah),182/01-08,1,pcs,-7.2437463,112.75577979999998
Kabel Drop,182/01 -> 182/01-08,15.84,m,,
ODP,182/02,1,pcs,-7.244188240869926,112.755758285313
Kabel Distribusi,ODC 182 -> 182/02,22.62,m,,
Homepass (Titik Rumah),182/02-01,1,pcs,-7.244233507844281,112.75561113665418
Kabel Drop,182/02 -> 182/02-01,20.39,m,,
Homepass (Titik Rumah),182/02-02,1,pcs,-7.2441970656391526,112.75567049360093
Kabel Drop,182/02 -> 182/02-02,11.68,m,,
Homepass (Titik Rumah),182/02-03,1,pcs,-7.244140399999999,112.75572344999999
Kabel Drop,182/02 -> 182/02-03,7.87,m,,
Homepass (Titik Rumah),182/02-04,1,pcs,-7.244078699999999,112.75550854999996
Kabel Drop,182/02 -> 182/02-04,36.14,m,,
Homepass (Titik Rumah),182/02-05,1,pcs,-7.244094097898236,112.75579008296458
Kabel Drop,182/02 -> 182/02-05,13.25,m,,
Homepass (Titik Rumah),182/02-06,1,pcs,-7.243957941729406,112.75564467904456
Kabel Drop,182/02 -> 182/02-06,34.21,m,,
Homepass (Titik Rumah),182/02-07,1,pcs,-7.24396657140946,112.75569282056054
Kabel Drop,182/02 -> 182/02-07,30.82,m,,
Homepass (Titik Rumah),182/02-08,1,pcs,-7.243951732780818,112.75560960021501
Kabel Drop,182/02 -> 182/02-08,37.19,m,,
ODP,182/03,1,pcs,-7.244114546357288,112.75612408563707
Kabel Distribusi,ODC 182 -> 182/03,26.8,m,,
Homepass (Titik Rumah),182/03-01,1,pcs,-7.244239429291056,112.75612471749935
Kabel Drop,182/03 -> 182/03-01,16.66,m,,
Homepass (Titik Rumah),182/03-02,1,pcs,-7.244209700000002,112.75622049999998
Kabel Drop,182/03 -> 182/03-02,18.0,m,,
Homepass (Titik Rumah),182/03-03,1,pcs,-7.244169567347025,112.75600954550478
Kabel Drop,182/03 -> 182/03-03,16.85,m,,
Homepass (Titik Rumah),182/03-04,1,pcs,-7.244083263622414,112.75620260342389
Kabel Drop,182/03 -> 182/03-04,11.2,m,,
Homepass (Titik Rumah),182/03-05,1,pcs,-7.244245800340192,112.75631041688041
Kabel Drop,182/03 -> 182/03-05,30.25,m,,
Homepass (Titik Rumah),182/03-06,1,pcs,-7.243991349999999,112.75613034999999
Kabel Drop,182/03 -> 182/03-06,16.46,m,,
Homepass (Titik Rumah),182/03-07,1,pcs,-7.244064176863372,112.75594037039231
Kabel Drop,182/03 -> 182/03-07,25.23,m,,
Homepass (Titik Rumah),182/03-08,1,pcs,-7.24412755,112.75639329999998
Kabel Drop,182/03 -> 182/03-08,35.68,m,,
ODP,182/04,1,pcs,-7.244365726118255,112.7559652336304
Kabel Distribusi,ODC 182 -> 182/04,29.19,m,,
Homepass (Titik Rumah),182/04-01,1,pcs,-7.244437357431431,112.75600303386145
Kabel Drop,182/04 -> 182/04-01,10.79,m,,
Homepass (Titik Rumah),182/04-02,1,pcs,-7.244365456720341,112.75604721719702
Kabel Drop,182/04 -> 182/04-02,10.85,m,,
Homepass (Titik Rumah),182/04-03,1,pcs,-7.244318532803281,112.75607609127621
Kabel Drop,182/04 -> 182/04-03,15.97,m,,
Homepass (Titik Rumah),182/04-04,1,pcs,-7.24442474077758,112.75616293281284
Kabel Drop,182/04 -> 182/04-04,27.33,m,,
Homepass (Titik Rumah),182/04-05,1,pcs,-7.244301867571683,112.75590532430994
Kabel Drop,182/04 -> 182/04-05,11.64,m,,
Homepass (Titik Rumah),182/04-06,1,pcs,-7.244588262594419,112.75607857945083
Kabel Drop,182/04 -> 182/04-06,33.27,m,,
Homepass (Titik Rumah),182/04-07,1,pcs,-7.24464605,112.75607134999998
Kabel Drop,182/04 -> 182/04-07,39.96,m,,
Homepass (Titik Rumah),182/04-08,1,pcs,-7.244210100000002,112.75595695000001
Kabel Drop,182/04 -> 182/04-08,20.79,m,,
ODC,ODC 183,1,pcs,-7.244508421668286,112.75588742923497
Join Closure,JOIN CLOSURE ODC 183,1,pcs,-7.244508421668286,112.75588742923497
ODP,183/01,1,pcs,-7.244473632089473,112.75584071825477
Kabel Distribusi,ODC 183 -> 183/01,7.73,m,,
Homepass (Titik Rumah),183/01-01,1,pcs,-7.244482832922041,112.75582245152299
Kabel Drop,183/01 -> 183/01-01,2.71,m,,
Homepass (Titik Rumah),183/01-02,1,pcs,-7.2444457564705464,112.75584836658082
Kabel Drop,183/01 -> 183/01-02,3.85,m,,
Homepass (Titik Rumah),183/01-03,1,pcs,-7.244440236864259,112.75580473794817
Kabel Drop,183/01 -> 183/01-03,6.52,m,,
Homepass (Titik Rumah),183/01-04,1,pcs,-7.244414850000001,112.7557712
Kabel Drop,183/01 -> 183/01-04,12.09,m,,
Homepass (Titik Rumah),183/01-05,1,pcs,-7.2443874,112.75587135000002
Kabel Drop,183/01 -> 183/01-05,12.2,m,,
Homepass (Titik Rumah),183/01-06,1,pcs,-7.244354549999999,112.7558227
Kabel Drop,183/01 -> 183/01-06,16.07,m,,
Homepass (Titik Rumah),183/01-07,1,pcs,-7.244494984371588,112.75596762357658
Kabel Drop,183/01 -> 183/01-07,17.04,m,,
Homepass (Titik Rumah),183/01-08,1,pcs,-7.244627367003486,112.75592774218472
Kabel Drop,183/01 -> 183/01-08,23.53,m,,
ODP,183/02,1,pcs,-7.244587860245034,112.75580328420368
Kabel Distribusi,ODC 183 -> 183/02,15.38,m,,
Homepass (Titik Rumah),183/02-01,1,pcs,-7.244539800000001,112.75567115000001
Kabel Drop,183/02 -> 183/02-01,18.63,m,,
Homepass (Titik Rumah),183/02-02,1,pcs,-7.24446745,112.75571564999998
Kabel Drop,183/02 -> 183/02-02,19.82,m,,
Homepass (Titik Rumah),183/02-03,1,pcs,-7.244485465315475,112.75574105454417
Kabel Drop,183/02 -> 183/02-03,15.95,m,,
Homepass (Titik Rumah),183/02-04,1,pcs,-7.244502808642644,112.7557593633374
Kabel Drop,183/02 -> 183/02-04,12.75,m,,
Homepass (Titik Rumah),183/02-05,1,pcs,-7.244614049999999,112.75573355
Kabel Drop,183/02 -> 183/02-05,9.87,m,,
Homepass (Titik Rumah),183/02-06,1,pcs,-7.244574147713959,112.75576443277653
Kabel Drop,183/02 -> 183/02-06,5.46,m,,
Homepass (Titik Rumah),183/02-07,1,pcs,-7.244655549999999,112.75570109999998
Kabel Drop,183/02 -> 183/02-07,16.26,m,,
Homepass (Titik Rumah),183/02-08,1,pcs,-7.244528533282655,112.75579530047249
Kabel Drop,183/02 -> 183/02-08,7.99,m,,
ODP,183/03,1,pcs,-7.244369489939231,112.75554987116163
Kabel Distribusi,ODC 183 -> 183/03,48.38,m,,
Homepass (Titik Rumah),183/03-01,1,pcs,-7.244253299999999,112.755425
Kabel Drop,183/03 -> 183/03-01,22.66,m,,
Homepass (Titik Rumah),183/03-02,1,pcs,-7.244203720174022,112.75545343158159
Kabel Drop,183/03 -> 183/03-02,25.54,m,,
Homepass (Titik Rumah),183/03-03,1,pcs,-7.244275749999999,112.75548195
Kabel Drop,183/03 -> 183/03-03,15.4,m,,
Homepass (Titik Rumah),183/03-04,1,pcs,-7.24424985,112.75551419999998
Kabel Drop,183/03 -> 183/03-04,16.65,m,,
Homepass (Titik Rumah),183/03-05,1,pcs,-7.244163829470933,112.75546231632283
Kabel Drop,183/03 -> 183/03-05,29.79,m,,
Homepass (Titik Rumah),183/03-06,1,pcs,-7.244344600000002,112.75549260000001
Kabel Drop,183/03 -> 183/03-06,8.28,m,,
Homepass (Titik Rumah),183/03-07,1,pcs,-7.244302500479878,112.7555456332396
Kabel Drop,183/03 -> 183/03-07,8.96,m,,
Homepass (Titik Rumah),183/03-08,1,pcs,-7.244391149999997,112.75542139999999
Kabel Drop,183/03 -> 183/03-08,17.25,m,,
ODP,183/04,1,pcs,-7.244487278753343,112.75633232063515
Kabel Distribusi,ODC 183 -> 183/04,58.96,m,,
Homepass (Titik Rumah),183/04-01,1,pcs,-7.244678516925415,112.75641519960176
Kabel Drop,183/04 -> 183/04-01,27.78,m,,
Homepass (Titik Rumah),183/04-02,1,pcs,-7.244637133560383,112.75633079966407
Kabel Drop,183/04 -> 183/04-02,20.0,m,,
Homepass (Titik Rumah),183/04-03,1,pcs,-7.244559245702567,112.75644923313793
Kabel Drop,183/04 -> 183/04-03,18.21,m,,
Homepass (Titik Rumah),183/04-04,1,pcs,-7.244698768395189,112.75655484380613
Kabel Drop,183/04 -> 183/04-04,40.79,m,,
Homepass (Titik Rumah),183/04-05,1,pcs,-7.24462565,112.756588
Kabel Drop,183/04 -> 183/04-05,38.55,m,,
Homepass (Titik Rumah),183/04-06,1,pcs,-7.244490949999999,112.75649465000001
Kabel Drop,183/04 -> 183/04-06,21.49,m,,
Homepass (Titik Rumah),183/04-07,1,pcs,-7.244442653723419,112.7565155869137
Kabel Drop,183/04 -> 183/04-07,24.98,m,,
Homepass (Titik Rumah),183/04-08,1,pcs,-7.244549400878902,112.75664011717824
Kabel Drop,183/04 -> 183/04-08,41.58,m,,
ODC,ODC 184,1,pcs,-7.244485036433878,112.75684822190145
Join Closure,JOIN CLOSURE ODC 184,1,pcs,-7.244485036433878,112.75684822190145
ODP,184/01,1,pcs,-7.244360258695693,112.75639731027564
Kabel Distribusi,ODC 184 -> 184/01,61.97,m,,
Homepass (Titik Rumah),184/01-01,1,pcs,-7.2437376,112.75607314999999
Kabel Drop,184/01 -> 184/01-01,93.51,m,,
Homepass (Titik Rumah),184/01-02,1,pcs,-7.24469605,112.7560379
Kabel Drop,184/01 -> 184/01-02,65.35,m,,
Homepass (Titik Rumah),184/01-03,1,pcs,-7.244696899598782,112.75587786641053
Kabel Drop,184/01 -> 184/01-03,82.13,m,,
Homepass (Titik Rumah),184/01-04,1,pcs,-7.244760100000001,112.75599624999998
Kabel Drop,184/01 -> 184/01-04,75.26,m,,
Homepass (Titik Rumah),184/01-05,1,pcs,-7.244829199999999,112.75597959999999
Kabel Drop,184/01 -> 184/01-05,83.5,m,,
Homepass (Titik Rumah),184/01-06,1,pcs,-7.244840835427454,112.75589061369556
Kabel Drop,184/01 -> 184/01-06,92.79,m,,
Homepass (Titik Rumah),184/01-07,1,pcs,-7.243377333596917,112.75714363626489
Kabel Drop,184/01 -> 184/01-07,164.2,m,,
Homepass (Titik Rumah),184/01-08,1,pcs,-7.243324331216151,112.75717036269049
Kabel Drop,184/01 -> 184/01-08,171.98,m,,
ODP,184/02,1,pcs,-7.2442382637537985,112.75648050775457
Kabel Distribusi,ODC 184 -> 184/02,58.77,m,,
Homepass (Titik Rumah),184/02-01,1,pcs,-7.2443804333265955,112.75655243330017
Kabel Drop,184/02 -> 184/02-01,21.23,m,,
Homepass (Titik Rumah),184/02-02,1,pcs,-7.24430400271633,112.75657451783789
Kabel Drop,184/02 -> 184/02-02,15.22,m,,
Homepass (Titik Rumah),184/02-03,1,pcs,-7.244342565955961,112.75664335097579
Kabel Drop,184/02 -> 184/02-03,25.66,m,,
Homepass (Titik Rumah),184/02-04,1,pcs,-7.244233550718396,112.7566092170949
Kabel Drop,184/02 -> 184/02-04,17.05,m,,
Homepass (Titik Rumah),184/02-05,1,pcs,-7.244420149999999,112.7567207
Kabel Drop,184/02 -> 184/02-05,40.0,m,,
Homepass (Titik Rumah),184/02-06,1,pcs,-7.24449325,112.75669855000001
Kabel Drop,184/02 -> 184/02-06,44.62,m,,
Homepass (Titik Rumah),184/02-07,1,pcs,-7.244351899999999,112.75675964999998
Kabel Drop,184/02 -> 184/02-07,39.94,m,,
Homepass (Titik Rumah),184/02-08,1,pcs,-7.244265883260177,112.75676300023537
Kabel Drop,184/02 -> 184/02-08,37.57,m,,
ODP,184/03,1,pcs,-7.244321829355167,112.75694716657254
Kabel Distribusi,ODC 184 -> 184/03,25.41,m,,
Homepass (Titik Rumah),184/03-01,1,pcs,-7.244303700000001,112.75682714999999
Kabel Drop,184/03 -> 184/03-01,16.07,m,,
Homepass (Titik Rumah),184/03-02,1,pcs,-7.24443898755256,112.75697621335749
Kabel Drop,184/03 -> 184/03-02,16.1,m,,
Homepass (Titik Rumah),184/03-03,1,pcs,-7.244162200000001,112.75667315000001
Kabel Drop,184/03 -> 184/03-03,42.06,m,,
Homepass (Titik Rumah),184/03-04,1,pcs,-7.244531265650626,112.75688981968169
Kabel Drop,184/03 -> 184/03-04,28.96,m,,
Homepass (Titik Rumah),184/03-05,1,pcs,-7.244080815147281,112.75672578513468
Kabel Drop,184/03 -> 184/03-05,43.51,m,,
Homepass (Titik Rumah),184/03-06,1,pcs,-7.244233291148761,112.7570672796957
Kabel Drop,184/03 -> 184/03-06,19.81,m,,
Homepass (Titik Rumah),184/03-07,1,pcs,-7.2442741795118915,112.75713945381426
Kabel Drop,184/03 -> 184/03-07,26.23,m,,
Homepass (Titik Rumah),184/03-08,1,pcs,-7.244480140654664,112.75716292641101
Kabel Drop,184/03 -> 184/03-08,35.52,m,,
ODP,184/04,1,pcs,-7.244638620975514,112.75693916651987
Kabel Distribusi,ODC 184 -> 184/04,23.77,m,,
Homepass (Titik Rumah),184/04-01,1,pcs,-7.244697150000001,112.75679825000002
Kabel Drop,184/04 -> 184/04-01,20.22,m,,
Homepass (Titik Rumah),184/04-02,1,pcs,-7.2447177,112.75689399999997
Kabel Drop,184/04 -> 184/04-02,12.13,m,,
Homepass (Titik Rumah),184/04-03,1,pcs,-7.244841699999999,112.7567147
Kabel Drop,184/04 -> 184/04-03,40.21,m,,
Homepass (Titik Rumah),184/04-04,1,pcs,-7.2448729000000025,112.75677205000001
Kabel Drop,184/04 -> 184/04-04,38.3,m,,
Homepass (Titik Rumah),184/04-05,1,pcs,-7.244761300000001,112.75697020000003
Kabel Drop,184/04 -> 184/04-05,16.88,m,,
Homepass (Titik Rumah),184/04-06,1,pcs,-7.2448822999999996,112.75689335000001
Kabel Drop,184/04 -> 184/04-06,33.08,m,,
Homepass (Titik Rumah),184/04-07,1,pcs,-7.244952099999999,112.7568859
Kabel Drop,184/04 -> 184/04-07,42.42,m,,
Homepass (Titik Rumah),184/04-08,1,pcs,-7.24462448664181,112.75717538035306
Kabel Drop,184/04 -> 184/04-08,31.32,m,,
ODC,ODC 185,1,pcs,-7.244070873293752,112.75741268913744
Join Closure,JOIN CLOSURE ODC 185,1,pcs,-7.244070873293752,112.75741268913744
ODP,185/01,1,pcs,-7.244225070608716,112.75728910606523
Kabel Distribusi,ODC 185 -> 185/01,26.29,m,,
Homepass (Titik Rumah),185/01-01,1,pcs,-7.244308379427487,112.75721165398127
Kabel Drop,185/01 -> 185/01-01,15.12,m,,
Homepass (Titik Rumah),185/01-02,1,pcs,-7.244353050000001,112.75728605
Kabel Drop,185/01 -> 185/01-02,17.08,m,,
Homepass (Titik Rumah),185/01-03,1,pcs,-7.244278005008876,112.75730057154219
Kabel Drop,185/01 -> 185/01-03,7.22,m,,
Homepass (Titik Rumah),185/01-04,1,pcs,-7.244205819280216,112.7573115837464
Kabel Drop,185/01 -> 185/01-04,3.93,m,,
Homepass (Titik Rumah),185/01-05,1,pcs,-7.2443340225156785,112.75737913768506
Kabel Drop,185/01 -> 185/01-05,18.8,m,,
Homepass (Titik Rumah),185/01-06,1,pcs,-7.244496050000001,112.75722295
Kabel Drop,185/01 -> 185/01-06,37.2,m,,
Homepass (Titik Rumah),185/01-07,1,pcs,-7.244120082296759,112.75726370077008
Kabel Drop,185/01 -> 185/01-07,14.41,m,,
Homepass (Titik Rumah),185/01-08,1,pcs,-7.24411346221624,112.7572264522293
Kabel Drop,185/01 -> 185/01-08,17.05,m,,
ODP,185/02,1,pcs,-7.244069770127885,112.75740928472301
Kabel Distribusi,ODC 185 -> 185/02,0.47,m,,
Homepass (Titik Rumah),185/02-01,1,pcs,-7.244153600000001,112.7573453
Kabel Drop,185/02 -> 185/02-01,14.03,m,,
Homepass (Titik Rumah),185/02-02,1,pcs,-7.244172749999999,112.75740934999999
Kabel Drop,185/02 -> 185/02-02,13.74,m,,
Homepass (Titik Rumah),185/02-03,1,pcs,-7.244170117497629,112.75751069658882
Kabel Drop,185/02 -> 185/02-03,18.96,m,,
Homepass (Titik Rumah),185/02-04,1,pcs,-7.243993414650164,112.75741387355153
Kabel Drop,185/02 -> 185/02-04,10.21,m,,
Homepass (Titik Rumah),185/02-05,1,pcs,-7.244082049999999,112.7571757
Kabel Drop,185/02 -> 185/02-05,30.96,m,,
Homepass (Titik Rumah),185/02-06,1,pcs,-7.24435117311758,112.75742473238296
Kabel Drop,185/02 -> 185/02-06,37.6,m,,
Homepass (Titik Rumah),185/02-07,1,pcs,-7.24418895,112.75756415000002
Kabel Drop,185/02 -> 185/02-07,25.94,m,,
Homepass (Titik Rumah),185/02-08,1,pcs,-7.24391125,112.75727975
Kabel Drop,185/02 -> 185/02-08,27.23,m,,
ODP,185/03,1,pcs,-7.2443232310652315,112.75765100231409
Kabel Distribusi,ODC 185 -> 185/03,46.14,m,,
Homepass (Titik Rumah),185/03-01,1,pcs,-7.244642994099116,112.75725908230324
Kabel Drop,185/03 -> 185/03-01,67.17,m,,
Homepass (Titik Rumah),185/03-02,1,pcs,-7.244558313287843,112.75739892028612
Kabel Drop,185/03 -> 185/03-02,45.8,m,,
Homepass (Titik Rumah),185/03-03,1,pcs,-7.244465849999999,112.75734524999999
Kabel Drop,185/03 -> 185/03-03,44.72,m,,
Homepass (Titik Rumah),185/03-04,1,pcs,-7.244561428510213,112.75748715691738
Kabel Drop,185/03 -> 185/03-04,38.48,m,,
Homepass (Titik Rumah),185/03-05,1,pcs,-7.244598161286124,112.75757507159359
Kabel Drop,185/03 -> 185/03-05,38.04,m,,
Homepass (Titik Rumah),185/03-06,1,pcs,-7.243814853029727,112.75786102003796
Kabel Drop,185/03 -> 185/03-06,73.31,m,,
Homepass (Titik Rumah),185/03-07,1,pcs,-7.243797920023369,112.75803229779218
Kabel Drop,185/03 -> 185/03-07,86.37,m,,
Homepass (Titik Rumah),185/03-08,1,pcs,-7.2440827063193876,112.75826647635483
Kabel Drop,185/03 -> 185/03-08,87.56,m,,
ODP,185/04,1,pcs,-7.243775659838996,112.7572656417938
Kabel Distribusi,ODC 185 -> 185/04,43.94,m,,
Homepass (Titik Rumah),185/04-01,1,pcs,-7.243771317232797,112.75737244340263
Kabel Drop,185/04 -> 185/04-01,14.15,m,,
Homepass (Titik Rumah),185/04-02,1,pcs,-7.243837449999999,112.75732594999998
Kabel Drop,185/04 -> 185/04-02,11.48,m,,
Homepass (Titik Rumah),185/04-03,1,pcs,-7.243879400000001,112.75730009999998
Kabel Drop,185/04 -> 185/04-03,14.57,m,,
Homepass (Titik Rumah),185/04-04,1,pcs,-7.243656549999998,112.75718235
Kabel Drop,185/04 -> 185/04-04,19.34,m,,
Homepass (Titik Rumah),185/04-05,1,pcs,-7.2437101649875775,112.75714878761161
Kabel Drop,185/04 -> 185/04-05,17.77,m,,
Homepass (Titik Rumah),185/04-06,1,pcs,-7.243577566243052,112.75722089132597
Kabel Drop,185/04 -> 185/04-06,27.09,m,,
Homepass (Titik Rumah),185/04-07,1,pcs,-7.2437486500000015,112.75711810000001
Kabel Drop,185/04 -> 185/04-07,19.86,m,,
Homepass (Titik Rumah),185/04-08,1,pcs,-7.243805416748669,112.75709219242297
Kabel Drop,185/04 -> 185/04-08,23.3,m,,
ODC,ODC 186,1,pcs,-7.244179784422414,112.7577994250004
Join Closure,JOIN CLOSURE ODC 186,1,pcs,-7.244179784422414,112.7577994250004
ODP,186/01,1,pcs,-7.242931518897527,112.75849661582652
Kabel Distribusi,ODC 186 -> 186/01,190.42,m,,
Homepass (Titik Rumah),186/01-01,1,pcs,-7.2427606,112.75864119999999
Kabel Drop,186/01 -> 186/01-01,29.77,m,,
Homepass (Titik Rumah),186/01-02,1,pcs,-7.24273507152081,112.75855864500058
Kabel Drop,186/01 -> 186/01-02,27.47,m,,
Homepass (Titik Rumah),186/01-03,1,pcs,-7.242660449999998,112.75858905
Kabel Drop,186/01 -> 186/01-03,38.18,m,,
Homepass (Titik Rumah),186/01-04,1,pcs,-7.24286725,112.75853620000002
Kabel Drop,186/01 -> 186/01-04,10.05,m,,
Homepass (Titik Rumah),186/01-05,1,pcs,-7.2426740091036885,112.75848897231604
Kabel Drop,186/01 -> 186/01-05,34.38,m,,
Homepass (Titik Rumah),186/01-06,1,pcs,-7.242842569649381,112.75846779803224
Kabel Drop,186/01 -> 186/01-06,12.47,m,,
Homepass (Titik Rumah),186/01-07,1,pcs,-7.242781975135006,112.75841381982035
Kabel Drop,186/01 -> 186/01-07,22.77,m,,
Homepass (Titik Rumah),186/01-08,1,pcs,-7.242988383918371,112.7586010819278
Kabel Drop,186/01 -> 186/01-08,15.77,m,,
ODP,186/02,1,pcs,-7.243220430594585,112.7582857416435
Kabel Distribusi,ODC 186 -> 186/02,143.28,m,,
Homepass (Titik Rumah),186/02-01,1,pcs,-7.24341244380776,112.7582951786913
Kabel Drop,186/02 -> 186/02-01,25.65,m,,
Homepass (Titik Rumah),186/02-02,1,pcs,-7.24341805,112.75822564999999
Kabel Drop,186/02 -> 186/02-02,27.54,m,,
Homepass (Titik Rumah),186/02-03,1,pcs,-7.243341199999998,112.75832434999998
Kabel Drop,186/02 -> 186/02-03,16.91,m,,
Homepass (Titik Rumah),186/02-04,1,pcs,-7.243329785171429,112.75820928060456
Kabel Drop,186/02 -> 186/02-04,17.76,m,,
Homepass (Titik Rumah),186/02-05,1,pcs,-7.243372884261526,112.758458357625
Kabel Drop,186/02 -> 186/02-05,30.59,m,,
Homepass (Titik Rumah),186/02-06,1,pcs,-7.243323571929769,112.75809134519406
Kabel Drop,186/02 -> 186/02-06,29.18,m,,
Homepass (Titik Rumah),186/02-07,1,pcs,-7.243506363810068,112.75806972214649
Kabel Drop,186/02 -> 186/02-07,47.68,m,,
Homepass (Titik Rumah),186/02-08,1,pcs,-7.243133499999999,112.7583836
Kabel Drop,186/02 -> 186/02-08,17.39,m,,
ODP,186/03,1,pcs,-7.245698356372217,112.7594738019176
Kabel Distribusi,ODC 186 -> 186/03,300.3,m,,
Homepass (Titik Rumah),186/03-01,1,pcs,-7.245930550000001,112.75943375000001
Kabel Drop,186/03 -> 186/03-01,31.43,m,,
Homepass (Titik Rumah),186/03-02,1,pcs,-7.245909196042909,112.75936277962958
Kabel Drop,186/03 -> 186/03-02,31.74,m,,
Homepass (Titik Rumah),186/03-03,1,pcs,-7.245976218731248,112.75934683435196
Kabel Drop,186/03 -> 186/03-03,40.71,m,,
Homepass (Titik Rumah),186/03-04,1,pcs,-7.24582298765191,112.75946032995543
Kabel Drop,186/03 -> 186/03-04,16.73,m,,
Homepass (Titik Rumah),186/03-05,1,pcs,-7.245857299078921,112.75952197066209
Kabel Drop,186/03 -> 186/03-05,22.15,m,,
Homepass (Titik Rumah),186/03-06,1,pcs,-7.245805114645671,112.75939421954716
Kabel Drop,186/03 -> 186/03-06,17.72,m,,
Homepass (Titik Rumah),186/03-07,1,pcs,-7.2459141,112.759568
Kabel Drop,186/03 -> 186/03-07,31.37,m,,
Homepass (Titik Rumah),186/03-08,1,pcs,-7.2457989,112.75932870000003
Kabel Drop,186/03 -> 186/03-08,23.43,m,,
ODP,186/04,1,pcs,-7.244739067467841,112.75497664834971
Kabel Distribusi,ODC 186 -> 186/04,381.03,m,,
Homepass (Titik Rumah),186/04-01,1,pcs,-7.244806450338472,112.75497803309251
Kabel Drop,186/04 -> 186/04-01,8.99,m,,
Homepass (Titik Rumah),186/04-02,1,pcs,-7.244729800000001,112.75490215
Kabel Drop,186/04 -> 186/04-02,9.94,m,,
Homepass (Titik Rumah),186/04-03,1,pcs,-7.24474798266434,112.75508994665503
Kabel Drop,186/04 -> 186/04-03,15.04,m,,
Homepass (Titik Rumah),186/04-04,1,pcs,-7.244663425540208,112.75497229721783
Kabel Drop,186/04 -> 186/04-04,10.11,m,,
Homepass (Titik Rumah),186/04-05,1,pcs,-7.244667743220471,112.7549412767061
Kabel Drop,186/04 -> 186/04-05,10.61,m,,
Homepass (Titik Rumah),186/04-06,1,pcs,-7.2447465,112.75483779999999
Kabel Drop,186/04 -> 186/04-06,18.41,m,,
Homepass (Titik Rumah),186/04-07,1,pcs,-7.244650105412708,112.7549071786899
Kabel Drop,186/04 -> 186/04-07,15.02,m,,
Homepass (Titik Rumah),186/04-08,1,pcs,-7.244623799999999,112.75505115
Kabel Drop,186/04 -> 186/04-08,18.27,m,,
ODC,ODC 187,1,pcs,-7.243654871154192,112.75773806870663
Join Closure,JOIN CLOSURE ODC 187,1,pcs,-7.243654871154192,112.75773806870663
ODP,187/01,1,pcs,-7.244163650234583,112.75773979020842
Kabel Distribusi,ODC 187 -> 187/01,67.89,m,,
Homepass (Titik Rumah),187/01-01,1,pcs,-7.244215250000004,112.75759325
Kabel Drop,187/01 -> 187/01-01,20.58,m,,
Homepass (Titik Rumah),187/01-02,1,pcs,-7.244238470209331,112.75768684666305
Kabel Drop,187/01 -> 187/01-02,12.2,m,,
Homepass (Titik Rumah),187/01-03,1,pcs,-7.244254350000001,112.75773025
Kabel Drop,187/01 -> 187/01-03,12.17,m,,
Homepass (Titik Rumah),187/01-04,1,pcs,-7.244257350000001,112.75776585000001
Kabel Drop,187/01 -> 187/01-04,12.97,m,,
Homepass (Titik Rumah),187/01-05,1,pcs,-7.2444169108973755,112.75767528629989
Kabel Drop,187/01 -> 187/01-05,34.86,m,,
Homepass (Titik Rumah),187/01-06,1,pcs,-7.2440071210074475,112.75766649895198
Kabel Drop,187/01 -> 187/01-06,23.03,m,,
Homepass (Titik Rumah),187/01-07,1,pcs,-7.244237928488687,112.75786216277413
Kabel Drop,187/01 -> 187/01-07,18.99,m,,
Homepass (Titik Rumah),187/01-08,1,pcs,-7.244017783436214,112.75784728244423
Kabel Drop,187/01 -> 187/01-08,24.11,m,,
ODP,187/02,1,pcs,-7.243797415188906,112.75765892509388
Kabel Distribusi,ODC 187 -> 187/02,21.71,m,,
Homepass (Titik Rumah),187/02-01,1,pcs,-7.243718450000001,112.75760790000001
Kabel Drop,187/02 -> 187/02-01,12.52,m,,
Homepass (Titik Rumah),187/02-02,1,pcs,-7.243688986641089,112.75754357280215
Kabel Drop,187/02 -> 187/02-02,21.03,m,,
Homepass (Titik Rumah),187/02-03,1,pcs,-7.24378805,112.75756200000001
Kabel Drop,187/02 -> 187/02-03,12.89,m,,
Homepass (Titik Rumah),187/02-04,1,pcs,-7.243753249999999,112.75749534999999
Kabel Drop,187/02 -> 187/02-04,22.44,m,,
Homepass (Titik Rumah),187/02-05,1,pcs,-7.243648799999999,112.75746059999999
Kabel Drop,187/02 -> 187/02-05,32.9,m,,
Homepass (Titik Rumah),187/02-06,1,pcs,-7.243847396853078,112.75749741435718
Kabel Drop,187/02 -> 187/02-06,22.4,m,,
Homepass (Titik Rumah),187/02-07,1,pcs,-7.243576350000001,112.75751275000003
Kabel Drop,187/02 -> 187/02-07,35.28,m,,
Homepass (Titik Rumah),187/02-08,1,pcs,-7.243703318553411,112.75741261099128
Kabel Drop,187/02 -> 187/02-08,34.94,m,,
ODP,187/03,1,pcs,-7.243556175723213,112.75776088282906
Kabel Distribusi,ODC 187 -> 187/03,13.51,m,,
Homepass (Titik Rumah),187/03-01,1,pcs,-7.243445185619115,112.75779117910044
Kabel Drop,187/03 -> 187/03-01,15.34,m,,
Homepass (Titik Rumah),187/03-02,1,pcs,-7.243459150000001,112.7578742
Kabel Drop,187/03 -> 187/03-02,19.81,m,,
Homepass (Titik Rumah),187/03-03,1,pcs,-7.243420100000001,112.75770615
Kabel Drop,187/03 -> 187/03-03,19.55,m,,
Homepass (Titik Rumah),187/03-04,1,pcs,-7.243488588209559,112.7579643279811
Kabel Drop,187/03 -> 187/03-04,28.4,m,,
Homepass (Titik Rumah),187/03-05,1,pcs,-7.243597649999999,112.75768314999999
Kabel Drop,187/03 -> 187/03-05,11.68,m,,
Homepass (Titik Rumah),187/03-06,1,pcs,-7.243411820565153,112.75758749656607
Kabel Drop,187/03 -> 187/03-06,29.96,m,,
Homepass (Titik Rumah),187/03-07,1,pcs,-7.2436535502403645,112.75763659365967
Kabel Drop,187/03 -> 187/03-07,20.96,m,,
Homepass (Titik Rumah),187/03-08,1,pcs,-7.24368755,112.75791895
Kabel Drop,187/03 -> 187/03-08,27.3,m,,
ODP,187/04,1,pcs,-7.243131802954579,112.75784591571265
Kabel Distribusi,ODC 187 -> 187/04,71.24,m,,
Homepass (Titik Rumah),187/04-01,1,pcs,-7.2432208499999975,112.75783794999998
Kabel Drop,187/04 -> 187/04-01,11.93,m,,
Homepass (Titik Rumah),187/04-02,1,pcs,-7.24332392898452,112.75781146348633
Kabel Drop,187/04 -> 187/04-02,26.04,m,,
Homepass (Titik Rumah),187/04-03,1,pcs,-7.243252529311286,112.75773040267286
Kabel Drop,187/04 -> 187/04-03,22.21,m,,
Homepass (Titik Rumah),187/04-04,1,pcs,-7.243329799999997,112.75788620000002
Kabel Drop,187/04 -> 187/04-04,26.95,m,,
Homepass (Titik Rumah),187/04-05,1,pcs,-7.243244031196271,112.75767460085275
Kabel Drop,187/04 -> 187/04-05,27.18,m,,
Homepass (Titik Rumah),187/04-06,1,pcs,-7.243334962838642,112.75796220561908
Kabel Drop,187/04 -> 187/04-06,31.17,m,,
Homepass (Titik Rumah),187/04-07,1,pcs,-7.243287725562819,112.75801622066405
Kabel Drop,187/04 -> 187/04-07,30.68,m,,
Homepass (Titik Rumah),187/04-08,1,pcs,-7.243268796786612,112.757621973471
Kabel Drop,187/04 -> 187/04-08,34.83,m,,
ODC,ODC 188,1,pcs,-7.243107493458567,112.75775461850724
Join Closure,JOIN CLOSURE ODC 188,1,pcs,-7.243107493458567,112.75775461850724
ODP,188/01,1,pcs,-7.243094271581842,112.75769243838756
Kabel Distribusi,ODC 188 -> 188/01,8.42,m,,
Homepass (Titik Rumah),188/01-01,1,pcs,-7.24295004762807,112.75769877350423
Kabel Drop,188/01 -> 188/01-01,19.26,m,,
Homepass (Titik Rumah),188/01-02,1,pcs,-7.242976157514619,112.75763637531844
Kabel Drop,188/01 -> 188/01-02,17.42,m,,
Homepass (Titik Rumah),188/01-03,1,pcs,-7.242995908912873,112.75776152230648
Kabel Drop,188/01 -> 188/01-03,16.0,m,,
Homepass (Titik Rumah),188/01-04,1,pcs,-7.2429342956766405,112.75755126322872
Kabel Drop,188/01 -> 188/01-04,28.37,m,,
Homepass (Titik Rumah),188/01-05,1,pcs,-7.243014585568006,112.75784732986564
Kabel Drop,188/01 -> 188/01-05,23.1,m,,
Homepass (Titik Rumah),188/01-06,1,pcs,-7.242919070133833,112.75785878596609
Kabel Drop,188/01 -> 188/01-06,32.11,m,,
Homepass (Titik Rumah),188/01-07,1,pcs,-7.242907431905661,112.75747169713719
Kabel Drop,188/01 -> 188/01-07,38.41,m,,
Homepass (Titik Rumah),188/01-08,1,pcs,-7.242996000000003,112.7579393
Kabel Drop,188/01 -> 188/01-08,35.21,m,,
ODP,188/02,1,pcs,-7.243016648116226,112.75735317596543
Kabel Distribusi,ODC 188 -> 188/02,54.5,m,,
Homepass (Titik Rumah),188/02-01,1,pcs,-7.2431829,112.75740825000001
Kabel Drop,188/02 -> 188/02-01,23.35,m,,
Homepass (Titik Rumah),188/02-02,1,pcs,-7.2431655436825295,112.75725958469774
Kabel Drop,188/02 -> 188/02-02,23.41,m,,
Homepass (Titik Rumah),188/02-03,1,pcs,-7.243347367009513,112.75736279138962
Kabel Drop,188/02 -> 188/02-03,44.15,m,,
Homepass (Titik Rumah),188/02-04,1,pcs,-7.243433633415056,112.7573084598826
Kabel Drop,188/02 -> 188/02-04,55.95,m,,
Homepass (Titik Rumah),188/02-05,1,pcs,-7.242839920476238,112.7573471916254
Kabel Drop,188/02 -> 188/02-05,23.59,m,,
Homepass (Titik Rumah),188/02-06,1,pcs,-7.242696304335052,112.75738942021069
Kabel Drop,188/02 -> 188/02-06,43.01,m,,
Homepass (Titik Rumah),188/02-07,1,pcs,-7.242580646867954,112.75742343024307
Kabel Drop,188/02 -> 188/02-07,58.92,m,,
Homepass (Titik Rumah),188/02-08,1,pcs,-7.2424363,112.7574064
Kabel Drop,188/02 -> 188/02-08,77.76,m,,
ODP,188/03,1,pcs,-7.2427867507010175,112.75791463162297
Kabel Distribusi,ODC 188 -> 188/03,47.75,m,,
Homepass (Titik Rumah),188/03-01,1,pcs,-7.242700961213826,112.75769617150081
Kabel Drop,188/03 -> 188/03-01,31.1,m,,
Homepass (Titik Rumah),188/03-02,1,pcs,-7.2426916,112.75763715000001
Kabel Drop,188/03 -> 188/03-02,38.86,m,,
Homepass (Titik Rumah),188/03-03,1,pcs,-7.2428081084356775,112.75768563104093
Kabel Drop,188/03 -> 188/03-03,30.45,m,,
Homepass (Titik Rumah),188/03-04,1,pcs,-7.24279847258363,112.757611445171
Kabel Drop,188/03 -> 188/03-04,40.16,m,,
Homepass (Titik Rumah),188/03-05,1,pcs,-7.242821325937004,112.7577437550957
Kabel Drop,188/03 -> 188/03-05,23.08,m,,
Homepass (Titik Rumah),188/03-06,1,pcs,-7.2426797999999994,112.75755695000002
Kabel Drop,188/03 -> 188/03-06,49.45,m,,
Homepass (Titik Rumah),188/03-07,1,pcs,-7.242526633563877,112.75763235518754
Kabel Drop,188/03 -> 188/03-07,51.0,m,,
Homepass (Titik Rumah),188/03-08,1,pcs,-7.2429059165618925,112.75765378329535
Kabel Drop,188/03 -> 188/03-08,38.01,m,,
ODP,188/04,1,pcs,-7.243185388732592,112.75813199541552
Kabel Distribusi,ODC 188 -> 188/04,51.02,m,,
Homepass (Titik Rumah),188/04-01,1,pcs,-7.2431652999999985,112.75857375
Kabel Drop,188/04 -> 188/04-01,58.54,m,,
Homepass (Titik Rumah),188/04-02,1,pcs,-7.2431645499999995,112.7586344
Kabel Drop,188/04 -> 188/04-02,66.56,m,,
Homepass (Titik Rumah),188/04-03,1,pcs,-7.243079450000001,112.75862685000001
Kabel Drop,188/04 -> 188/04-03,67.01,m,,
Homepass (Titik Rumah),188/04-04,1,pcs,-7.2432134,112.7587289
Kabel Drop,188/04 -> 188/04-04,79.1,m,,
Homepass (Titik Rumah),188/04-05,1,pcs,-7.243021663199094,112.75803318219144
Kabel Drop,188/04 -> 188/04-05,25.46,m,,
Homepass (Titik Rumah),188/04-06,1,pcs,-7.2424517999999996,112.75777060000003
Kabel Drop,188/04 -> 188/04-06,108.95,m,,
Homepass (Titik Rumah),188/04-07,1,pcs,-7.24314085,112.75744804999998
Kabel Drop,188/04 -> 188/04-07,90.73,m,,
Homepass (Titik Rumah),188/04-08,1,pcs,-7.243244633652595,112.75742781583003
Kabel Drop,188/04 -> 188/04-08,93.55,m,,
ODC,ODC 189,1,pcs,-7.242803765040493,112.75810072417319
Join Closure,JOIN CLOSURE ODC 189,1,pcs,-7.242803765040493,112.75810072417319
ODP,189/01,1,pcs,-7.242676809907406,112.7579337257662
Kabel Distribusi,ODC 189 -> 189/01,27.85,m,,
Homepass (Titik Rumah),189/01-01,1,pcs,-7.242593645228446,112.75800524422677
Kabel Drop,189/01 -> 189/01-01,14.59,m,,
Homepass (Titik Rumah),189/01-02,1,pcs,-7.2426001000000015,112.75791044999998
Kabel Drop,189/01 -> 189/01-02,10.69,m,,
Homepass (Titik Rumah),189/01-03,1,pcs,-7.242533979997692,112.75809770350152
Kabel Drop,189/01 -> 189/01-03,28.89,m,,
Homepass (Titik Rumah),189/01-04,1,pcs,-7.242718119195511,112.75787798481707
Kabel Drop,189/01 -> 189/01-04,9.21,m,,
Homepass (Titik Rumah),189/01-05,1,pcs,-7.24255795,112.75777815000002
Kabel Drop,189/01 -> 189/01-05,25.99,m,,
Homepass (Titik Rumah),189/01-06,1,pcs,-7.242712026805039,112.75780515455342
Kabel Drop,189/01 -> 189/01-06,17.66,m,,
Homepass (Titik Rumah),189/01-07,1,pcs,-7.2428532522359585,112.75797617067505
Kabel Drop,189/01 -> 189/01-07,24.2,m,,
Homepass (Titik Rumah),189/01-08,1,pcs,-7.242817760371707,112.75786097449905
Kabel Drop,189/01 -> 189/01-08,21.13,m,,
ODP,189/02,1,pcs,-7.242699375604969,112.75809605971313
Kabel Distribusi,ODC 189 -> 189/02,13.94,m,,
Homepass (Titik Rumah),189/02-01,1,pcs,-7.242744350000001,112.75818275
Kabel Drop,189/02 -> 189/02-01,12.95,m,,
Homepass (Titik Rumah),189/02-02,1,pcs,-7.242673399999999,112.75820320000003
Kabel Drop,189/02 -> 189/02-02,14.6,m,,
Homepass (Titik Rumah),189/02-03,1,pcs,-7.242589696808016,112.75817722949245
Kabel Drop,189/02 -> 189/02-03,18.16,m,,
Homepass (Titik Rumah),189/02-04,1,pcs,-7.242602578901318,112.75825820655669
Kabel Drop,189/02 -> 189/02-04,25.05,m,,
Homepass (Titik Rumah),189/02-05,1,pcs,-7.24272332041641,112.75799832545782
Kabel Drop,189/02 -> 189/02-05,13.33,m,,
Homepass (Titik Rumah),189/02-06,1,pcs,-7.242682601598224,112.75800526995309
Kabel Drop,189/02 -> 189/02-06,12.22,m,,
Homepass (Titik Rumah),189/02-07,1,pcs,-7.242767549999999,112.75799079999999
Kabel Drop,189/02 -> 189/02-07,16.64,m,,
Homepass (Titik Rumah),189/02-08,1,pcs,-7.242810128180283,112.75798355647252
Kabel Drop,189/02 -> 189/02-08,20.98,m,,
ODP,189/03,1,pcs,-7.2429084,112.7584151
Kabel Distribusi,ODC 189 -> 189/03,43.89,m,,
Homepass (Titik Rumah),189/03-01,1,pcs,-7.242773501140164,112.7583680266661
Kabel Drop,189/03 -> 189/03-01,19.05,m,,
Homepass (Titik Rumah),189/03-02,1,pcs,-7.242696355680035,112.75830572655461
Kabel Drop,189/03 -> 189/03-02,31.78,m,,
Homepass (Titik Rumah),189/03-03,1,pcs,-7.242854882158141,112.75828536680396
Kabel Drop,189/03 -> 189/03-03,18.6,m,,
Homepass (Titik Rumah),189/03-04,1,pcs,-7.242719432326915,112.75825591776669
Kabel Drop,189/03 -> 189/03-04,32.86,m,,
Homepass (Titik Rumah),189/03-05,1,pcs,-7.242803667465518,112.75822986899456
Kabel Drop,189/03 -> 189/03-05,28.22,m,,
Homepass (Titik Rumah),189/03-06,1,pcs,-7.2426343,112.75841575
Kabel Drop,189/03 -> 189/03-06,36.57,m,,
Homepass (Titik Rumah),189/03-07,1,pcs,-7.2429049999999995,112.7582718
Kabel Drop,189/03 -> 189/03-07,18.97,m,,
Homepass (Titik Rumah),189/03-08,1,pcs,-7.242611649999999,112.75833360000001
Kabel Drop,189/03 -> 189/03-08,41.04,m,,
ODP,189/04,1,pcs,-7.242909825798294,112.75842012727806
Kabel Distribusi,ODC 189 -> 189/04,44.58,m,,
Homepass (Titik Rumah),189/04-01,1,pcs,-7.24307801817702,112.75831759926425
Kabel Drop,189/04 -> 189/04-01,26.23,m,,
Homepass (Titik Rumah),189/04-02,1,pcs,-7.243052513976334,112.75823347177162
Kabel Drop,189/04 -> 189/04-02,31.19,m,,
Homepass (Titik Rumah),189/04-03,1,pcs,-7.24301895,112.75839835000001
Kabel Drop,189/04 -> 189/04-03,14.84,m,,
Homepass (Titik Rumah),189/04-04,1,pcs,-7.243082350000002,112.7584755
Kabel Drop,189/04 -> 189/04-04,24.16,m,,
Homepass (Titik Rumah),189/04-05,1,pcs,-7.243020878834412,112.75815125238688
Kabel Drop,189/04 -> 189/04-05,38.55,m,,
Homepass (Titik Rumah),189/04-06,1,pcs,-7.242948829286304,112.75844411471947
Kabel Drop,189/04 -> 189/04-06,6.1,m,,
Homepass (Titik Rumah),189/04-07,1,pcs,-7.243118970988171,112.7585252833192
Kabel Drop,189/04 -> 189/04-07,31.19,m,,
Homepass (Titik Rumah),189/04-08,1,pcs,-7.24296831943854,112.75852893464139
Kabel Drop,189/04 -> 189/04-08,16.38,m,,
ODC,ODC 190,1,pcs,-7.243655314489654,112.75851184491717
Join Closure,JOIN CLOSURE ODC 190,1,pcs,-7.243655314489654,112.75851184491717
ODP,190/01,1,pcs,-7.243809858901898,112.75847434437122
Kabel Distribusi,ODC 190 -> 190/01,21.21,m,,
Homepass (Titik Rumah),190/01-01,1,pcs,-7.243922628779758,112.75858021047092
Kabel Drop,190/01 -> 190/01-01,20.56,m,,
Homepass (Titik Rumah),190/01-02,1,pcs,-7.2439151499999985,112.75851195
Kabel Drop,190/01 -> 190/01-02,14.91,m,,
Homepass (Titik Rumah),190/01-03,1,pcs,-7.243846549999999,112.75857205000001
Kabel Drop,190/01 -> 190/01-03,13.83,m,,
Homepass (Titik Rumah),190/01-04,1,pcs,-7.243868259708625,112.75865932148916
Kabel Drop,190/01 -> 190/01-04,25.7,m,,
Homepass (Titik Rumah),190/01-05,1,pcs,-7.2437884,112.75859659999999
Kabel Drop,190/01 -> 190/01-05,16.43,m,,
Homepass (Titik Rumah),190/01-06,1,pcs,-7.243893319196827,112.75874647732088
Kabel Drop,190/01 -> 190/01-06,37.7,m,,
Homepass (Titik Rumah),190/01-07,1,pcs,-7.243802800000001,112.75869995000001
Kabel Drop,190/01 -> 190/01-07,29.88,m,,
Homepass (Titik Rumah),190/01-08,1,pcs,-7.243734249999999,112.75861084999998
Kabel Drop,190/01 -> 190/01-08,20.69,m,,
ODP,190/02,1,pcs,-7.243659464819838,112.75829545119974
Kabel Distribusi,ODC 190 -> 190/02,28.65,m,,
Homepass (Titik Rumah),190/02-01,1,pcs,-7.243846006461896,112.75836582100348
Kabel Drop,190/02 -> 190/02-01,26.58,m,,
Homepass (Titik Rumah),190/02-02,1,pcs,-7.243735110724556,112.75838068122007
Kabel Drop,190/02 -> 190/02-02,15.14,m,,
Homepass (Titik Rumah),190/02-03,1,pcs,-7.243704750000001,112.75823405
Kabel Drop,190/02 -> 190/02-03,10.13,m,,
Homepass (Titik Rumah),190/02-04,1,pcs,-7.2435436000000015,112.7583066
Kabel Drop,190/02 -> 190/02-04,15.53,m,,
Homepass (Titik Rumah),190/02-05,1,pcs,-7.243522950000002,112.7582444
Kabel Drop,190/02 -> 190/02-05,19.43,m,,
Homepass (Titik Rumah),190/02-06,1,pcs,-7.243524099999998,112.75816849999998
Kabel Drop,190/02 -> 190/02-06,24.67,m,,
Homepass (Titik Rumah),190/02-07,1,pcs,-7.243463217343082,112.75830462483015
Kabel Drop,190/02 -> 190/02-07,26.21,m,,
Homepass (Titik Rumah),190/02-08,1,pcs,-7.2434503,112.75844169999999
Kabel Drop,190/02 -> 190/02-08,33.97,m,,
ODP,190/03,1,pcs,-7.243454792884584,112.75855758353623
Kabel Distribusi,ODC 190 -> 190/03,27.43,m,,
Homepass (Titik Rumah),190/03-01,1,pcs,-7.243544915293169,112.75866411370042
Kabel Drop,190/03 -> 190/03-01,18.53,m,,
Homepass (Titik Rumah),190/03-02,1,pcs,-7.243497528683316,112.75865060606209
Kabel Drop,190/03 -> 190/03-02,13.57,m,,
Homepass (Titik Rumah),190/03-03,1,pcs,-7.243508349999999,112.75877815
Kabel Drop,190/03 -> 190/03-03,30.06,m,,
Homepass (Titik Rumah),190/03-04,1,pcs,-7.2434203499999965,112.75867675
Kabel Drop,190/03 -> 190/03-04,16.43,m,,
Homepass (Titik Rumah),190/03-05,1,pcs,-7.243436329685238,112.7587297528914
Kabel Drop,190/03 -> 190/03-05,22.92,m,,
Homepass (Titik Rumah),190/03-06,1,pcs,-7.2434157142901325,112.75879947067676
Kabel Drop,190/03 -> 190/03-06,32.44,m,,
Homepass (Titik Rumah),190/03-07,1,pcs,-7.243470950000001,112.75885575000001
Kabel Drop,190/03 -> 190/03-07,39.53,m,,
Homepass (Titik Rumah),190/03-08,1,pcs,-7.243553905398448,112.75842327124465
Kabel Drop,190/03 -> 190/03-08,22.16,m,,
ODP,190/04,1,pcs,-7.243748386057421,112.75894370889385
Kabel Distribusi,ODC 190 -> 190/04,58.5,m,,
Homepass (Titik Rumah),190/04-01,1,pcs,-7.24374105,112.75871645000001
Kabel Drop,190/04 -> 190/04-01,30.1,m,,
Homepass (Titik Rumah),190/04-02,1,pcs,-7.2437616,112.75880149999999
Kabel Drop,190/04 -> 190/04-02,18.91,m,,
Homepass (Titik Rumah),190/04-03,1,pcs,-7.243678448342405,112.75862578070904
Kabel Drop,190/04 -> 190/04-03,43.11,m,,
Homepass (Titik Rumah),190/04-04,1,pcs,-7.243694400000001,112.7588176
Kabel Drop,190/04 -> 190/04-04,18.18,m,,
Homepass (Titik Rumah),190/04-05,1,pcs,-7.2436425,112.75864004999998
Kabel Drop,190/04 -> 190/04-05,42.61,m,,
Homepass (Titik Rumah),190/04-06,1,pcs,-7.24385275,112.7588055
Kabel Drop,190/04 -> 190/04-06,22.99,m,,
Homepass (Titik Rumah),190/04-07,1,pcs,-7.243591319202131,112.75865322735874
Kabel Drop,190/04 -> 190/04-07,43.79,m,,
Homepass (Titik Rumah),190/04-08,1,pcs,-7.243599947129435,112.7588309796629
Kabel Drop,190/04 -> 190/04-08,24.8,m,,
ODC,ODC 191,1,pcs,-7.244092217070827,112.758404513362
Join Closure,JOIN CLOSURE ODC 191,1,pcs,-7.244092217070827,112.758404513362
ODP,191/01,1,pcs,-7.244313037416307,112.75834969604587
Kabel Distribusi,ODC 191 -> 191/01,30.35,m,,
Homepass (Titik Rumah),191/01-01,1,pcs,-7.244437049999999,112.75841929999999
Kabel Drop,191/01 -> 191/01-01,18.94,m,,
Homepass (Titik Rumah),191/01-02,1,pcs,-7.244338700000001,112.75845035
Kabel Drop,191/01 -> 191/01-02,13.76,m,,
Homepass (Titik Rumah),191/01-03,1,pcs,-7.244423703840246,112.75852511935486
Kabel Drop,191/01 -> 191/01-03,27.52,m,,
Homepass (Titik Rumah),191/01-04,1,pcs,-7.2444522,112.7586145
Kabel Drop,191/01 -> 191/01-04,39.67,m,,
Homepass (Titik Rumah),191/01-05,1,pcs,-7.24435362040546,112.75861103380947
Kabel Drop,191/01 -> 191/01-05,35.01,m,,
Homepass (Titik Rumah),191/01-06,1,pcs,-7.244227728474461,112.75848863832647
Kabel Drop,191/01 -> 191/01-06,21.63,m,,
Homepass (Titik Rumah),191/01-07,1,pcs,-7.2442893159041155,112.75864049477454
Kabel Drop,191/01 -> 191/01-07,38.62,m,,
Homepass (Titik Rumah),191/01-08,1,pcs,-7.2444723,112.7586924
Kabel Drop,191/01 -> 191/01-08,50.09,m,,
ODP,191/02,1,pcs,-7.243987550732129,112.75807721231696
Kabel Distribusi,ODC 191 -> 191/02,45.52,m,,
Homepass (Titik Rumah),191/02-01,1,pcs,-7.242436755975544,112.75751306037913
Kabel Drop,191/02 -> 191/02-01,219.99,m,,
Homepass (Titik Rumah),191/02-02,1,pcs,-7.242388080463766,112.75758745439238
Kabel Drop,191/02 -> 191/02-02,223.05,m,,
Homepass (Titik Rumah),191/02-03,1,pcs,-7.242354900000002,112.75743675000002
Kabel Drop,191/02 -> 191/02-03,233.77,m,,
Homepass (Titik Rumah),191/02-04,1,pcs,-7.244908323763543,112.75599166477822
Kabel Drop,191/02 -> 191/02-04,302.17,m,,
Homepass (Titik Rumah),191/02-05,1,pcs,-7.24486845,112.7592678
Kabel Drop,191/02 -> 191/02-05,196.6,m,,
Homepass (Titik Rumah),191/02-06,1,pcs,-7.24488565,112.75932015000002
Kabel Drop,191/02 -> 191/02-06,203.54,m,,
Homepass (Titik Rumah),191/02-07,1,pcs,-7.245276648824227,112.75874313166607
Kabel Drop,191/02 -> 191/02-07,193.28,m,,
Homepass (Titik Rumah),191/02-08,1,pcs,-7.244929750000001,112.75935030000001
Kabel Drop,191/02 -> 191/02-08,210.25,m,,
ODP,191/03,1,pcs,-7.24385731783427,112.75810977054144
Kabel Distribusi,ODC 191 -> 191/03,50.05,m,,
Homepass (Titik Rumah),191/03-01,1,pcs,-7.2439333,112.75818330000001
Kabel Drop,191/03 -> 191/03-01,14.05,m,,
Homepass (Titik Rumah),191/03-02,1,pcs,-7.2439076,112.75818935
Kabel Drop,191/03 -> 191/03-02,12.49,m,,
Homepass (Titik Rumah),191/03-03,1,pcs,-7.243876370589205,112.75820623735405
Kabel Drop,191/03 -> 191/03-03,13.02,m,,
Homepass (Titik Rumah),191/03-04,1,pcs,-7.243937217480991,112.75831578966138
Kabel Drop,191/03 -> 191/03-04,29.28,m,,
Homepass (Titik Rumah),191/03-05,1,pcs,-7.243987629169756,112.7583084635818
Kabel Drop,191/03 -> 191/03-05,31.53,m,,
Homepass (Titik Rumah),191/03-06,1,pcs,-7.243796400000001,112.75821644999999
Kabel Drop,191/03 -> 191/03-06,16.29,m,,
Homepass (Titik Rumah),191/03-07,1,pcs,-7.243816239309418,112.75830007923498
Kabel Drop,191/03 -> 191/03-07,25.78,m,,
Homepass (Titik Rumah),191/03-08,1,pcs,-7.243901649999999,112.75834995
Kabel Drop,191/03 -> 191/03-08,32.34,m,,
ODP,191/04,1,pcs,-7.244151373062871,112.75884042846201
Kabel Distribusi,ODC 191 -> 191/04,58.24,m,,
Homepass (Titik Rumah),191/04-01,1,pcs,-7.244241899181464,112.75865173186669
Kabel Drop,191/04 -> 191/04-01,27.75,m,,
Homepass (Titik Rumah),191/04-02,1,pcs,-7.244192001916619,112.75866666956561
Kabel Drop,191/04 -> 191/04-02,23.63,m,,
Homepass (Titik Rumah),191/04-03,1,pcs,-7.244143449999999,112.7586868
Kabel Drop,191/04 -> 191/04-03,20.36,m,,
Homepass (Titik Rumah),191/04-04,1,pcs,-7.244086217543413,112.75869015648117
Kabel Drop,191/04 -> 191/04-04,21.71,m,,
Homepass (Titik Rumah),191/04-05,1,pcs,-7.244135449999999,112.75851045000002
Kabel Drop,191/04 -> 191/04-05,43.73,m,,
Homepass (Titik Rumah),191/04-06,1,pcs,-7.2440180193135735,112.75869358110617
Kabel Drop,191/04 -> 191/04-06,26.35,m,,
Homepass (Titik Rumah),191/04-07,1,pcs,-7.2440330149321195,112.75852316990587
Kabel Drop,191/04 -> 191/04-07,44.87,m,,
Homepass (Titik Rumah),191/04-08,1,pcs,-7.243957449117636,112.75872653178548
Kabel Drop,191/04 -> 191/04-08,29.95,m,,
ODC,ODC 192,1,pcs,-7.244768582545009,112.75822462792532
Join Closure,JOIN CLOSURE ODC 192,1,pcs,-7.244768582545009,112.75822462792532
ODP,192/01,1,pcs,-7.24500078124793,112.75816335261848
Kabel Distribusi,ODC 192 -> 192/01,32.03,m,,
Homepass (Titik Rumah),192/01-01,1,pcs,-7.24493295,112.75807405
Kabel Drop,192/01 -> 192/01-01,14.89,m,,
Homepass (Titik Rumah),192/01-02,1,pcs,-7.2449593699898065,112.75828623925725
Kabel Drop,192/01 -> 192/01-02,17.18,m,,
Homepass (Titik Rumah),192/01-03,1,pcs,-7.245030150000001,112.75826570000001
Kabel Drop,192/01 -> 192/01-03,14.1,m,,
Homepass (Titik Rumah),192/01-04,1,pcs,-7.244871700000002,112.75830935
Kabel Drop,192/01 -> 192/01-04,25.89,m,,
Homepass (Titik Rumah),192/01-05,1,pcs,-7.245023182525685,112.75782995061456
Kabel Drop,192/01 -> 192/01-05,44.23,m,,
Homepass (Titik Rumah),192/01-06,1,pcs,-7.24517825,112.75822505
Kabel Drop,192/01 -> 192/01-06,25.05,m,,
Homepass (Titik Rumah),192/01-07,1,pcs,-7.244780104278743,112.75833317012462
Kabel Drop,192/01 -> 192/01-07,37.05,m,,
Homepass (Titik Rumah),192/01-08,1,pcs,-7.245227260254716,112.75797134975575
Kabel Drop,192/01 -> 192/01-08,39.49,m,,
ODP,192/02,1,pcs,-7.244573557044962,112.7582751895131
Kabel Distribusi,ODC 192 -> 192/02,26.87,m,,
Homepass (Titik Rumah),192/02-01,1,pcs,-7.244769100000002,112.7585407
Kabel Drop,192/02 -> 192/02-01,43.77,m,,
Homepass (Titik Rumah),192/02-02,1,pcs,-7.244684149999998,112.7585616
Kabel Drop,192/02 -> 192/02-02,40.68,m,,
Homepass (Titik Rumah),192/02-03,1,pcs,-7.244619751551453,112.7585805688456
Kabel Drop,192/02 -> 192/02-03,40.89,m,,
Homepass (Titik Rumah),192/02-04,1,pcs,-7.244692225680149,112.7583566897372
Kabel Drop,192/02 -> 192/02-04,19.16,m,,
Homepass (Titik Rumah),192/02-05,1,pcs,-7.244625879132154,112.75838205944963
Kabel Drop,192/02 -> 192/02-05,15.78,m,,
Homepass (Titik Rumah),192/02-06,1,pcs,-7.244572251079041,112.75838771828433
Kabel Drop,192/02 -> 192/02-06,14.9,m,,
Homepass (Titik Rumah),192/02-07,1,pcs,-7.244501940208581,112.75854634614318
Kabel Drop,192/02 -> 192/02-07,37.14,m,,
Homepass (Titik Rumah),192/02-08,1,pcs,-7.244524847127604,112.75841358038883
Kabel Drop,192/02 -> 192/02-08,19.44,m,,
ODP,192/03,1,pcs,-7.2451166560117155,112.75859303874856
Kabel Distribusi,ODC 192 -> 192/03,67.34,m,,
Homepass (Titik Rumah),192/03-01,1,pcs,-7.2451018977791914,112.75841280386487
Kabel Drop,192/03 -> 192/03-01,23.94,m,,
Homepass (Titik Rumah),192/03-02,1,pcs,-7.244976899999998,112.75845049999998
Kabel Drop,192/03 -> 192/03-02,26.53,m,,
Homepass (Titik Rumah),192/03-03,1,pcs,-7.245225032785747,112.75836127304694
Kabel Drop,192/03 -> 192/03-03,33.92,m,,
Homepass (Titik Rumah),192/03-04,1,pcs,-7.244934920729181,112.75849753479281
Kabel Drop,192/03 -> 192/03-04,27.35,m,,
Homepass (Titik Rumah),192/03-05,1,pcs,-7.2452867690049905,112.75835299404947
Kabel Drop,192/03 -> 192/03-05,39.05,m,,
Homepass (Titik Rumah),192/03-06,1,pcs,-7.244834150000002,112.75846459999998
Kabel Drop,192/03 -> 192/03-06,41.35,m,,
Homepass (Titik Rumah),192/03-07,1,pcs,-7.245378649999998,112.75836315
Kabel Drop,192/03 -> 192/03-07,46.35,m,,
Homepass (Titik Rumah),192/03-08,1,pcs,-7.24487139466569,112.75857906943912
Kabel Drop,192/03 -> 192/03-08,32.78,m,,
ODP,192/04,1,pcs,-7.2444353149064185,112.75806423105328
Kabel Distribusi,ODC 192 -> 192/04,49.28,m,,
Homepass (Titik Rumah),192/04-01,1,pcs,-7.244301800000002,112.75792269999998
Kabel Drop,192/04 -> 192/04-01,25.85,m,,
Homepass (Titik Rumah),192/04-02,1,pcs,-7.244339249999998,112.75800405000001
Kabel Drop,192/04 -> 192/04-02,15.09,m,,
Homepass (Titik Rumah),192/04-03,1,pcs,-7.244343050000002,112.75810409999998
Kabel Drop,192/04 -> 192/04-03,13.39,m,,
Homepass (Titik Rumah),192/04-04,1,pcs,-7.2445031756680525,112.7579478721605
Kabel Drop,192/04 -> 192/04-04,17.87,m,,
Homepass (Titik Rumah),192/04-05,1,pcs,-7.2443704,112.75822275000002
Kabel Drop,192/04 -> 192/04-05,22.7,m,,
Homepass (Titik Rumah),192/04-06,1,pcs,-7.244543549999999,112.75817860000001
Kabel Drop,192/04 -> 192/04-06,20.92,m,,
Homepass (Titik Rumah),192/04-07,1,pcs,-7.244203150000001,112.75826149999999
Kabel Drop,192/04 -> 192/04-07,40.52,m,,
Homepass (Titik Rumah),192/04-08,1,pcs,-7.244682210478338,112.75792542100831
Kabel Drop,192/04 -> 192/04-08,37.72,m,,
ODC,ODC 193,1,pcs,-7.244845100811794,112.75765506118785
Join Closure,JOIN CLOSURE ODC 193,1,pcs,-7.244845100811794,112.75765506118785
ODP,193/01,1,pcs,-7.244823017623399,112.75757800509302
Kabel Distribusi,ODC 193 -> 193/01,10.62,m,,
Homepass (Titik Rumah),193/01-01,1,pcs,-7.2449249066405566,112.75751738154626
Kabel Drop,193/01 -> 193/01-01,15.79,m,,
Homepass (Titik Rumah),193/01-02,1,pcs,-7.244774799999999,112.75753639999999
Kabel Drop,193/01 -> 193/01-02,8.47,m,,
Homepass (Titik Rumah),193/01-03,1,pcs,-7.245117550000001,112.75752385
Kabel Drop,193/01 -> 193/01-03,39.95,m,,
Homepass (Titik Rumah),193/01-04,1,pcs,-7.244713368359454,112.75746919882899
Kabel Drop,193/01 -> 193/01-04,20.53,m,,
Homepass (Titik Rumah),193/01-05,1,pcs,-7.245139861686246,112.75760501917702
Kabel Drop,193/01 -> 193/01-05,42.43,m,,
Homepass (Titik Rumah),193/01-06,1,pcs,-7.244782999999999,112.75770610000002
Kabel Drop,193/01 -> 193/01-06,17.78,m,,
Homepass (Titik Rumah),193/01-07,1,pcs,-7.245023099999999,112.7577404
Kabel Drop,193/01 -> 193/01-07,34.28,m,,
Homepass (Titik Rumah),193/01-08,1,pcs,-7.244677616309944,112.75736231947187
Kabel Drop,193/01 -> 193/01-08,34.52,m,,
ODP,193/02,1,pcs,-7.2447507278741865,112.75732576045921
Kabel Distribusi,ODC 193 -> 193/02,45.37,m,,
Homepass (Titik Rumah),193/02-01,1,pcs,-7.245020120407116,112.75723569690969
Kabel Drop,193/02 -> 193/02-01,37.87,m,,
Homepass (Titik Rumah),193/02-02,1,pcs,-7.244948450000001,112.75716270000001
Kabel Drop,193/02 -> 193/02-02,34.09,m,,
Homepass (Titik Rumah),193/02-03,1,pcs,-7.245016221920255,112.75734924243997
Kabel Drop,193/02 -> 193/02-03,35.56,m,,
Homepass (Titik Rumah),193/02-04,1,pcs,-7.24486225,112.7573298
Kabel Drop,193/02 -> 193/02-04,14.89,m,,
Homepass (Titik Rumah),193/02-05,1,pcs,-7.244830421909352,112.75720749769769
Kabel Drop,193/02 -> 193/02-05,18.92,m,,
Homepass (Titik Rumah),193/02-06,1,pcs,-7.245074488172641,112.7574389283908
Kabel Drop,193/02 -> 193/02-06,45.72,m,,
Homepass (Titik Rumah),193/02-07,1,pcs,-7.244891271365228,112.75742354646641
Kabel Drop,193/02 -> 193/02-07,22.79,m,,
Homepass (Titik Rumah),193/02-08,1,pcs,-7.2449056777000544,112.75701644727174
Kabel Drop,193/02 -> 193/02-08,45.87,m,,
ODP,193/03,1,pcs,-7.244928080637037,112.7579446072972
Kabel Distribusi,ODC 193 -> 193/03,39.89,m,,
Homepass (Titik Rumah),193/03-01,1,pcs,-7.2447041205036875,112.7580053973423
Kabel Drop,193/03 -> 193/03-01,30.95,m,,
Homepass (Titik Rumah),193/03-02,1,pcs,-7.2447411,112.75810929999999
Kabel Drop,193/03 -> 193/03-02,33.13,m,,
Homepass (Titik Rumah),193/03-03,1,pcs,-7.2447792,112.75788225
Kabel Drop,193/03 -> 193/03-03,21.51,m,,
Homepass (Titik Rumah),193/03-04,1,pcs,-7.244842799999998,112.75796305
Kabel Drop,193/03 -> 193/03-04,11.64,m,,
Homepass (Titik Rumah),193/03-05,1,pcs,-7.244848350999785,112.75805746659164
Kabel Drop,193/03 -> 193/03-05,18.34,m,,
Homepass (Titik Rumah),193/03-06,1,pcs,-7.2448751399072755,112.75808527802877
Kabel Drop,193/03 -> 193/03-06,19.92,m,,
Homepass (Titik Rumah),193/03-07,1,pcs,-7.244851378163422,112.75788210750433
Kabel Drop,193/03 -> 193/03-07,13.16,m,,
Homepass (Titik Rumah),193/03-08,1,pcs,-7.244835749999997,112.75784335
Kabel Drop,193/03 -> 193/03-08,18.21,m,,
ODP,193/04,1,pcs,-7.245288859690573,112.75765429071012
Kabel Distribusi,ODC 193 -> 193/04,59.21,m,,
Homepass (Titik Rumah),193/04-01,1,pcs,-7.245099599999999,112.75775945
Kabel Drop,193/04 -> 193/04-01,28.84,m,,
Homepass (Titik Rumah),193/04-02,1,pcs,-7.245182900000002,112.75772855000001
Kabel Drop,193/04 -> 193/04-02,17.22,m,,
Homepass (Titik Rumah),193/04-03,1,pcs,-7.245166586510286,112.75785698113849
Kabel Drop,193/04 -> 193/04-03,31.4,m,,
Homepass (Titik Rumah),193/04-04,1,pcs,-7.245442500000001,112.75773415000002
Kabel Drop,193/04 -> 193/04-04,23.07,m,,
Homepass (Titik Rumah),193/04-05,1,pcs,-7.245405196686046,112.75756832942818
Kabel Drop,193/04 -> 193/04-05,19.25,m,,
Homepass (Titik Rumah),193/04-06,1,pcs,-7.245352338022713,112.75738743053262
Kabel Drop,193/04 -> 193/04-06,36.33,m,,
Homepass (Titik Rumah),193/04-07,1,pcs,-7.244644399999998,112.75775475
Kabel Drop,193/04 -> 193/04-07,87.01,m,,
Homepass (Titik Rumah),193/04-08,1,pcs,-7.245528692905646,112.7575790788601
Kabel Drop,193/04 -> 193/04-08,33.51,m,,
ODC,ODC 194,1,pcs,-7.2455061596434716,112.75719584335117
Join Closure,JOIN CLOSURE ODC 194,1,pcs,-7.2455061596434716,112.75719584335117
ODP,194/01,1,pcs,-7.245475249223526,112.75706511004742
Kabel Distribusi,ODC 194 -> 194/01,17.79,m,,
Homepass (Titik Rumah),194/01-01,1,pcs,-7.245636789722455,112.75699072992005
Kabel Drop,194/01 -> 194/01-01,23.7,m,,
Homepass (Titik Rumah),194/01-02,1,pcs,-7.245653263053468,112.75706310806723
Kabel Drop,194/01 -> 194/01-02,23.75,m,,
Homepass (Titik Rumah),194/01-03,1,pcs,-7.245533663787199,112.75703401910245
Kabel Drop,194/01 -> 194/01-03,8.81,m,,
Homepass (Titik Rumah),194/01-04,1,pcs,-7.245515760692684,112.75697062002101
Kabel Drop,194/01 -> 194/01-04,13.63,m,,
Homepass (Titik Rumah),194/01-05,1,pcs,-7.245538150000001,112.75708800000001
Kabel Drop,194/01 -> 194/01-05,8.92,m,,
Homepass (Titik Rumah),194/01-06,1,pcs,-7.245666750000001,112.75713355
Kabel Drop,194/01 -> 194/01-06,27.11,m,,
Homepass (Titik Rumah),194/01-07,1,pcs,-7.245511099999999,112.7569123
Kabel Drop,194/01 -> 194/01-07,20.79,m,,
Homepass (Titik Rumah),194/01-08,1,pcs,-7.24555908585946,112.75713643038634
Kabel Drop,194/01 -> 194/01-08,14.64,m,,
ODP,194/02,1,pcs,-7.245524788607534,112.75727463315802
Kabel Distribusi,ODC 194 -> 194/02,10.72,m,,
Homepass (Titik Rumah),194/02-01,1,pcs,-7.2455752,112.7571901
Kabel Drop,194/02 -> 194/02-01,13.06,m,,
Homepass (Titik Rumah),194/02-02,1,pcs,-7.245584780191388,112.75724315264978
Kabel Drop,194/02 -> 194/02-02,9.02,m,,
Homepass (Titik Rumah),194/02-03,1,pcs,-7.245600361700312,112.75730907025489
Kabel Drop,194/02 -> 194/02-03,11.07,m,,
Homepass (Titik Rumah),194/02-04,1,pcs,-7.245700233852053,112.75721239969009
Kabel Drop,194/02 -> 194/02-04,24.82,m,,
Homepass (Titik Rumah),194/02-05,1,pcs,-7.245684050797169,112.75728576774611
Kabel Drop,194/02 -> 194/02-05,21.3,m,,
Homepass (Titik Rumah),194/02-06,1,pcs,-7.245417196057523,112.75721590942427
Kabel Drop,194/02 -> 194/02-06,16.33,m,,
Homepass (Titik Rumah),194/02-07,1,pcs,-7.245471959511214,112.75733007014311
Kabel Drop,194/02 -> 194/02-07,10.18,m,,
Homepass (Titik Rumah),194/02-08,1,pcs,-7.245740729621311,112.7572743586648
Kabel Drop,194/02 -> 194/02-08,28.81,m,,
ODP,194/03,1,pcs,-7.245139528218738,112.7571113150302
Kabel Distribusi,ODC 194 -> 194/03,50.18,m,,
Homepass (Titik Rumah),194/03-01,1,pcs,-7.245366780549298,112.75693745354148
Kabel Drop,194/03 -> 194/03-01,38.07,m,,
Homepass (Titik Rumah),194/03-02,1,pcs,-7.24537515,112.75700824999998
Kabel Drop,194/03 -> 194/03-02,34.27,m,,
Homepass (Titik Rumah),194/03-03,1,pcs,-7.245398641666212,112.7571016935031
Kabel Drop,194/03 -> 194/03-03,34.6,m,,
Homepass (Titik Rumah),194/03-04,1,pcs,-7.24526739169412,112.7571204291412
Kabel Drop,194/03 -> 194/03-04,17.1,m,,
Homepass (Titik Rumah),194/03-05,1,pcs,-7.245345179691129,112.75730355531353
Kabel Drop,194/03 -> 194/03-05,37.42,m,,
Homepass (Titik Rumah),194/03-06,1,pcs,-7.244987256742256,112.75699857093878
Kabel Drop,194/03 -> 194/03-06,25.21,m,,
Homepass (Titik Rumah),194/03-07,1,pcs,-7.245012,112.7570878
Kabel Drop,194/03 -> 194/03-07,17.3,m,,
Homepass (Titik Rumah),194/03-08,1,pcs,-7.2450256500000005,112.75715075000001
Kabel Drop,194/03 -> 194/03-08,16.07,m,,
ODP,194/04,1,pcs,-7.2456918020158225,112.75737801180792
Kabel Distribusi,ODC 194 -> 194/04,34.57,m,,
Homepass (Titik Rumah),194/04-01,1,pcs,-7.24557735,112.7576876
Kabel Drop,194/04 -> 194/04-01,43.73,m,,
Homepass (Titik Rumah),194/04-02,1,pcs,-7.245598436277718,112.75759665714594
Kabel Drop,194/04 -> 194/04-02,31.51,m,,
Homepass (Titik Rumah),194/04-03,1,pcs,-7.245649804392378,112.75757717187895
Kabel Drop,194/04 -> 194/04-03,26.95,m,,
Homepass (Titik Rumah),194/04-04,1,pcs,-7.245773081003959,112.75754367005325
Kabel Drop,194/04 -> 194/04-04,24.46,m,,
Homepass (Titik Rumah),194/04-05,1,pcs,-7.245620170091346,112.75803278339484
Kabel Drop,194/04 -> 194/04-05,87.2,m,,
Homepass (Titik Rumah),194/04-06,1,pcs,-7.24589746520995,112.75750794223926
Kabel Drop,194/04 -> 194/04-06,32.39,m,,
Homepass (Titik Rumah),194/04-07,1,pcs,-7.245961711929975,112.75791363415388
Kabel Drop,194/04 -> 194/04-07,79.52,m,,
Homepass (Titik Rumah),194/04-08,1,pcs,-7.2460023,112.75749945
Kabel Drop,194/04 -> 194/04-08,44.44,m,,
ODC,ODC 195,1,pcs,-7.246160900312731,112.7572677829159
Join Closure,JOIN CLOSURE ODC 195,1,pcs,-7.246160900312731,112.7572677829159
ODP,195/01,1,pcs,-7.246006653826294,112.75713749967576
Kabel Distribusi,ODC 195 -> 195/01,26.85,m,,
Homepass (Titik Rumah),195/01-01,1,pcs,-7.2458273792208505,112.7572463062129
Kabel Drop,195/01 -> 195/01-01,27.92,m,,
Homepass (Titik Rumah),195/01-02,1,pcs,-7.24589105,112.75722449999999
Kabel Drop,195/01 -> 195/01-02,19.25,m,,
Homepass (Titik Rumah),195/01-03,1,pcs,-7.245825150000001,112.7571629
Kabel Drop,195/01 -> 195/01-03,24.45,m,,
Homepass (Titik Rumah),195/01-04,1,pcs,-7.24595678037979,112.75719460315503
Kabel Drop,195/01 -> 195/01-04,10.07,m,,
Homepass (Titik Rumah),195/01-05,1,pcs,-7.245806450000001,112.75709334999999
Kabel Drop,195/01 -> 195/01-05,27.35,m,,
Homepass (Titik Rumah),195/01-06,1,pcs,-7.245940882001613,112.757122766301
Kabel Drop,195/01 -> 195/01-06,8.99,m,,
Homepass (Titik Rumah),195/01-07,1,pcs,-7.245917519616297,112.75705914685976
Kabel Drop,195/01 -> 195/01-07,15.78,m,,
Homepass (Titik Rumah),195/01-08,1,pcs,-7.246067852740893,112.75719391942715
Kabel Drop,195/01 -> 195/01-08,11.07,m,,
ODP,195/02,1,pcs,-7.245970657535662,112.75698869853021
Kabel Distribusi,ODC 195 -> 195/02,44.82,m,,
Homepass (Titik Rumah),195/02-01,1,pcs,-7.245898219720981,112.7569893966235
Kabel Drop,195/02 -> 195/02-01,9.67,m,,
Homepass (Titik Rumah),195/02-02,1,pcs,-7.24603175,112.75697799999999
Kabel Drop,195/02 -> 195/02-02,8.27,m,,
Homepass (Titik Rumah),195/02-03,1,pcs,-7.246057842873868,112.75705312963248
Kabel Drop,195/02 -> 195/02-03,14.42,m,,
Homepass (Titik Rumah),195/02-04,1,pcs,-7.246089136822153,112.75688881697941
Kabel Drop,195/02 -> 195/02-04,20.61,m,,
Homepass (Titik Rumah),195/02-05,1,pcs,-7.246089649999997,112.75710989999999
Kabel Drop,195/02 -> 195/02-05,22.57,m,,
Homepass (Titik Rumah),195/02-06,1,pcs,-7.2461407000000015,112.75695225
Kabel Drop,195/02 -> 195/02-06,23.2,m,,
Homepass (Titik Rumah),195/02-07,1,pcs,-7.24616415,112.75702559999999
Kabel Drop,195/02 -> 195/02-07,26.28,m,,
Homepass (Titik Rumah),195/02-08,1,pcs,-7.245998,112.7567357
Kabel Drop,195/02 -> 195/02-08,33.69,m,,
ODP,195/03,1,pcs,-7.246181837401553,112.75726278882391
Kabel Distribusi,ODC 195 -> 195/03,2.87,m,,
Homepass (Titik Rumah),195/03-01,1,pcs,-7.2461259,112.75752160000002
Kabel Drop,195/03 -> 195/03-01,35.06,m,,
Homepass (Titik Rumah),195/03-02,1,pcs,-7.246190345675902,112.75751957960361
Kabel Drop,195/03 -> 195/03-02,34.01,m,,
Homepass (Titik Rumah),195/03-03,1,pcs,-7.2461348,112.7573862
Kabel Drop,195/03 -> 195/03-03,17.5,m,,
Homepass (Titik Rumah),195/03-04,1,pcs,-7.2462805834815,112.75749350211211
Kabel Drop,195/03 -> 195/03-04,33.26,m,,
Homepass (Titik Rumah),195/03-05,1,pcs,-7.246216568315313,112.75736682514751
Kabel Drop,195/03 -> 195/03-05,14.53,m,,
Homepass (Titik Rumah),195/03-06,1,pcs,-7.2462952,112.75737389999999
Kabel Drop,195/03 -> 195/03-06,21.1,m,,
Homepass (Titik Rumah),195/03-07,1,pcs,-7.246331949999998,112.75763655
Kabel Drop,195/03 -> 195/03-07,53.38,m,,
Homepass (Titik Rumah),195/03-08,1,pcs,-7.246206600000001,112.7571761
Kabel Drop,195/03 -> 195/03-08,11.94,m,,
ODP,195/04,1,pcs,-7.24646220553721,112.75758887715429
Kabel Distribusi,ODC 195 -> 195/04,58.51,m,,
Homepass (Titik Rumah),195/04-01,1,pcs,-7.246196279964187,112.75709320411535
Kabel Drop,195/04 -> 195/04-01,74.59,m,,
Homepass (Titik Rumah),195/04-02,1,pcs,-7.246350517753522,112.75786946563272
Kabel Drop,195/04 -> 195/04-02,40.02,m,,
Homepass (Titik Rumah),195/04-03,1,pcs,-7.246653544484776,112.7577931793108
Kabel Drop,195/04 -> 195/04-03,37.19,m,,
Homepass (Titik Rumah),195/04-04,1,pcs,-7.246713587485751,112.75787637967521
Kabel Drop,195/04 -> 195/04-04,50.73,m,,
Homepass (Titik Rumah),195/04-05,1,pcs,-7.2467216124167875,112.7579866700246
Kabel Drop,195/04 -> 195/04-05,63.01,m,,
Homepass (Titik Rumah),195/04-06,1,pcs,-7.24628205,112.75605985
Kabel Drop,195/04 -> 195/04-06,203.82,m,,
Homepass (Titik Rumah),195/04-07,1,pcs,-7.2470119490356995,112.75774128196471
Kabel Drop,195/04 -> 195/04-07,76.08,m,,
Homepass (Titik Rumah),195/04-08,1,pcs,-7.246447255815181,112.75810527630264
Kabel Drop,195/04 -> 195/04-08,68.38,m,,
ODC,ODC 196,1,pcs,-7.245294677683729,112.75671357831501
Join Closure,JOIN CLOSURE ODC 196,1,pcs,-7.245294677683729,112.75671357831501
ODP,196/01,1,pcs,-7.2452024191659,112.75639507918632
Kabel Distribusi,ODC 196 -> 196/01,43.92,m,,
Homepass (Titik Rumah),196/01-01,1,pcs,-7.245190696504515,112.75623286360882
Kabel Drop,196/01 -> 196/01-01,21.53,m,,
Homepass (Titik Rumah),196/01-02,1,pcs,-7.245151345936732,112.756289363419
Kabel Drop,196/01 -> 196/01-02,15.56,m,,
Homepass (Titik Rumah),196/01-03,1,pcs,-7.245092,112.75631195
Kabel Drop,196/01 -> 196/01-03,18.39,m,,
Homepass (Titik Rumah),196/01-04,1,pcs,-7.245117581964294,112.75608825221309
Kabel Drop,196/01 -> 196/01-04,42.16,m,,
Homepass (Titik Rumah),196/01-05,1,pcs,-7.245220834058324,112.75644704900338
Kabel Drop,196/01 -> 196/01-05,7.3,m,,
Homepass (Titik Rumah),196/01-06,1,pcs,-7.245355949999999,112.75637285000002
Kabel Drop,196/01 -> 196/01-06,20.7,m,,
Homepass (Titik Rumah),196/01-07,1,pcs,-7.2449744,112.75629885000001
Kabel Drop,196/01 -> 196/01-07,32.98,m,,
Homepass (Titik Rumah),196/01-08,1,pcs,-7.245154482196657,112.75648769512568
Kabel Drop,196/01 -> 196/01-08,13.83,m,,
ODP,196/02,1,pcs,-7.245042421981869,112.75648677381095
Kabel Distribusi,ODC 196 -> 196/02,45.1,m,,
Homepass (Titik Rumah),196/02-01,1,pcs,-7.245005549999997,112.7564194
Kabel Drop,196/02 -> 196/02-01,10.19,m,,
Homepass (Titik Rumah),196/02-02,1,pcs,-7.24497445,112.75637725
Kabel Drop,196/02 -> 196/02-02,17.1,m,,
Homepass (Titik Rumah),196/02-03,1,pcs,-7.245099242941015,112.75651368135942
Kabel Drop,196/02 -> 196/02-03,8.38,m,,
Homepass (Titik Rumah),196/02-04,1,pcs,-7.245126954814939,112.75662871915223
Kabel Drop,196/02 -> 196/02-04,21.91,m,,
Homepass (Titik Rumah),196/02-05,1,pcs,-7.244847804395501,112.75622393352138
Kabel Drop,196/02 -> 196/02-05,43.41,m,,
Homepass (Titik Rumah),196/02-06,1,pcs,-7.244762317016849,112.75648938963819
Kabel Drop,196/02 -> 196/02-06,37.38,m,,
Homepass (Titik Rumah),196/02-07,1,pcs,-7.2452616,112.75652910000001
Kabel Drop,196/02 -> 196/02-07,29.78,m,,
Homepass (Titik Rumah),196/02-08,1,pcs,-7.244926914075632,112.75612897621103
Kabel Drop,196/02 -> 196/02-08,49.81,m,,
ODP,196/03,1,pcs,-7.2452346794347235,112.756705680069
Kabel Distribusi,ODC 196 -> 196/03,8.07,m,,
Homepass (Titik Rumah),196/03-01,1,pcs,-7.2452859,112.75660799999999
Kabel Drop,196/03 -> 196/03-01,14.62,m,,
Homepass (Titik Rumah),196/03-02,1,pcs,-7.245313974481501,112.75674178784011
Kabel Drop,196/03 -> 196/03-02,11.61,m,,
Homepass (Titik Rumah),196/03-03,1,pcs,-7.245239126245674,112.7567549910677
Kabel Drop,196/03 -> 196/03-03,6.55,m,,
Homepass (Titik Rumah),196/03-04,1,pcs,-7.245165649999999,112.7567795
Kabel Drop,196/03 -> 196/03-04,13.43,m,,
Homepass (Titik Rumah),196/03-05,1,pcs,-7.2451951,112.75684615
Kabel Drop,196/03 -> 196/03-05,19.33,m,,
Homepass (Titik Rumah),196/03-06,1,pcs,-7.245360815211091,112.75686327042125
Kabel Drop,196/03 -> 196/03-06,26.8,m,,
Homepass (Titik Rumah),196/03-07,1,pcs,-7.245314125068146,112.75688978979163
Kabel Drop,196/03 -> 196/03-07,26.58,m,,
Homepass (Titik Rumah),196/03-08,1,pcs,-7.245244033855147,112.75691433080081
Kabel Drop,196/03 -> 196/03-08,27.65,m,,
ODP,196/04,1,pcs,-7.245692873801429,112.75691245704088
Kabel Distribusi,ODC 196 -> 196/04,59.3,m,,
Homepass (Titik Rumah),196/04-01,1,pcs,-7.2457538999999995,112.75685394999999
Kabel Drop,196/04 -> 196/04-01,11.24,m,,
Homepass (Titik Rumah),196/04-02,1,pcs,-7.245771482212635,112.756897431468
Kabel Drop,196/04 -> 196/04-02,10.68,m,,
Homepass (Titik Rumah),196/04-03,1,pcs,-7.245774499999999,112.75694514999998
Kabel Drop,196/04 -> 196/04-03,11.72,m,,
Homepass (Titik Rumah),196/04-04,1,pcs,-7.245850070432537,112.75677724585753
Kabel Drop,196/04 -> 196/04-04,27.57,m,,
Homepass (Titik Rumah),196/04-05,1,pcs,-7.245884950000001,112.7568828
Kabel Drop,196/04 -> 196/04-05,25.93,m,,
Homepass (Titik Rumah),196/04-06,1,pcs,-7.24561885,112.75686805
Kabel Drop,196/04 -> 196/04-06,11.49,m,,
Homepass (Titik Rumah),196/04-07,1,pcs,-7.245633049999999,112.7569265
Kabel Drop,196/04 -> 196/04-07,8.2,m,,
Homepass (Titik Rumah),196/04-08,1,pcs,-7.245785800000001,112.75702225
Kabel Drop,196/04 -> 196/04-08,19.1,m,,
ODC,ODC 197,1,pcs,-7.2454584078931665,112.75639069226833
Join Closure,JOIN CLOSURE ODC 197,1,pcs,-7.2454584078931665,112.75639069226833
ODP,197/01,1,pcs,-7.24565830725687,112.75647822323411
Kabel Distribusi,ODC 197 -> 197/01,29.08,m,,
Homepass (Titik Rumah),197/01-01,1,pcs,-7.24571775,112.75639144999998
Kabel Drop,197/01 -> 197/01-01,13.96,m,,
Homepass (Titik Rumah),197/01-02,1,pcs,-7.245756898650034,112.75647126811087
Kabel Drop,197/01 -> 197/01-02,13.19,m,,
Homepass (Titik Rumah),197/01-03,1,pcs,-7.245565982188577,112.75645765082275
Kabel Drop,197/01 -> 197/01-03,12.62,m,,
Homepass (Titik Rumah),197/01-04,1,pcs,-7.2456145,112.756526
Kabel Drop,197/01 -> 197/01-04,8.61,m,,
Homepass (Titik Rumah),197/01-05,1,pcs,-7.245539362318286,112.75634361992881
Kabel Drop,197/01 -> 197/01-05,23.86,m,,
Homepass (Titik Rumah),197/01-06,1,pcs,-7.245805519595904,112.75655639558913
Kabel Drop,197/01 -> 197/01-06,22.2,m,,
Homepass (Titik Rumah),197/01-07,1,pcs,-7.245526063637398,112.75640331967024
Kabel Drop,197/01 -> 197/01-07,20.24,m,,
Homepass (Titik Rumah),197/01-08,1,pcs,-7.245833449999998,112.7566361
Kabel Drop,197/01 -> 197/01-08,31.35,m,,
ODP,197/02,1,pcs,-7.245638958585878,112.75672078263737
Kabel Distribusi,ODC 197 -> 197/02,49.9,m,,
Homepass (Titik Rumah),197/02-01,1,pcs,-7.245691376533955,112.75666649059879
Kabel Drop,197/02 -> 197/02-01,10.03,m,,
Homepass (Titik Rumah),197/02-02,1,pcs,-7.245765100000001,112.75666175
Kabel Drop,197/02 -> 197/02-02,18.56,m,,
Homepass (Titik Rumah),197/02-03,1,pcs,-7.245777699999999,112.75671134999999
Kabel Drop,197/02 -> 197/02-03,18.55,m,,
Homepass (Titik Rumah),197/02-04,1,pcs,-7.245622299999998,112.7567852
Kabel Drop,197/02 -> 197/02-04,8.81,m,,
Homepass (Titik Rumah),197/02-05,1,pcs,-7.245552999999999,112.75664470000001
Kabel Drop,197/02 -> 197/02-05,15.26,m,,
Homepass (Titik Rumah),197/02-06,1,pcs,-7.245561050000001,112.75672480000001
Kabel Drop,197/02 -> 197/02-06,10.41,m,,
Homepass (Titik Rumah),197/02-07,1,pcs,-7.245853899999999,112.75669679999999
Kabel Drop,197/02 -> 197/02-07,28.86,m,,
Homepass (Titik Rumah),197/02-08,1,pcs,-7.245560200000001,112.7567968
Kabel Drop,197/02 -> 197/02-08,14.55,m,,
ODP,197/03,1,pcs,-7.24544461906103,112.7562563137183
Kabel Distribusi,ODC 197 -> 197/03,17.88,m,,
Homepass (Titik Rumah),197/03-01,1,pcs,-7.245429949999999,112.75612164999998
Kabel Drop,197/03 -> 197/03-01,17.93,m,,
Homepass (Titik Rumah),197/03-02,1,pcs,-7.245320250114917,112.75618846674699
Kabel Drop,197/03 -> 197/03-02,18.87,m,,
Homepass (Titik Rumah),197/03-03,1,pcs,-7.24551940651425,112.75627457050841
Kabel Drop,197/03 -> 197/03-03,10.27,m,,
Homepass (Titik Rumah),197/03-04,1,pcs,-7.2454522,112.75630545000001
Kabel Drop,197/03 -> 197/03-04,6.58,m,,
Homepass (Titik Rumah),197/03-05,1,pcs,-7.245256766044497,112.75621520414322
Kabel Drop,197/03 -> 197/03-05,25.65,m,,
Homepass (Titik Rumah),197/03-06,1,pcs,-7.245278632881909,112.75598263135751
Kabel Drop,197/03 -> 197/03-06,42.46,m,,
Homepass (Titik Rumah),197/03-07,1,pcs,-7.245637549999997,112.75618985000001
Kabel Drop,197/03 -> 197/03-07,27.21,m,,
Homepass (Titik Rumah),197/03-08,1,pcs,-7.245233011208494,112.75602352916106
Kabel Drop,197/03 -> 197/03-08,41.79,m,,
ODP,197/04,1,pcs,-7.245633086210735,112.75614246779406
Kabel Distribusi,ODC 197 -> 197/04,40.28,m,,
Homepass (Titik Rumah),197/04-01,1,pcs,-7.245508393965286,112.75588577862054
Kabel Drop,197/04 -> 197/04-01,37.83,m,,
Homepass (Titik Rumah),197/04-02,1,pcs,-7.245555149999999,112.75595125000001
Kabel Drop,197/04 -> 197/04-02,27.36,m,,
Homepass (Titik Rumah),197/04-03,1,pcs,-7.245418750000001,112.75586709999999
Kabel Drop,197/04 -> 197/04-03,46.33,m,,
Homepass (Titik Rumah),197/04-04,1,pcs,-7.245385416436377,112.75593233605467
Kabel Drop,197/04 -> 197/04-04,43.19,m,,
Homepass (Titik Rumah),197/04-05,1,pcs,-7.2455213999999994,112.75603830000001
Kabel Drop,197/04 -> 197/04-05,20.3,m,,
Homepass (Titik Rumah),197/04-06,1,pcs,-7.245596600000001,112.75602174999997
Kabel Drop,197/04 -> 197/04-06,16.7,m,,
Homepass (Titik Rumah),197/04-07,1,pcs,-7.245466838810602,112.75606717192493
Kabel Drop,197/04 -> 197/04-07,24.32,m,,
Homepass (Titik Rumah),197/04-08,1,pcs,-7.245728467667713,112.75598604808133
Kabel Drop,197/04 -> 197/04-08,24.3,m,,
ODC,ODC 198,1,pcs,-7.2458180977520605,112.75638536755658
Join Closure,JOIN CLOSURE ODC 198,1,pcs,-7.2458180977520605,112.75638536755658
ODP,198/01,1,pcs,-7.246127329995084,112.75641129855661
Kabel Distribusi,ODC 198 -> 198/01,41.4,m,,
Homepass (Titik Rumah),198/01-01,1,pcs,-7.24628175,112.75645839999999
Kabel Drop,198/01 -> 198/01-01,21.53,m,,
Homepass (Titik Rumah),198/01-02,1,pcs,-7.246264680415354,112.75639965359107
Kabel Drop,198/01 -> 198/01-02,18.39,m,,
Homepass (Titik Rumah),198/01-03,1,pcs,-7.24624286994035,112.75631464448526
Kabel Drop,198/01 -> 198/01-03,20.03,m,,
Homepass (Titik Rumah),198/01-04,1,pcs,-7.24621665196785,112.75623493088041
Kabel Drop,198/01 -> 198/01-04,26.21,m,,
Homepass (Titik Rumah),198/01-05,1,pcs,-7.246055150000001,112.75654490000001
Kabel Drop,198/01 -> 198/01-05,20.14,m,,
Homepass (Titik Rumah),198/01-06,1,pcs,-7.2460391999999985,112.75649804999999
Kabel Drop,198/01 -> 198/01-06,16.44,m,,
Homepass (Titik Rumah),198/01-07,1,pcs,-7.245995869614363,112.75644284680594
Kabel Drop,198/01 -> 198/01-07,18.03,m,,
Homepass (Titik Rumah),198/01-08,1,pcs,-7.246005800000001,112.75637165000002
Kabel Drop,198/01 -> 198/01-08,17.04,m,,
ODP,198/02,1,pcs,-7.245812418299498,112.75637003214307
Kabel Distribusi,ODC 198 -> 198/02,2.17,m,,
Homepass (Titik Rumah),198/02-01,1,pcs,-7.245981780453237,112.75632628268549
Kabel Drop,198/02 -> 198/02-01,23.33,m,,
Homepass (Titik Rumah),198/02-02,1,pcs,-7.2459707999999985,112.75628315000003
Kabel Drop,198/02 -> 198/02-02,24.06,m,,
Homepass (Titik Rumah),198/02-03,1,pcs,-7.245887067715785,112.75630908336842
Kabel Drop,198/02 -> 198/02-03,12.82,m,,
Homepass (Titik Rumah),198/02-04,1,pcs,-7.245882749999999,112.75636455
Kabel Drop,198/02 -> 198/02-04,9.41,m,,
Homepass (Titik Rumah),198/02-05,1,pcs,-7.245926602954368,112.75622748224686
Kabel Drop,198/02 -> 198/02-05,24.25,m,,
Homepass (Titik Rumah),198/02-06,1,pcs,-7.2458974000000005,112.756413
Kabel Drop,198/02 -> 198/02-06,12.69,m,,
Homepass (Titik Rumah),198/02-07,1,pcs,-7.2458339,112.75626545
Kabel Drop,198/02 -> 198/02-07,14.14,m,,
Homepass (Titik Rumah),198/02-08,1,pcs,-7.24590765,112.75647920000003
Kabel Drop,198/02 -> 198/02-08,19.24,m,,
ODP,198/03,1,pcs,-7.245743500494073,112.75620524133593
Kabel Distribusi,ODC 198 -> 198/03,25.84,m,,
Homepass (Titik Rumah),198/03-01,1,pcs,-7.245905022096911,112.7561648842788
Kabel Drop,198/03 -> 198/03-01,22.2,m,,
Homepass (Titik Rumah),198/03-02,1,pcs,-7.2458602,112.75613129999999
Kabel Drop,198/03 -> 198/03-02,18.39,m,,
Homepass (Titik Rumah),198/03-03,1,pcs,-7.245776031770479,112.75617575660957
Kabel Drop,198/03 -> 198/03-03,5.84,m,,
Homepass (Titik Rumah),198/03-04,1,pcs,-7.245720129662557,112.75629998434927
Kabel Drop,198/03 -> 198/03-04,12.92,m,,
Homepass (Titik Rumah),198/03-05,1,pcs,-7.245675607315241,112.75625656059893
Kabel Drop,198/03 -> 198/03-05,11.32,m,,
Homepass (Titik Rumah),198/03-06,1,pcs,-7.245804939467704,112.75593548237585
Kabel Drop,198/03 -> 198/03-06,36.64,m,,
Homepass (Titik Rumah),198/03-07,1,pcs,-7.245718299999999,112.75634719999998
Kabel Drop,198/03 -> 198/03-07,19.09,m,,
Homepass (Titik Rumah),198/03-08,1,pcs,-7.2461476000000005,112.75604220000002
Kabel Drop,198/03 -> 198/03-08,58.08,m,,
ODP,198/04,1,pcs,-7.245677231463596,112.75652227444162
Kabel Distribusi,ODC 198 -> 198/04,26.11,m,,
Homepass (Titik Rumah),198/04-01,1,pcs,-7.245944518940843,112.7565660467337
Kabel Drop,198/04 -> 198/04-01,36.13,m,,
Homepass (Titik Rumah),198/04-02,1,pcs,-7.246185283122771,112.75617708281517
Kabel Drop,198/04 -> 198/04-02,81.75,m,,
Homepass (Titik Rumah),198/04-03,1,pcs,-7.24544875,112.75668089999999
Kabel Drop,198/04 -> 198/04-03,37.02,m,,
Homepass (Titik Rumah),198/04-04,1,pcs,-7.245431250000001,112.75651639999998
Kabel Drop,198/04 -> 198/04-04,32.83,m,,
Homepass (Titik Rumah),198/04-05,1,pcs,-7.246178689355053,112.75610483228218
Kabel Drop,198/04 -> 198/04-05,86.78,m,,
Homepass (Titik Rumah),198/04-06,1,pcs,-7.245458700000001,112.75676195
Kabel Drop,198/04 -> 198/04-06,43.09,m,,
Homepass (Titik Rumah),198/04-07,1,pcs,-7.245492784613737,112.75687046673355
Kabel Drop,198/04 -> 198/04-07,52.25,m,,
Homepass (Titik Rumah),198/04-08,1,pcs,-7.245394414981373,112.75645045219106
Kabel Drop,198/04 -> 198/04-08,38.92,m,,
ODC,ODC 199,1,pcs,-7.246493074755239,112.7564378639938
Join Closure,JOIN CLOSURE ODC 199,1,pcs,-7.246493074755239,112.7564378639938
ODP,199/01,1,pcs,-7.246512633537605,112.75651776787758
Kabel Distribusi,ODC 199 -> 199/01,10.89,m,,
Homepass (Titik Rumah),199/01-01,1,pcs,-7.246466942550901,112.75651597861237
Kabel Drop,199/01 -> 199/01-01,6.1,m,,
Homepass (Titik Rumah),199/01-02,1,pcs,-7.246404871826904,112.75653123659242
Kabel Drop,199/01 -> 199/01-02,14.49,m,,
Homepass (Titik Rumah),199/01-03,1,pcs,-7.246412399999998,112.756474
Kabel Drop,199/01 -> 199/01-03,14.58,m,,
Homepass (Titik Rumah),199/01-04,1,pcs,-7.246452099999999,112.75658969999999
Kabel Drop,199/01 -> 199/01-04,12.49,m,,
Homepass (Titik Rumah),199/01-05,1,pcs,-7.246610040634447,112.75653347942112
Kabel Drop,199/01 -> 199/01-05,13.16,m,,
Homepass (Titik Rumah),199/01-06,1,pcs,-7.246300433751059,112.75650568089674
Kabel Drop,199/01 -> 199/01-06,28.36,m,,
Homepass (Titik Rumah),199/01-07,1,pcs,-7.246296801955794,112.7565672801462
Kabel Drop,199/01 -> 199/01-07,29.54,m,,
Homepass (Titik Rumah),199/01-08,1,pcs,-7.2463158499999984,112.75663080000001
Kabel Drop,199/01 -> 199/01-08,30.22,m,,
ODP,199/02,1,pcs,-7.246476160033813,112.75636876194491
Kabel Distribusi,ODC 199 -> 199/02,9.42,m,,
Homepass (Titik Rumah),199/02-01,1,pcs,-7.24655407989862,112.75634030340856
Kabel Drop,199/02 -> 199/02-01,11.06,m,,
Homepass (Titik Rumah),199/02-02,1,pcs,-7.24658703930376,112.75642677500582
Kabel Drop,199/02 -> 199/02-02,16.67,m,,
Homepass (Titik Rumah),199/02-03,1,pcs,-7.246399819254363,112.7563720982765
Kabel Drop,199/02 -> 199/02-03,10.2,m,,
Homepass (Titik Rumah),199/02-04,1,pcs,-7.246716071103337,112.75629488454088
Kabel Drop,199/02 -> 199/02-04,33.47,m,,
Homepass (Titik Rumah),199/02-05,1,pcs,-7.246404600000001,112.7564245
Kabel Drop,199/02 -> 199/02-05,12.07,m,,
Homepass (Titik Rumah),199/02-06,1,pcs,-7.246382454324421,112.75632296874392
Kabel Drop,199/02 -> 199/02-06,13.9,m,,
Homepass (Titik Rumah),199/02-07,1,pcs,-7.246699050000002,112.75624304999998
Kabel Drop,199/02 -> 199/02-07,34.08,m,,
Homepass (Titik Rumah),199/02-08,1,pcs,-7.246732750000001,112.75636234999997
Kabel Drop,199/02 -> 199/02-08,34.25,m,,
ODP,199/03,1,pcs,-7.246420962326792,112.75618400250507
Kabel Distribusi,ODC 199 -> 199/03,34.95,m,,
Homepass (Titik Rumah),199/03-01,1,pcs,-7.246501032121271,112.75609850138478
Kabel Drop,199/03 -> 199/03-01,15.56,m,,
Homepass (Titik Rumah),199/03-02,1,pcs,-7.2465224500000005,112.75614935000002
Kabel Drop,199/03 -> 199/03-02,14.3,m,,
Homepass (Titik Rumah),199/03-03,1,pcs,-7.246532120965003,112.7562277681683
Kabel Drop,199/03 -> 199/03-03,15.92,m,,
Homepass (Titik Rumah),199/03-04,1,pcs,-7.246655038203818,112.75605443097267
Kabel Drop,199/03 -> 199/03-04,35.63,m,,
Homepass (Titik Rumah),199/03-05,1,pcs,-7.2463245999999994,112.7561348
Kabel Drop,199/03 -> 199/03-05,14.41,m,,
Homepass (Titik Rumah),199/03-06,1,pcs,-7.24634681821462,112.75619296727294
Kabel Drop,199/03 -> 199/03-06,9.96,m,,
Homepass (Titik Rumah),199/03-07,1,pcs,-7.246681668231936,112.75618016817056
Kabel Drop,199/03 -> 199/03-07,34.79,m,,
Homepass (Titik Rumah),199/03-08,1,pcs,-7.24635553061629,112.75626240258819
Kabel Drop,199/03 -> 199/03-08,13.56,m,,
ODP,199/04,1,pcs,-7.246231348427009,112.75676199311096
Kabel Distribusi,ODC 199 -> 199/04,55.32,m,,
Homepass (Titik Rumah),199/04-01,1,pcs,-7.246125717358273,112.75681656907476
Kabel Drop,199/04 -> 199/04-01,15.84,m,,
Homepass (Titik Rumah),199/04-02,1,pcs,-7.2461045631861065,112.75676941921384
Kabel Drop,199/04 -> 199/04-02,16.95,m,,
Homepass (Titik Rumah),199/04-03,1,pcs,-7.246087050000002,112.7567044
Kabel Drop,199/04 -> 199/04-03,20.71,m,,
Homepass (Titik Rumah),199/04-04,1,pcs,-7.246044287244694,112.75663741080669
Kabel Drop,199/04 -> 199/04-04,29.92,m,,
Homepass (Titik Rumah),199/04-05,1,pcs,-7.246339799999999,112.75684805
Kabel Drop,199/04 -> 199/04-05,18.42,m,,
Homepass (Titik Rumah),199/04-06,1,pcs,-7.245944119010154,112.75662954681917
Kabel Drop,199/04 -> 199/04-06,42.15,m,,
Homepass (Titik Rumah),199/04-07,1,pcs,-7.246331931849415,112.756980016284
Kabel Drop,199/04 -> 199/04-07,31.83,m,,
Homepass (Titik Rumah),199/04-08,1,pcs,-7.246397616977893,112.7568094250612
Kabel Drop,199/04 -> 199/04-08,23.06,m,,
ODC,ODC 200,1,pcs,-7.2468753122345095,112.75690673705847
Join Closure,JOIN CLOSURE ODC 200,1,pcs,-7.2468753122345095,112.75690673705847
ODP,200/01,1,pcs,-7.246905098989455,112.75702494216455
Kabel Distribusi,ODC 200 -> 200/01,16.14,m,,
Homepass (Titik Rumah),200/01-01,1,pcs,-7.246998999999999,112.75703099999998
Kabel Drop,200/01 -> 200/01-01,12.56,m,,
Homepass (Titik Rumah),200/01-02,1,pcs,-7.246984264989493,112.75698141951798
Kabel Drop,200/01 -> 200/01-02,12.03,m,,
Homepass (Titik Rumah),200/01-03,1,pcs,-7.2469670369776225,112.75691683008489
Kabel Drop,200/01 -> 200/01-03,16.53,m,,
Homepass (Titik Rumah),200/01-04,1,pcs,-7.247128550000003,112.75701034999999
Kabel Drop,200/01 -> 200/01-04,29.88,m,,
Homepass (Titik Rumah),200/01-05,1,pcs,-7.2471128200471675,112.75694849635512
Kabel Drop,200/01 -> 200/01-05,29.51,m,,
Homepass (Titik Rumah),200/01-06,1,pcs,-7.24684875511618,112.75708847687045
Kabel Drop,200/01 -> 200/01-06,11.28,m,,
Homepass (Titik Rumah),200/01-07,1,pcs,-7.246873199999999,112.75715055000002
Kabel Drop,200/01 -> 200/01-07,17.16,m,,
Homepass (Titik Rumah),200/01-08,1,pcs,-7.247096414461989,112.75687856963323
Kabel Drop,200/01 -> 200/01-08,32.05,m,,
ODP,200/02,1,pcs,-7.24671129002564,112.75684997914523
Kabel Distribusi,ODC 200 -> 200/02,23.14,m,,
Homepass (Titik Rumah),200/02-01,1,pcs,-7.246749978618767,112.75668566080937
Kabel Drop,200/02 -> 200/02-01,22.35,m,,
Homepass (Titik Rumah),200/02-02,1,pcs,-7.246718634513114,112.75650458104367
Kabel Drop,200/02 -> 200/02-02,45.73,m,,
Homepass (Titik Rumah),200/02-03,1,pcs,-7.246688650000001,112.75690175
Kabel Drop,200/02 -> 200/02-03,7.49,m,,
Homepass (Titik Rumah),200/02-04,1,pcs,-7.246972250000001,112.75643719999998
Kabel Drop,200/02 -> 200/02-04,64.79,m,,
Homepass (Titik Rumah),200/02-05,1,pcs,-7.246809300000001,112.75702229999999
Kabel Drop,200/02 -> 200/02-05,26.29,m,,
Homepass (Titik Rumah),200/02-06,1,pcs,-7.246724538251613,112.75704692985364
Kabel Drop,200/02 -> 200/02-06,26.13,m,,
Homepass (Titik Rumah),200/02-07,1,pcs,-7.246470274752687,112.75693036666667
Kabel Drop,200/02 -> 200/02-07,33.87,m,,
Homepass (Titik Rumah),200/02-08,1,pcs,-7.246491019920484,112.75698578417158
Kabel Drop,200/02 -> 200/02-08,34.45,m,,
ODP,200/03,1,pcs,-7.246651734583627,112.75714585288372
Kabel Distribusi,ODC 200 -> 200/03,43.49,m,,
Homepass (Titik Rumah),200/03-01,1,pcs,-7.2467405000000005,112.75710995000001
Kabel Drop,200/03 -> 200/03-01,12.76,m,,
Homepass (Titik Rumah),200/03-02,1,pcs,-7.24677530796939,112.7571582711313
Kabel Drop,200/03 -> 200/03-02,16.57,m,,
Homepass (Titik Rumah),200/03-03,1,pcs,-7.246722796706106,112.7571870799267
Kabel Drop,200/03 -> 200/03-03,10.94,m,,
Homepass (Titik Rumah),200/03-04,1,pcs,-7.246765182780632,112.75725345036174
Kabel Drop,200/03 -> 200/03-04,20.78,m,,
Homepass (Titik Rumah),200/03-05,1,pcs,-7.2468605,112.75723464999999
Kabel Drop,200/03 -> 200/03-05,30.23,m,,
Homepass (Titik Rumah),200/03-06,1,pcs,-7.246506838778215,112.75708998007394
Kabel Drop,200/03 -> 200/03-06,20.7,m,,
Homepass (Titik Rumah),200/03-07,1,pcs,-7.246345669995581,112.7570542468003
Kabel Drop,200/03 -> 200/03-07,42.6,m,,
Homepass (Titik Rumah),200/03-08,1,pcs,-7.246339233841183,112.7571162168222
Kabel Drop,200/03 -> 200/03-08,41.88,m,,
ODP,200/04,1,pcs,-7.246882406414904,112.75669455244469
Kabel Distribusi,ODC 200 -> 200/04,28.1,m,,
Homepass (Titik Rumah),200/04-01,1,pcs,-7.246945738416339,112.75683997065038
Kabel Drop,200/04 -> 200/04-01,21.02,m,,
Homepass (Titik Rumah),200/04-02,1,pcs,-7.24692357894102,112.75668995241033
Kabel Drop,200/04 -> 200/04-02,5.53,m,,
Homepass (Titik Rumah),200/04-03,1,pcs,-7.246813460907511,112.7569415711526
Kabel Drop,200/04 -> 200/04-03,33.97,m,,
Homepass (Titik Rumah),200/04-04,1,pcs,-7.246816350033058,112.75671493340506
Kabel Drop,200/04 -> 200/04-04,9.22,m,,
Homepass (Titik Rumah),200/04-05,1,pcs,-7.246769249999999,112.75677739999999
Kabel Drop,200/04 -> 200/04-05,18.66,m,,
Homepass (Titik Rumah),200/04-06,1,pcs,-7.246853982169235,112.75667559085322
Kabel Drop,200/04 -> 200/04-06,4.55,m,,
Homepass (Titik Rumah),200/04-07,1,pcs,-7.2469793,112.756637
Kabel Drop,200/04 -> 200/04-07,15.01,m,,
Homepass (Titik Rumah),200/04-08,1,pcs,-7.247060193690654,112.75665567767939
Kabel Drop,200/04 -> 200/04-08,24.27,m,,
ODC,ODC 201,1,pcs,-7.247215941802328,112.75679015020359
Join Closure,JOIN CLOSURE ODC 201,1,pcs,-7.247215941802328,112.75679015020359
ODP,201/01,1,pcs,-7.246686003681341,112.7574414384267
Kabel Distribusi,ODC 201 -> 201/01,111.5,m,,
Homepass (Titik Rumah),201/01-01,1,pcs,-7.246552499999999,112.7574317
Kabel Drop,201/01 -> 201/01-01,17.86,m,,
Homepass (Titik Rumah),201/01-02,1,pcs,-7.246599999999999,112.75742389999998
Kabel Drop,201/01 -> 201/01-02,11.71,m,,
Homepass (Titik Rumah),201/01-03,1,pcs,-7.246602,112.75754530000002
Kabel Drop,201/01 -> 201/01-03,17.74,m,,
Homepass (Titik Rumah),201/01-04,1,pcs,-7.246552927069812,112.75729300371675
Kabel Drop,201/01 -> 201/01-04,26.48,m,,
Homepass (Titik Rumah),201/01-05,1,pcs,-7.2467774323098935,112.75733223107746
Kabel Drop,201/01 -> 201/01-05,18.92,m,,
Homepass (Titik Rumah),201/01-06,1,pcs,-7.246609403837775,112.757674251158
Kabel Drop,201/01 -> 201/01-06,32.47,m,,
Homepass (Titik Rumah),201/01-07,1,pcs,-7.246811912423643,112.75739802114455
Kabel Drop,201/01 -> 201/01-07,17.76,m,,
Homepass (Titik Rumah),201/01-08,1,pcs,-7.246825050000002,112.7574747
Kabel Drop,201/01 -> 201/01-08,19.07,m,,
ODP,201/02,1,pcs,-7.247401903050077,112.7566885667399
Kabel Distribusi,ODC 201 -> 201/02,28.22,m,,
Homepass (Titik Rumah),201/02-01,1,pcs,-7.247371779677667,112.75675995304864
Kabel Drop,201/02 -> 201/02-01,10.27,m,,
Homepass (Titik Rumah),201/02-02,1,pcs,-7.247548367322644,112.75676056387348
Kabel Drop,201/02 -> 201/02-02,21.74,m,,
Homepass (Titik Rumah),201/02-03,1,pcs,-7.247390949999999,112.75657014999999
Kabel Drop,201/02 -> 201/02-03,15.74,m,,
Homepass (Titik Rumah),201/02-04,1,pcs,-7.24733408238417,112.75657266451151
Kabel Drop,201/02 -> 201/02-04,17.81,m,,
Homepass (Titik Rumah),201/02-05,1,pcs,-7.247238599808308,112.75660261627272
Kabel Drop,201/02 -> 201/02-05,24.58,m,,
Homepass (Titik Rumah),201/02-06,1,pcs,-7.247526057241928,112.75659822125843
Kabel Drop,201/02 -> 201/02-06,20.43,m,,
Homepass (Titik Rumah),201/02-07,1,pcs,-7.247596016817897,112.75674111563455
Kabel Drop,201/02 -> 201/02-07,26.82,m,,
Homepass (Titik Rumah),201/02-08,1,pcs,-7.247165729720022,112.7566299161658
Kabel Drop,201/02 -> 201/02-08,32.46,m,,
ODP,201/03,1,pcs,-7.246819141469323,112.75627031902573
Kabel Distribusi,ODC 201 -> 201/03,86.82,m,,
Homepass (Titik Rumah),201/03-01,1,pcs,-7.24705856736523,112.75624699947917
Kabel Drop,201/03 -> 201/03-01,32.1,m,,
Homepass (Titik Rumah),201/03-02,1,pcs,-7.247095618579044,112.75629629859118
Kabel Drop,201/03 -> 201/03-02,37.05,m,,
Homepass (Titik Rumah),201/03-03,1,pcs,-7.2469252706671154,112.75622371706388
Kabel Drop,201/03 -> 201/03-03,15.45,m,,
Homepass (Titik Rumah),201/03-04,1,pcs,-7.24693669349611,112.75631607928027
Kabel Drop,201/03 -> 201/03-04,16.81,m,,
Homepass (Titik Rumah),201/03-05,1,pcs,-7.247111658454368,112.75639412081418
Kabel Drop,201/03 -> 201/03-05,42.33,m,,
Homepass (Titik Rumah),201/03-06,1,pcs,-7.246892299999998,112.7561831
Kabel Drop,201/03 -> 201/03-06,15.12,m,,
Homepass (Titik Rumah),201/03-07,1,pcs,-7.2468596499999975,112.75613295
Kabel Drop,201/03 -> 201/03-07,18.97,m,,
Homepass (Titik Rumah),201/03-08,1,pcs,-7.246934450749782,112.75602858437775
Kabel Drop,201/03 -> 201/03-08,35.5,m,,
ODP,201/04,1,pcs,-7.24784079165132,112.75718901002446
Kabel Distribusi,ODC 201 -> 201/04,98.69,m,,
Homepass (Titik Rumah),201/04-01,1,pcs,-7.247786900000001,112.75725375
Kabel Drop,201/04 -> 201/04-01,11.19,m,,
Homepass (Titik Rumah),201/04-02,1,pcs,-7.2477689173696636,112.75720784956962
Kabel Drop,201/04 -> 201/04-02,9.91,m,,
Homepass (Titik Rumah),201/04-03,1,pcs,-7.24775795,112.75716055000001
Kabel Drop,201/04 -> 201/04-03,11.68,m,,
Homepass (Titik Rumah),201/04-04,1,pcs,-7.2476428791312015,112.75724670737455
Kabel Drop,201/04 -> 201/04-04,27.49,m,,
Homepass (Titik Rumah),201/04-05,1,pcs,-7.247921950000002,112.75719745000002
Kabel Drop,201/04 -> 201/04-05,10.89,m,,
Homepass (Titik Rumah),201/04-06,1,pcs,-7.247942263216215,112.75727822020825
Kabel Drop,201/04 -> 201/04-06,17.97,m,,
Homepass (Titik Rumah),201/04-07,1,pcs,-7.247748283491299,112.75709753043411
Kabel Drop,201/04 -> 201/04-07,17.29,m,,
Homepass (Titik Rumah),201/04-08,1,pcs,-7.247911302304825,112.7571343279393
Kabel Drop,201/04 -> 201/04-08,11.87,m,,
ODC,ODC 202,1,pcs,-7.247749052818464,112.75633053966621
Join Closure,JOIN CLOSURE ODC 202,1,pcs,-7.247749052818464,112.75633053966621
ODP,202/01,1,pcs,-7.247554649168451,112.75651095299794
Kabel Distribusi,ODC 202 -> 202/01,35.26,m,,
Homepass (Titik Rumah),202/01-01,1,pcs,-7.247488750000002,112.75651510000002
Kabel Drop,202/01 -> 202/01-01,8.81,m,,
Homepass (Titik Rumah),202/01-02,1,pcs,-7.2475778216335085,112.75647128534855
Kabel Drop,202/01 -> 202/01-02,6.09,m,,
Homepass (Titik Rumah),202/01-03,1,pcs,-7.2476133711198,112.75657828547614
Kabel Drop,202/01 -> 202/01-03,11.87,m,,
Homepass (Titik Rumah),202/01-04,1,pcs,-7.247662992523354,112.7564509290271
Kabel Drop,202/01 -> 202/01-04,16.5,m,,
Homepass (Titik Rumah),202/01-05,1,pcs,-7.247423400000001,112.75632854999999
Kabel Drop,202/01 -> 202/01-05,29.83,m,,
Homepass (Titik Rumah),202/01-06,1,pcs,-7.247322400000001,112.75634980000001
Kabel Drop,202/01 -> 202/01-06,37.62,m,,
Homepass (Titik Rumah),202/01-07,1,pcs,-7.2476481999999995,112.75670174999999
Kabel Drop,202/01 -> 202/01-07,28.17,m,,
Homepass (Titik Rumah),202/01-08,1,pcs,-7.247697703268733,112.75668256981547
Kabel Drop,202/01 -> 202/01-08,29.67,m,,
ODP,202/02,1,pcs,-7.247791721188461,112.75645185754476
Kabel Distribusi,ODC 202 -> 202/02,17.04,m,,
Homepass (Titik Rumah),202/02-01,1,pcs,-7.247765024874181,112.75650399366286
Kabel Drop,202/02 -> 202/02-01,7.77,m,,
Homepass (Titik Rumah),202/02-02,1,pcs,-7.24775565,112.75658444999999
Kabel Drop,202/02 -> 202/02-02,18.2,m,,
Homepass (Titik Rumah),202/02-03,1,pcs,-7.247748921790604,112.75642258633619
Kabel Drop,202/02 -> 202/02-03,6.9,m,,
Homepass (Titik Rumah),202/02-04,1,pcs,-7.247835000000001,112.75638935000002
Kabel Drop,202/02 -> 202/02-04,10.09,m,,
Homepass (Titik Rumah),202/02-05,1,pcs,-7.247797696318409,112.75665557975677
Kabel Drop,202/02 -> 202/02-05,26.98,m,,
Homepass (Titik Rumah),202/02-06,1,pcs,-7.247910900000001,112.75642899999998
Kabel Drop,202/02 -> 202/02-06,16.19,m,,
Homepass (Titik Rumah),202/02-07,1,pcs,-7.2477466999999995,112.75666964999999
Kabel Drop,202/02 -> 202/02-07,29.45,m,,
Homepass (Titik Rumah),202/02-08,1,pcs,-7.247901101511739,112.75662121922375
Kabel Drop,202/02 -> 202/02-08,26.75,m,,
ODP,202/03,1,pcs,-7.247690310027013,112.75612251269007
Kabel Distribusi,ODC 202 -> 202/03,28.63,m,,
Homepass (Titik Rumah),202/03-01,1,pcs,-7.2479327714175,112.75607968669766
Kabel Drop,202/03 -> 202/03-01,32.85,m,,
Homepass (Titik Rumah),202/03-02,1,pcs,-7.24789095,112.75613279999999
Kabel Drop,202/03 -> 202/03-02,26.81,m,,
Homepass (Titik Rumah),202/03-03,1,pcs,-7.247912350000001,112.75601314999999
Kabel Drop,202/03 -> 202/03-03,32.98,m,,
Homepass (Titik Rumah),202/03-04,1,pcs,-7.247947932612555,112.75615738554787
Kabel Drop,202/03 -> 202/03-04,34.68,m,,
Homepass (Titik Rumah),202/03-05,1,pcs,-7.247815949999999,112.7560949
Kabel Drop,202/03 -> 202/03-05,17.16,m,,
Homepass (Titik Rumah),202/03-06,1,pcs,-7.247837421229344,112.75617618952889
Kabel Drop,202/03 -> 202/03-06,20.88,m,,
Homepass (Titik Rumah),202/03-07,1,pcs,-7.247834762280823,112.75597842073637
Kabel Drop,202/03 -> 202/03-07,27.12,m,,
Homepass (Titik Rumah),202/03-08,1,pcs,-7.2477905999999965,112.75603869999999
Kabel Drop,202/03 -> 202/03-08,17.38,m,,
ODP,202/04,1,pcs,-7.248000598820909,112.75641165222599
Kabel Distribusi,ODC 202 -> 202/04,35.24,m,,
Homepass (Titik Rumah),202/04-01,1,pcs,-7.24814565,112.75641399999999
Kabel Drop,202/04 -> 202/04-01,19.36,m,,
Homepass (Titik Rumah),202/04-02,1,pcs,-7.248226132413082,112.75643383731551
Kabel Drop,202/04 -> 202/04-02,30.24,m,,
Homepass (Titik Rumah),202/04-03,1,pcs,-7.248243046097534,112.75651252899105
Kabel Drop,202/04 -> 202/04-03,35.0,m,,
Homepass (Titik Rumah),202/04-04,1,pcs,-7.248258870858593,112.75658598531093
Kabel Drop,202/04 -> 202/04-04,41.47,m,,
Homepass (Titik Rumah),202/04-05,1,pcs,-7.247665215627395,112.75624996911775
Kabel Drop,202/04 -> 202/04-05,49.61,m,,
Homepass (Titik Rumah),202/04-06,1,pcs,-7.247645404773726,112.75617067080553
Kabel Drop,202/04 -> 202/04-06,57.13,m,,
Homepass (Titik Rumah),202/04-07,1,pcs,-7.2482846,112.75699379999999
Kabel Drop,202/04 -> 202/04-07,85.87,m,,
Homepass (Titik Rumah),202/04-08,1,pcs,-7.247713199999999,112.75685370000001
Kabel Drop,202/04 -> 202/04-08,69.96,m,,
ODC,ODC 203,1,pcs,-7.248209388956573,112.75646393957008
Join Closure,JOIN CLOSURE ODC 203,1,pcs,-7.248209388956573,112.75646393957008
ODP,203/01,1,pcs,-7.248040253388759,112.75640401940997
Kabel Distribusi,ODC 203 -> 203/01,23.92,m,,
Homepass (Titik Rumah),203/01-01,1,pcs,-7.247948151162868,112.7565930687735
Kabel Drop,203/01 -> 203/01-01,27.88,m,,
Homepass (Titik Rumah),203/01-02,1,pcs,-7.248060405511217,112.75660117185724
Kabel Drop,203/01 -> 203/01-02,26.23,m,,
Homepass (Titik Rumah),203/01-03,1,pcs,-7.2480462,112.75652454999998
Kabel Drop,203/01 -> 203/01-03,15.97,m,,
Homepass (Titik Rumah),203/01-04,1,pcs,-7.2481095500000015,112.75657235000001
Kabel Drop,203/01 -> 203/01-04,24.12,m,,
Homepass (Titik Rumah),203/01-05,1,pcs,-7.247955519901364,112.75639807695056
Kabel Drop,203/01 -> 203/01-05,11.33,m,,
Homepass (Titik Rumah),203/01-06,1,pcs,-7.248018181900934,112.75638297913758
Kabel Drop,203/01 -> 203/01-06,4.05,m,,
Homepass (Titik Rumah),203/01-07,1,pcs,-7.2481805999999995,112.7565542
Kabel Drop,203/01 -> 203/01-07,27.31,m,,
Homepass (Titik Rumah),203/01-08,1,pcs,-7.248175150000002,112.75649795
Kabel Drop,203/01 -> 203/01-08,21.88,m,,
ODP,203/02,1,pcs,-7.248239240197508,112.75637344581821
Kabel Distribusi,ODC 203 -> 203/02,12.62,m,,
Homepass (Titik Rumah),203/02-01,1,pcs,-7.248388829217101,112.7563787649254
Kabel Drop,203/02 -> 203/02-01,19.97,m,,
Homepass (Titik Rumah),203/02-02,1,pcs,-7.248339950000001,112.75637274999998
Kabel Drop,203/02 -> 203/02-02,13.44,m,,
Homepass (Titik Rumah),203/02-03,1,pcs,-7.2484345201520926,112.75630388570625
Kabel Drop,203/02 -> 203/02-03,27.64,m,,
Homepass (Titik Rumah),203/02-04,1,pcs,-7.248371180444295,112.75629066371097
Kabel Drop,203/02 -> 203/02-04,20.74,m,,
Homepass (Titik Rumah),203/02-05,1,pcs,-7.248287717561487,112.75634778371301
Kabel Drop,203/02 -> 203/02-05,7.31,m,,
Homepass (Titik Rumah),203/02-06,1,pcs,-7.248331329310109,112.75647595423997
Kabel Drop,203/02 -> 203/02-06,18.31,m,,
Homepass (Titik Rumah),203/02-07,1,pcs,-7.24842685,112.75626285000001
Kabel Drop,203/02 -> 203/02-07,29.0,m,,
Homepass (Titik Rumah),203/02-08,1,pcs,-7.248525771861685,112.75627694219475
Kabel Drop,203/02 -> 203/02-08,40.31,m,,
ODP,203/03,1,pcs,-7.248259608832589,112.75646235661054
Kabel Distribusi,ODC 203 -> 203/03,6.7,m,,
Homepass (Titik Rumah),203/03-01,1,pcs,-7.248547420859833,112.75644689651593
Kabel Drop,203/03 -> 203/03-01,38.46,m,,
Homepass (Titik Rumah),203/03-02,1,pcs,-7.248456650000001,112.7564485
Kabel Drop,203/03 -> 203/03-02,26.36,m,,
Homepass (Titik Rumah),203/03-03,1,pcs,-7.24856950957797,112.75635862141657
Kabel Drop,203/03 -> 203/03-03,43.57,m,,
Homepass (Titik Rumah),203/03-04,1,pcs,-7.2485054527580415,112.75636037072341
Kabel Drop,203/03 -> 203/03-04,35.47,m,,
Homepass (Titik Rumah),203/03-05,1,pcs,-7.248470649999999,112.7565158
Kabel Drop,203/03 -> 203/03-05,29.04,m,,
Homepass (Titik Rumah),203/03-06,1,pcs,-7.248464402796593,112.75637112071537
Kabel Drop,203/03 -> 203/03-06,29.88,m,,
Homepass (Titik Rumah),203/03-07,1,pcs,-7.248562600000001,112.75632705000001
Kabel Drop,203/03 -> 203/03-07,44.22,m,,
Homepass (Titik Rumah),203/03-08,1,pcs,-7.248403099999999,112.75646619999999
Kabel Drop,203/03 -> 203/03-08,19.15,m,,
ODP,203/04,1,pcs,-7.2481206,112.7566592
Kabel Distribusi,ODC 203 -> 203/04,28.43,m,,
Homepass (Titik Rumah),203/04-01,1,pcs,-7.24818305,112.7570797
Kabel Drop,203/04 -> 203/04-01,56.28,m,,
Homepass (Titik Rumah),203/04-02,1,pcs,-7.248297221355576,112.75705324497802
Kabel Drop,203/04 -> 203/04-02,57.24,m,,
Homepass (Titik Rumah),203/04-03,1,pcs,-7.248433999999998,112.75696125
Kabel Drop,203/04 -> 203/04-03,57.86,m,,
Homepass (Titik Rumah),203/04-04,1,pcs,-7.248519959408155,112.75707398188267
Kabel Drop,203/04 -> 203/04-04,76.51,m,,
Homepass (Titik Rumah),203/04-05,1,pcs,-7.248527900000001,112.75700470000002
Kabel Drop,203/04 -> 203/04-05,71.03,m,,
Homepass (Titik Rumah),203/04-06,1,pcs,-7.248519999999999,112.75691485000002
Kabel Drop,203/04 -> 203/04-06,63.13,m,,
Homepass (Titik Rumah),203/04-07,1,pcs,-7.247527395591148,112.75623543009223
Kabel Drop,203/04 -> 203/04-07,97.01,m,,
Homepass (Titik Rumah),203/04-08,1,pcs,-7.24719135,112.7547155
Kabel Drop,203/04 -> 203/04-08,285.6,m,,
ODC,ODC 204,1,pcs,-7.248332309800391,112.75680473865349
Join Closure,JOIN CLOSURE ODC 204,1,pcs,-7.248332309800391,112.75680473865349
ODP,204/01,1,pcs,-7.248319079366683,112.75674360700413
Kabel Distribusi,ODC 204 -> 204/01,8.28,m,,
Homepass (Titik Rumah),204/01-01,1,pcs,-7.248384749999996,112.75671625000001
Kabel Drop,204/01 -> 204/01-01,9.48,m,,
Homepass (Titik Rumah),204/01-02,1,pcs,-7.248372929838109,112.75666585382486
Kabel Drop,204/01 -> 204/01-02,12.55,m,,
Homepass (Titik Rumah),204/01-03,1,pcs,-7.248488799999997,112.75670809999998
Kabel Drop,204/01 -> 204/01-03,23.13,m,,
Homepass (Titik Rumah),204/01-04,1,pcs,-7.248440456747596,112.75660727221653
Kabel Drop,204/01 -> 204/01-04,24.25,m,,
Homepass (Titik Rumah),204/01-05,1,pcs,-7.248506312797473,112.756773621799
Kabel Drop,204/01 -> 204/01-05,25.3,m,,
Homepass (Titik Rumah),204/01-06,1,pcs,-7.248352272259745,112.75656778947854
Kabel Drop,204/01 -> 204/01-06,23.69,m,,
Homepass (Titik Rumah),204/01-07,1,pcs,-7.24842245,112.75687739999998
Kabel Drop,204/01 -> 204/01-07,22.45,m,,
Homepass (Titik Rumah),204/01-08,1,pcs,-7.248499778330615,112.75684571435562
Kabel Drop,204/01 -> 204/01-08,27.64,m,,
ODP,204/02,1,pcs,-7.2482954330380664,112.75681766066126
Kabel Distribusi,ODC 204 -> 204/02,5.21,m,,
Homepass (Titik Rumah),204/02-01,1,pcs,-7.248247549999999,112.7568191
Kabel Drop,204/02 -> 204/02-01,6.39,m,,
Homepass (Titik Rumah),204/02-02,1,pcs,-7.2482549999999994,112.75685419999999
Kabel Drop,204/02 -> 204/02-02,7.25,m,,
Homepass (Titik Rumah),204/02-03,1,pcs,-7.248233933725903,112.7567663668292
Kabel Drop,204/02 -> 204/02-03,10.65,m,,
Homepass (Titik Rumah),204/02-04,1,pcs,-7.248264799999997,112.75690044999999
Kabel Drop,204/02 -> 204/02-04,11.7,m,,
Homepass (Titik Rumah),204/02-05,1,pcs,-7.2482108778038965,112.75669350548193
Kabel Drop,204/02 -> 204/02-05,19.93,m,,
Homepass (Titik Rumah),204/02-06,1,pcs,-7.2482754000000025,112.75695045000002
Kabel Drop,204/02 -> 204/02-06,17.78,m,,
Homepass (Titik Rumah),204/02-07,1,pcs,-7.248413189945356,112.75681652755192
Kabel Drop,204/02 -> 204/02-07,15.71,m,,
Homepass (Titik Rumah),204/02-08,1,pcs,-7.248403249999998,112.75675515000002
Kabel Drop,204/02 -> 204/02-08,16.6,m,,
ODP,204/03,1,pcs,-7.248044058796375,112.75686386201114
Kabel Distribusi,ODC 204 -> 204/03,39.25,m,,
Homepass (Titik Rumah),204/03-01,1,pcs,-7.247981149999999,112.75686819999997
Kabel Drop,204/03 -> 204/03-01,8.41,m,,
Homepass (Titik Rumah),204/03-02,1,pcs,-7.248132249999999,112.756845
Kabel Drop,204/03 -> 204/03-02,12.03,m,,
Homepass (Titik Rumah),204/03-03,1,pcs,-7.248123070771564,112.75680274652854
Kabel Drop,204/03 -> 204/03-03,13.29,m,,
Homepass (Titik Rumah),204/03-04,1,pcs,-7.24814025,112.75688195000002
Kabel Drop,204/03 -> 204/03-04,13.06,m,,
Homepass (Titik Rumah),204/03-05,1,pcs,-7.24815176095148,112.75693507131274
Kabel Drop,204/03 -> 204/03-05,17.19,m,,
Homepass (Titik Rumah),204/03-06,1,pcs,-7.248114779378005,112.756741053784
Kabel Drop,204/03 -> 204/03-06,18.8,m,,
Homepass (Titik Rumah),204/03-07,1,pcs,-7.248103559884011,112.75669626189575
Kabel Drop,204/03 -> 204/03-07,23.56,m,,
Homepass (Titik Rumah),204/03-08,1,pcs,-7.2481664680411075,112.75700308394016
Kabel Drop,204/03 -> 204/03-08,24.63,m,,
ODP,204/04,1,pcs,-7.2487059,112.7567661
Kabel Distribusi,ODC 204 -> 204/04,50.11,m,,
Homepass (Titik Rumah),204/04-01,1,pcs,-7.24856305,112.75668029999999
Kabel Drop,204/04 -> 204/04-01,22.19,m,,
Homepass (Titik Rumah),204/04-02,1,pcs,-7.248642450000002,112.7566507
Kabel Drop,204/04 -> 204/04-02,17.46,m,,
Homepass (Titik Rumah),204/04-03,1,pcs,-7.248543978700891,112.75658901206587
Kabel Drop,204/04 -> 204/04-03,31.88,m,,
Homepass (Titik Rumah),204/04-04,1,pcs,-7.248686524263942,112.75672053454733
Kabel Drop,204/04 -> 204/04-04,6.56,m,,
Homepass (Titik Rumah),204/04-05,1,pcs,-7.248563333825523,112.75681527965641
Kabel Drop,204/04 -> 204/04-05,20.11,m,,
Homepass (Titik Rumah),204/04-06,1,pcs,-7.248668711775194,112.75657122125229
Kabel Drop,204/04 -> 204/04-06,26.27,m,,
Homepass (Titik Rumah),204/04-07,1,pcs,-7.2485701,112.75684495
Kabel Drop,204/04 -> 204/04-07,20.91,m,,
Homepass (Titik Rumah),204/04-08,1,pcs,-7.248585673539405,112.75650699021676
Kabel Drop,204/04 -> 204/04-08,37.86,m,,
ODC,ODC 205,1,pcs,-7.247879993941151,112.75733890989659
Join Closure,JOIN CLOSURE ODC 205,1,pcs,-7.247879993941151,112.75733890989659
ODP,205/01,1,pcs,-7.247807418126955,112.75706139791157
Kabel Distribusi,ODC 205 -> 205/01,37.99,m,,
Homepass (Titik Rumah),205/01-01,1,pcs,-7.24765385,112.75686955
Kabel Drop,205/01 -> 205/01-01,32.63,m,,
Homepass (Titik Rumah),205/01-02,1,pcs,-7.247587019758653,112.75689033413727
Kabel Drop,205/01 -> 205/01-02,37.12,m,,
Homepass (Titik Rumah),205/01-03,1,pcs,-7.247696430604326,112.75694298104862
Kabel Drop,205/01 -> 205/01-03,21.56,m,,
Homepass (Titik Rumah),205/01-04,1,pcs,-7.247713749999999,112.75698419999999
Kabel Drop,205/01 -> 205/01-04,16.14,m,,
Homepass (Titik Rumah),205/01-05,1,pcs,-7.247697400000001,112.75704255
Kabel Drop,205/01 -> 205/01-05,14.89,m,,
Homepass (Titik Rumah),205/01-06,1,pcs,-7.248052320215766,112.75717463508451
Kabel Drop,205/01 -> 205/01-06,35.95,m,,
Homepass (Titik Rumah),205/01-07,1,pcs,-7.24806925,112.75724430000002
Kabel Drop,205/01 -> 205/01-07,42.51,m,,
Homepass (Titik Rumah),205/01-08,1,pcs,-7.24795352011013,112.75735199668323
Kabel Drop,205/01 -> 205/01-08,43.12,m,,
ODP,205/02,1,pcs,-7.247894667391637,112.75739501754646
Kabel Distribusi,ODC 205 -> 205/02,7.68,m,,
Homepass (Titik Rumah),205/02-01,1,pcs,-7.247711696329529,112.75750558471886
Kabel Drop,205/02 -> 205/02-01,28.47,m,,
Homepass (Titik Rumah),205/02-02,1,pcs,-7.247701400000004,112.7574697
Kabel Drop,205/02 -> 205/02-02,27.62,m,,
Homepass (Titik Rumah),205/02-03,1,pcs,-7.247691800000001,112.75741534999999
Kabel Drop,205/02 -> 205/02-03,27.2,m,,
Homepass (Titik Rumah),205/02-04,1,pcs,-7.247832469875332,112.75745694711541
Kabel Drop,205/02 -> 205/02-04,11.67,m,,
Homepass (Titik Rumah),205/02-05,1,pcs,-7.247853438238664,112.75753237955321
Kabel Drop,205/02 -> 205/02-05,19.0,m,,
Homepass (Titik Rumah),205/02-06,1,pcs,-7.2478178198075875,112.75739324722744
Kabel Drop,205/02 -> 205/02-06,10.26,m,,
Homepass (Titik Rumah),205/02-07,1,pcs,-7.247676216885806,112.75734481949203
Kabel Drop,205/02 -> 205/02-07,29.9,m,,
Homepass (Titik Rumah),205/02-08,1,pcs,-7.24780285,112.75732185
Kabel Drop,205/02 -> 205/02-08,15.62,m,,
ODP,205/03,1,pcs,-7.24816543073271,112.75735879639048
Kabel Distribusi,ODC 205 -> 205/03,38.18,m,,
Homepass (Titik Rumah),205/03-01,1,pcs,-7.2480690710319875,112.7573110946619
Kabel Drop,205/03 -> 205/03-01,14.32,m,,
Homepass (Titik Rumah),205/03-02,1,pcs,-7.2480741449480375,112.75742517970531
Kabel Drop,205/03 -> 205/03-02,15.02,m,,
Homepass (Titik Rumah),205/03-03,1,pcs,-7.24821395,112.75735465
Kabel Drop,205/03 -> 205/03-03,6.5,m,,
Homepass (Titik Rumah),205/03-04,1,pcs,-7.247982913210268,112.75744728036375
Kabel Drop,205/03 -> 205/03-04,27.02,m,,
Homepass (Titik Rumah),205/03-05,1,pcs,-7.248229149999999,112.75727229999997
Kabel Drop,205/03 -> 205/03-05,14.26,m,,
Homepass (Titik Rumah),205/03-06,1,pcs,-7.248212828990233,112.75721720402684
Kabel Drop,205/03 -> 205/03-06,19.78,m,,
Homepass (Titik Rumah),205/03-07,1,pcs,-7.2481084251162935,112.7574833788728
Kabel Drop,205/03 -> 205/03-07,18.16,m,,
Homepass (Titik Rumah),205/03-08,1,pcs,-7.24824715,112.75740485
Kabel Drop,205/03 -> 205/03-08,12.49,m,,
ODP,205/04,1,pcs,-7.2481763718713355,112.7574034125169
Kabel Distribusi,ODC 205 -> 205/04,40.46,m,,
Homepass (Titik Rumah),205/04-01,1,pcs,-7.248351700000001,112.75763459999999
Kabel Drop,205/04 -> 205/04-01,38.52,m,,
Homepass (Titik Rumah),205/04-02,1,pcs,-7.248146503398737,112.75763010417619
Kabel Drop,205/04 -> 205/04-02,30.27,m,,
Homepass (Titik Rumah),205/04-03,1,pcs,-7.248019050000001,112.75765740000001
Kabel Drop,205/04 -> 205/04-03,39.64,m,,
Homepass (Titik Rumah),205/04-04,1,pcs,-7.2483398,112.75725390000001
Kabel Drop,205/04 -> 205/04-04,29.45,m,,
Homepass (Titik Rumah),205/04-05,1,pcs,-7.247976499999999,112.75751259999998
Kabel Drop,205/04 -> 205/04-05,30.33,m,,
Homepass (Titik Rumah),205/04-06,1,pcs,-7.248327128732743,112.7571941546562
Kabel Drop,205/04 -> 205/04-06,34.23,m,,
Homepass (Titik Rumah),205/04-07,1,pcs,-7.248199471319004,112.7571555948463
Kabel Drop,205/04 -> 205/04-07,32.95,m,,
Homepass (Titik Rumah),205/04-08,1,pcs,-7.248312400000001,112.75712480000001
Kabel Drop,205/04 -> 205/04-08,41.1,m,,
ODC,ODC 206,1,pcs,-7.2472338934753155,112.7571655108752
Join Closure,JOIN CLOSURE ODC 206,1,pcs,-7.2472338934753155,112.7571655108752
ODP,206/01,1,pcs,-7.2472671857726,112.75730254294369
Kabel Distribusi,ODC 206 -> 206/01,18.67,m,,
Homepass (Titik Rumah),206/01-01,1,pcs,-7.24720485,112.75740700000001
Kabel Drop,206/01 -> 206/01-01,16.14,m,,
Homepass (Titik Rumah),206/01-02,1,pcs,-7.247212500000001,112.75735135000001
Kabel Drop,206/01 -> 206/01-02,9.75,m,,
Homepass (Titik Rumah),206/01-03,1,pcs,-7.247197049999998,112.75729965
Kabel Drop,206/01 -> 206/01-03,9.37,m,,
Homepass (Titik Rumah),206/01-04,1,pcs,-7.247113049999999,112.7573275
Kabel Drop,206/01 -> 206/01-04,20.83,m,,
Homepass (Titik Rumah),206/01-05,1,pcs,-7.247051168911192,112.75735013455208
Kabel Drop,206/01 -> 206/01-05,29.5,m,,
Homepass (Titik Rumah),206/01-06,1,pcs,-7.247180969630894,112.7572404725691
Kabel Drop,206/01 -> 206/01-06,14.14,m,,
Homepass (Titik Rumah),206/01-07,1,pcs,-7.247366190016255,112.75734087930664
Kabel Drop,206/01 -> 206/01-07,14.15,m,,
Homepass (Titik Rumah),206/01-08,1,pcs,-7.247060150000004,112.75728595
Kabel Drop,206/01 -> 206/01-08,27.71,m,,
ODP,206/02,1,pcs,-7.247542305790589,112.75714387754903
Kabel Distribusi,ODC 206 -> 206/02,41.25,m,,
Homepass (Titik Rumah),206/02-01,1,pcs,-7.247499199999999,112.75730805
Kabel Drop,206/02 -> 206/02-01,22.48,m,,
Homepass (Titik Rumah),206/02-02,1,pcs,-7.247506199999999,112.75722559999998
Kabel Drop,206/02 -> 206/02-02,11.84,m,,
Homepass (Titik Rumah),206/02-03,1,pcs,-7.247472919712349,112.75717229738366
Kabel Drop,206/02 -> 206/02-03,9.99,m,,
Homepass (Titik Rumah),206/02-04,1,pcs,-7.247337580735199,112.75721185203211
Kabel Drop,206/02 -> 206/02-04,28.76,m,,
Homepass (Titik Rumah),206/02-05,1,pcs,-7.247451335600346,112.75710758000686
Kabel Drop,206/02 -> 206/02-05,13.05,m,,
Homepass (Titik Rumah),206/02-06,1,pcs,-7.247610279596046,112.75710761227386
Kabel Drop,206/02 -> 206/02-06,10.26,m,,
Homepass (Titik Rumah),206/02-07,1,pcs,-7.247320599999999,112.75714215
Kabel Drop,206/02 -> 206/02-07,29.58,m,,
Homepass (Titik Rumah),206/02-08,1,pcs,-7.2474456499999995,112.75702815
Kabel Drop,206/02 -> 206/02-08,20.02,m,,
ODP,206/03,1,pcs,-7.246951457826873,112.75720891155983
Kabel Distribusi,ODC 206 -> 206/03,38.12,m,,
Homepass (Titik Rumah),206/03-01,1,pcs,-7.247051733506964,112.75725041486784
Kabel Drop,206/03 -> 206/03-01,14.46,m,,
Homepass (Titik Rumah),206/03-02,1,pcs,-7.247085800000001,112.75718425
Kabel Drop,206/03 -> 206/03-02,18.22,m,,
Homepass (Titik Rumah),206/03-03,1,pcs,-7.247017950000001,112.75718389999999
Kabel Drop,206/03 -> 206/03-03,9.47,m,,
Homepass (Titik Rumah),206/03-04,1,pcs,-7.247166021138548,112.75717164575791
Kabel Drop,206/03 -> 206/03-04,29.05,m,,
Homepass (Titik Rumah),206/03-05,1,pcs,-7.246911249999999,112.75722359999999
Kabel Drop,206/03 -> 206/03-05,5.71,m,,
Homepass (Titik Rumah),206/03-06,1,pcs,-7.246911528954939,112.7573051546393
Kabel Drop,206/03 -> 206/03-06,13.81,m,,
Homepass (Titik Rumah),206/03-07,1,pcs,-7.247013949999999,112.75709115000002
Kabel Drop,206/03 -> 206/03-07,17.68,m,,
Homepass (Titik Rumah),206/03-08,1,pcs,-7.2471469292039155,112.75708642063245
Kabel Drop,206/03 -> 206/03-08,30.71,m,,
ODP,206/04,1,pcs,-7.2474951691455685,112.75692883429596
Kabel Distribusi,ODC 206 -> 206/04,46.87,m,,
Homepass (Titik Rumah),206/04-01,1,pcs,-7.247297985805017,112.75706937996324
Kabel Drop,206/04 -> 206/04-01,32.22,m,,
Homepass (Titik Rumah),206/04-02,1,pcs,-7.247286000000003,112.75700095
Kabel Drop,206/04 -> 206/04-02,29.5,m,,
Homepass (Titik Rumah),206/04-03,1,pcs,-7.247270399999999,112.7569309
Kabel Drop,206/04 -> 206/04-03,29.99,m,,
Homepass (Titik Rumah),206/04-04,1,pcs,-7.247421681487169,112.75695908001232
Kabel Drop,206/04 -> 206/04-04,10.59,m,,
Homepass (Titik Rumah),206/04-05,1,pcs,-7.247398838765678,112.75688862885
Kabel Drop,206/04 -> 206/04-05,13.91,m,,
Homepass (Titik Rumah),206/04-06,1,pcs,-7.2472520340182385,112.75685578031685
Kabel Drop,206/04 -> 206/04-06,33.85,m,,
Homepass (Titik Rumah),206/04-07,1,pcs,-7.24752415,112.75691884999999
Kabel Drop,206/04 -> 206/04-07,4.09,m,,
Homepass (Titik Rumah),206/04-08,1,pcs,-7.2476059401308595,112.75700532930169
Kabel Drop,206/04 -> 206/04-08,17.92,m,,
ODC,ODC 207,1,pcs,-7.247342067230549,112.7576107572128
Join Closure,JOIN CLOSURE ODC 207,1,pcs,-7.247342067230549,112.7576107572128
ODP,207/01,1,pcs,-7.247371208365676,112.75772952255024
Kabel Distribusi,ODC 207 -> 207/01,16.19,m,,
Homepass (Titik Rumah),207/01-01,1,pcs,-7.2472725001416265,112.75781066689584
Kabel Drop,207/01 -> 207/01-01,17.0,m,,
Homepass (Titik Rumah),207/01-02,1,pcs,-7.247350000162181,112.75780968356942
Kabel Drop,207/01 -> 207/01-02,10.98,m,,
Homepass (Titik Rumah),207/01-03,1,pcs,-7.247284715293612,112.75767686946203
Kabel Drop,207/01 -> 207/01-03,13.48,m,,
Homepass (Titik Rumah),207/01-04,1,pcs,-7.2474246,112.75777199999999
Kabel Drop,207/01 -> 207/01-04,9.08,m,,
Homepass (Titik Rumah),207/01-05,1,pcs,-7.247487902450863,112.75776181970822
Kabel Drop,207/01 -> 207/01-05,16.15,m,,
Homepass (Titik Rumah),207/01-06,1,pcs,-7.247435679485635,112.75766080435238
Kabel Drop,207/01 -> 207/01-06,12.52,m,,
Homepass (Titik Rumah),207/01-07,1,pcs,-7.247531450000001,112.75772549999999
Kabel Drop,207/01 -> 207/01-07,21.39,m,,
Homepass (Titik Rumah),207/01-08,1,pcs,-7.247423049999998,112.75755685
Kabel Drop,207/01 -> 207/01-08,23.88,m,,
ODP,207/02,1,pcs,-7.2476521538959195,112.75764501830486
Kabel Distribusi,ODC 207 -> 207/02,41.62,m,,
Homepass (Titik Rumah),207/02-01,1,pcs,-7.247578433500302,112.75775534733881
Kabel Drop,207/02 -> 207/02-01,17.61,m,,
Homepass (Titik Rumah),207/02-02,1,pcs,-7.2476298969005875,112.75775372997015
Kabel Drop,207/02 -> 207/02-02,14.69,m,,
Homepass (Titik Rumah),207/02-03,1,pcs,-7.247588219280334,112.75763331533095
Kabel Drop,207/02 -> 207/02-03,8.67,m,,
Homepass (Titik Rumah),207/02-04,1,pcs,-7.24774235,112.75772285000001
Kabel Drop,207/02 -> 207/02-04,15.84,m,,
Homepass (Titik Rumah),207/02-05,1,pcs,-7.247558413760499,112.75755083283256
Kabel Drop,207/02 -> 207/02-05,17.66,m,,
Homepass (Titik Rumah),207/02-06,1,pcs,-7.247724370327051,112.75756289619774
Kabel Drop,207/02 -> 207/02-06,14.53,m,,
Homepass (Titik Rumah),207/02-07,1,pcs,-7.247831147687513,112.7576949804812
Kabel Drop,207/02 -> 207/02-07,24.78,m,,
Homepass (Titik Rumah),207/02-08,1,pcs,-7.24754795,112.75748979999999
Kabel Drop,207/02 -> 207/02-08,24.81,m,,
ODP,207/03,1,pcs,-7.247048473254175,112.75759390545716
Kabel Distribusi,ODC 207 -> 207/03,39.24,m,,
Homepass (Titik Rumah),207/03-01,1,pcs,-7.247104405055763,112.75756632092985
Kabel Drop,207/03 -> 207/03-01,8.31,m,,
Homepass (Titik Rumah),207/03-02,1,pcs,-7.247160270813363,112.75754444101953
Kabel Drop,207/03 -> 207/03-02,16.29,m,,
Homepass (Titik Rumah),207/03-03,1,pcs,-7.247147661618534,112.75763297015862
Kabel Drop,207/03 -> 207/03-03,14.21,m,,
Homepass (Titik Rumah),207/03-04,1,pcs,-7.2470871,112.7574509
Kabel Drop,207/03 -> 207/03-04,19.62,m,,
Homepass (Titik Rumah),207/03-05,1,pcs,-7.2472520685307265,112.7575213485751
Kabel Drop,207/03 -> 207/03-05,28.81,m,,
Homepass (Titik Rumah),207/03-06,1,pcs,-7.247149328613158,112.75771555509112
Kabel Drop,207/03 -> 207/03-06,20.99,m,,
Homepass (Titik Rumah),207/03-07,1,pcs,-7.247236780102441,112.75745960330252
Kabel Drop,207/03 -> 207/03-07,30.78,m,,
Homepass (Titik Rumah),207/03-08,1,pcs,-7.24727165,112.75760269999999
Kabel Drop,207/03 -> 207/03-08,29.8,m,,
ODP,207/04,1,pcs,-7.247034444350074,112.75753823346132
Kabel Distribusi,ODC 207 -> 207/04,42.15,m,,
Homepass (Titik Rumah),207/04-01,1,pcs,-7.246844636969434,112.75754648008345
Kabel Drop,207/04 -> 207/04-01,25.35,m,,
Homepass (Titik Rumah),207/04-02,1,pcs,-7.246858590170369,112.75762257957297
Kabel Drop,207/04 -> 207/04-02,25.99,m,,
Homepass (Titik Rumah),207/04-03,1,pcs,-7.24696241098675,112.75752837026832
Kabel Drop,207/04 -> 207/04-03,9.7,m,,
Homepass (Titik Rumah),207/04-04,1,pcs,-7.24694285,112.75745835000002
Kabel Drop,207/04 -> 207/04-04,16.16,m,,
Homepass (Titik Rumah),207/04-05,1,pcs,-7.246980669431487,112.75759819729387
Kabel Drop,207/04 -> 207/04-05,10.7,m,,
Homepass (Titik Rumah),207/04-06,1,pcs,-7.246901517187919,112.75769398346661
Kabel Drop,207/04 -> 207/04-06,27.2,m,,
Homepass (Titik Rumah),207/04-07,1,pcs,-7.246934771478236,112.75737783571888
Kabel Drop,207/04 -> 207/04-07,25.05,m,,
Homepass (Titik Rumah),207/04-08,1,pcs,-7.247031404970812,112.75768637814119
Kabel Drop,207/04 -> 207/04-08,19.61,m,,
ODC,ODC 208,1,pcs,-7.247241863157493,112.75839842549465
Join Closure,JOIN CLOSURE ODC 208,1,pcs,-7.247241863157493,112.75839842549465
ODP,208/01,1,pcs,-7.247130419812087,112.75861703102925
Kabel Distribusi,ODC 208 -> 208/01,32.53,m,,
Homepass (Titik Rumah),208/01-01,1,pcs,-7.247060868375159,112.75859644881507
Kabel Drop,208/01 -> 208/01-01,9.67,m,,
Homepass (Titik Rumah),208/01-02,1,pcs,-7.247070549999999,112.7586412
Kabel Drop,208/01 -> 208/01-02,8.61,m,,
Homepass (Titik Rumah),208/01-03,1,pcs,-7.247050379419616,112.75868115431115
Kabel Drop,208/01 -> 208/01-03,13.64,m,,
Homepass (Titik Rumah),208/01-04,1,pcs,-7.247066700000002,112.75848864999999
Kabel Drop,208/01 -> 208/01-04,19.0,m,,
Homepass (Titik Rumah),208/01-05,1,pcs,-7.247115000000001,112.75870250000001
Kabel Drop,208/01 -> 208/01-05,11.5,m,,
Homepass (Titik Rumah),208/01-06,1,pcs,-7.247059991220777,112.75872512896939
Kabel Drop,208/01 -> 208/01-06,17.12,m,,
Homepass (Titik Rumah),208/01-07,1,pcs,-7.247033149999999,112.75844520000003
Kabel Drop,208/01 -> 208/01-07,26.19,m,,
Homepass (Titik Rumah),208/01-08,1,pcs,-7.24710549261306,112.75877121699672
Kabel Drop,208/01 -> 208/01-08,20.68,m,,
ODP,208/02,1,pcs,-7.24711964130126,112.7591774673864
Kabel Distribusi,ODC 208 -> 208/02,104.4,m,,
Homepass (Titik Rumah),208/02-01,1,pcs,-7.2471663999999985,112.75905675
Kabel Drop,208/02 -> 208/02-01,17.15,m,,
Homepass (Titik Rumah),208/02-02,1,pcs,-7.247183820722658,112.75912774642927
Kabel Drop,208/02 -> 208/02-02,10.8,m,,
Homepass (Titik Rumah),208/02-03,1,pcs,-7.247198771015984,112.75918626814689
Kabel Drop,208/02 -> 208/02-03,10.62,m,,
Homepass (Titik Rumah),208/02-04,1,pcs,-7.247207899999997,112.7592289
Kabel Drop,208/02 -> 208/02-04,13.6,m,,
Homepass (Titik Rumah),208/02-05,1,pcs,-7.246986335425185,112.75910029890149
Kabel Drop,208/02 -> 208/02-05,20.51,m,,
Homepass (Titik Rumah),208/02-06,1,pcs,-7.247010249999997,112.7591602
Kabel Drop,208/02 -> 208/02-06,14.77,m,,
Homepass (Titik Rumah),208/02-07,1,pcs,-7.247217631149668,112.75927293017885
Kabel Drop,208/02 -> 208/02-07,18.18,m,,
Homepass (Titik Rumah),208/02-08,1,pcs,-7.247057199999997,112.75926829999999
Kabel Drop,208/02 -> 208/02-08,14.63,m,,
ODP,208/03,1,pcs,-7.247127275958172,112.75790662438213
Kabel Distribusi,ODC 208 -> 208/03,66.87,m,,
Homepass (Titik Rumah),208/03-01,1,pcs,-7.2469197329154085,112.75785463698416
Kabel Drop,208/03 -> 208/03-01,28.54,m,,
Homepass (Titik Rumah),208/03-02,1,pcs,-7.247004799581637,112.75787978254621
Kabel Drop,208/03 -> 208/03-02,16.72,m,,
Homepass (Titik Rumah),208/03-03,1,pcs,-7.247073482083278,112.75787942223552
Kabel Drop,208/03 -> 208/03-03,8.03,m,,
Homepass (Titik Rumah),208/03-04,1,pcs,-7.247156200000001,112.7578955
Kabel Drop,208/03 -> 208/03-04,4.13,m,,
Homepass (Titik Rumah),208/03-05,1,pcs,-7.247166099999999,112.75779405
Kabel Drop,208/03 -> 208/03-05,15.78,m,,
Homepass (Titik Rumah),208/03-06,1,pcs,-7.246745881289743,112.75807555160557
Kabel Drop,208/03 -> 208/03-06,55.59,m,,
Homepass (Titik Rumah),208/03-07,1,pcs,-7.247218884689662,112.75787412964964
Kabel Drop,208/03 -> 208/03-07,12.96,m,,
Homepass (Titik Rumah),208/03-08,1,pcs,-7.24693815,112.75820024999999
Kabel Drop,208/03 -> 208/03-08,46.34,m,,
ODP,208/04,1,pcs,-7.247425413457873,112.75793179692155
Kabel Distribusi,ODC 208 -> 208/04,66.45,m,,
Homepass (Titik Rumah),208/04-01,1,pcs,-7.2470244,112.75841080000001
Kabel Drop,208/04 -> 208/04-01,82.97,m,,
Homepass (Titik Rumah),208/04-02,1,pcs,-7.24697195,112.75826469999998
Kabel Drop,208/04 -> 208/04-02,74.85,m,,
Homepass (Titik Rumah),208/04-03,1,pcs,-7.247245377894316,112.75939813047759
Kabel Drop,208/04 -> 208/04-03,195.58,m,,
Homepass (Titik Rumah),208/04-04,1,pcs,-7.247392489748574,112.75744077549378
Kabel Drop,208/04 -> 208/04-04,65.14,m,,
Homepass (Titik Rumah),208/04-05,1,pcs,-7.24752665,112.75740765
Kabel Drop,208/04 -> 208/04-05,70.68,m,,
Homepass (Titik Rumah),208/04-06,1,pcs,-7.247929599999998,112.75768894999997
Kabel Drop,208/04 -> 208/04-06,74.56,m,,
Homepass (Titik Rumah),208/04-07,1,pcs,-7.247354018369404,112.75726464890796
Kabel Drop,208/04 -> 208/04-07,88.82,m,,
Homepass (Titik Rumah),208/04-08,1,pcs,-7.24790232086643,112.75759609331044
Kabel Drop,208/04 -> 208/04-08,77.61,m,,
ODC,ODC 209,1,pcs,-7.246755848701724,112.7586901828772
Join Closure,JOIN CLOSURE ODC 209,1,pcs,-7.246755848701724,112.7586901828772
ODP,209/01,1,pcs,-7.246443420244804,112.75870747450122
Kabel Distribusi,ODC 209 -> 209/01,41.75,m,,
Homepass (Titik Rumah),209/01-01,1,pcs,-7.2463604,112.75863700000002
Kabel Drop,209/01 -> 209/01-01,14.48,m,,
Homepass (Titik Rumah),209/01-02,1,pcs,-7.24640765,112.75860869999998
Kabel Drop,209/01 -> 209/01-02,13.92,m,,
Homepass (Titik Rumah),209/01-03,1,pcs,-7.246486670945144,112.7586092925283
Kabel Drop,209/01 -> 209/01-03,14.22,m,,
Homepass (Titik Rumah),209/01-04,1,pcs,-7.246469507615686,112.75853227075015
Kabel Drop,209/01 -> 209/01-04,23.45,m,,
Homepass (Titik Rumah),209/01-05,1,pcs,-7.246396468890396,112.75879734734721
Kabel Drop,209/01 -> 209/01-05,13.45,m,,
Homepass (Titik Rumah),209/01-06,1,pcs,-7.246513740226097,112.75873332895902
Kabel Drop,209/01 -> 209/01-06,9.99,m,,
Homepass (Titik Rumah),209/01-07,1,pcs,-7.2463557181938105,112.75843484652235
Kabel Drop,209/01 -> 209/01-07,37.94,m,,
Homepass (Titik Rumah),209/01-08,1,pcs,-7.2464341999999995,112.75883445
Kabel Drop,209/01 -> 209/01-08,16.85,m,,
ODP,209/02,1,pcs,-7.246711136019523,112.7585171483577
Kabel Distribusi,ODC 209 -> 209/02,23.67,m,,
Homepass (Titik Rumah),209/02-01,1,pcs,-7.246583850000003,112.75857715
Kabel Drop,209/02 -> 209/02-01,18.75,m,,
Homepass (Titik Rumah),209/02-02,1,pcs,-7.246585912951107,112.75850857011832
Kabel Drop,209/02 -> 209/02-02,16.75,m,,
Homepass (Titik Rumah),209/02-03,1,pcs,-7.2465966,112.75871514999999
Kabel Drop,209/02 -> 209/02-03,30.34,m,,
Homepass (Titik Rumah),209/02-04,1,pcs,-7.246646429130269,112.7587723541004
Kabel Drop,209/02 -> 209/02-04,34.87,m,,
Homepass (Titik Rumah),209/02-05,1,pcs,-7.24658365,112.7583624
Kabel Drop,209/02 -> 209/02-05,26.63,m,,
Homepass (Titik Rumah),209/02-06,1,pcs,-7.246489747038271,112.75837607988055
Kabel Drop,209/02 -> 209/02-06,34.95,m,,
Homepass (Titik Rumah),209/02-07,1,pcs,-7.2467790500000016,112.75844760000001
Kabel Drop,209/02 -> 209/02-07,12.92,m,,
Homepass (Titik Rumah),209/02-08,1,pcs,-7.246830400000001,112.7585315
Kabel Drop,209/02 -> 209/02-08,16.03,m,,
ODP,209/03,1,pcs,-7.246977151698247,112.75857126756918
Kabel Distribusi,ODC 209 -> 209/03,33.46,m,,
Homepass (Titik Rumah),209/03-01,1,pcs,-7.246865530748655,112.7585947024411
Kabel Drop,209/03 -> 209/03-01,15.21,m,,
Homepass (Titik Rumah),209/03-02,1,pcs,-7.246871113483776,112.75866867115292
Kabel Drop,209/03 -> 209/03-02,19.14,m,,
Homepass (Titik Rumah),209/03-03,1,pcs,-7.2469433,112.75864565
Kabel Drop,209/03 -> 209/03-03,10.83,m,,
Homepass (Titik Rumah),209/03-04,1,pcs,-7.246914800000001,112.75851125
Kabel Drop,209/03 -> 209/03-04,11.5,m,,
Homepass (Titik Rumah),209/03-05,1,pcs,-7.247016499999999,112.75850380000003
Kabel Drop,209/03 -> 209/03-05,10.36,m,,
Homepass (Titik Rumah),209/03-06,1,pcs,-7.2469168704244,112.75876634590139
Kabel Drop,209/03 -> 209/03-06,27.05,m,,
Homepass (Titik Rumah),209/03-07,1,pcs,-7.246892549999998,112.75841300000002
Kabel Drop,209/03 -> 209/03-07,23.8,m,,
Homepass (Titik Rumah),209/03-08,1,pcs,-7.247051832038757,112.75854740091245
Kabel Drop,209/03 -> 209/03-08,10.45,m,,
ODP,209/04,1,pcs,-7.2470591705087335,112.7589217053511
Kabel Distribusi,ODC 209 -> 209/04,50.77,m,,
Homepass (Titik Rumah),209/04-01,1,pcs,-7.247095388309458,112.75883217894338
Kabel Drop,209/04 -> 209/04-01,12.8,m,,
Homepass (Titik Rumah),209/04-02,1,pcs,-7.247108606862512,112.75889382447559
Kabel Drop,209/04 -> 209/04-02,7.56,m,,
Homepass (Titik Rumah),209/04-03,1,pcs,-7.2471641,112.75884725000004
Kabel Drop,209/04 -> 209/04-03,17.12,m,,
Homepass (Titik Rumah),209/04-04,1,pcs,-7.247141,112.75894685000002
Kabel Drop,209/04 -> 209/04-04,11.41,m,,
Homepass (Titik Rumah),209/04-05,1,pcs,-7.246940034342122,112.75885972888968
Kabel Drop,209/04 -> 209/04-05,17.89,m,,
Homepass (Titik Rumah),209/04-06,1,pcs,-7.247146685657787,112.75900396716852
Kabel Drop,209/04 -> 209/04-06,15.97,m,,
Homepass (Titik Rumah),209/04-07,1,pcs,-7.246948578917531,112.75895080598518
Kabel Drop,209/04 -> 209/04-07,15.25,m,,
Homepass (Titik Rumah),209/04-08,1,pcs,-7.246982838371503,112.75902642962659
Kabel Drop,209/04 -> 209/04-08,17.2,m,,
ODC,ODC 210,1,pcs,-7.24645420083265,112.7594930437187
Join Closure,JOIN CLOSURE ODC 210,1,pcs,-7.24645420083265,112.7594930437187
ODP,210/01,1,pcs,-7.246406065207157,112.75928621591623
Kabel Distribusi,ODC 210 -> 210/01,28.12,m,,
Homepass (Titik Rumah),210/01-01,1,pcs,-7.246223420826209,112.75927718836653
Kabel Drop,210/01 -> 210/01-01,24.4,m,,
Homepass (Titik Rumah),210/01-02,1,pcs,-7.246274400000002,112.75926365
Kabel Drop,210/01 -> 210/01-02,17.82,m,,
Homepass (Titik Rumah),210/01-03,1,pcs,-7.246155750000001,112.75929604999999
Kabel Drop,210/01 -> 210/01-03,33.43,m,,
Homepass (Titik Rumah),210/01-04,1,pcs,-7.246204780886758,112.75935262937246
Kabel Drop,210/01 -> 210/01-04,28.26,m,,
Homepass (Titik Rumah),210/01-05,1,pcs,-7.24634973006424,112.75925230449064
Kabel Drop,210/01 -> 210/01-05,8.76,m,,
Homepass (Titik Rumah),210/01-06,1,pcs,-7.246352899999998,112.75931685
Kabel Drop,210/01 -> 210/01-06,8.17,m,,
Homepass (Titik Rumah),210/01-07,1,pcs,-7.246217331378785,112.75941335128168
Kabel Drop,210/01 -> 210/01-07,30.29,m,,
Homepass (Titik Rumah),210/01-08,1,pcs,-7.246342012113723,112.75938027287089
Kabel Drop,210/01 -> 210/01-08,15.1,m,,
ODP,210/02,1,pcs,-7.246416200477652,112.75932976474827
Kabel Distribusi,ODC 210 -> 210/02,22.2,m,,
Homepass (Titik Rumah),210/02-01,1,pcs,-7.2467039,112.75928465
Kabel Drop,210/02 -> 210/02-01,38.85,m,,
Homepass (Titik Rumah),210/02-02,1,pcs,-7.246644604383481,112.75930697040724
Kabel Drop,210/02 -> 210/02-02,30.63,m,,
Homepass (Titik Rumah),210/02-03,1,pcs,-7.246574631104594,112.75924873127623
Kabel Drop,210/02 -> 210/02-03,23.71,m,,
Homepass (Titik Rumah),210/02-04,1,pcs,-7.246596099999999,112.75938864999999
Kabel Drop,210/02 -> 210/02-04,25.24,m,,
Homepass (Titik Rumah),210/02-05,1,pcs,-7.246558838087073,112.75933142916922
Kabel Drop,210/02 -> 210/02-05,19.03,m,,
Homepass (Titik Rumah),210/02-06,1,pcs,-7.246565731173619,112.75917720165457
Kabel Drop,210/02 -> 210/02-06,28.39,m,,
Homepass (Titik Rumah),210/02-07,1,pcs,-7.246605419363221,112.7594499980181
Kabel Drop,210/02 -> 210/02-07,29.85,m,,
Homepass (Titik Rumah),210/02-08,1,pcs,-7.246710857907069,112.75907102062355
Kabel Drop,210/02 -> 210/02-08,52.14,m,,
ODP,210/03,1,pcs,-7.246919086877632,112.75932398988805
Kabel Distribusi,ODC 210 -> 210/03,65.94,m,,
Homepass (Titik Rumah),210/03-01,1,pcs,-7.246991123356038,112.75922153601753
Kabel Drop,210/03 -> 210/03-01,16.62,m,,
Homepass (Titik Rumah),210/03-02,1,pcs,-7.247051159145869,112.7593430718898
Kabel Drop,210/03 -> 210/03-02,17.8,m,,
Homepass (Titik Rumah),210/03-03,1,pcs,-7.246847366386207,112.75925647644146
Kabel Drop,210/03 -> 210/03-03,13.09,m,,
Homepass (Titik Rumah),210/03-04,1,pcs,-7.247083364180845,112.75944579297615
Kabel Drop,210/03 -> 210/03-04,27.21,m,,
Homepass (Titik Rumah),210/03-05,1,pcs,-7.246784900000003,112.7593582
Kabel Drop,210/03 -> 210/03-05,18.47,m,,
Homepass (Titik Rumah),210/03-06,1,pcs,-7.246806500000003,112.75941635000001
Kabel Drop,210/03 -> 210/03-06,19.37,m,,
Homepass (Titik Rumah),210/03-07,1,pcs,-7.24723451270044,112.75933777090671
Kabel Drop,210/03 -> 210/03-07,42.13,m,,
Homepass (Titik Rumah),210/03-08,1,pcs,-7.246721703350554,112.75916946913276
Kabel Drop,210/03 -> 210/03-08,33.35,m,,
ODP,210/04,1,pcs,-7.246263904029723,112.75875441065
Kabel Distribusi,ODC 210 -> 210/04,101.01,m,,
Homepass (Titik Rumah),210/04-01,1,pcs,-7.246039550000001,112.75851935000001
Kabel Drop,210/04 -> 210/04-01,43.18,m,,
Homepass (Titik Rumah),210/04-02,1,pcs,-7.246098650000001,112.75848685000003
Kabel Drop,210/04 -> 210/04-02,41.72,m,,
Homepass (Titik Rumah),210/04-03,1,pcs,-7.246172250000001,112.75847180000001
Kabel Drop,210/04 -> 210/04-03,39.36,m,,
Homepass (Titik Rumah),210/04-04,1,pcs,-7.24625245,112.75849715
Kabel Drop,210/04 -> 210/04-04,34.09,m,,
Homepass (Titik Rumah),210/04-05,1,pcs,-7.246216150676928,112.75866221789154
Kabel Drop,210/04 -> 210/04-05,13.77,m,,
Homepass (Titik Rumah),210/04-06,1,pcs,-7.246259949999998,112.75866079999999
Kabel Drop,210/04 -> 210/04-06,12.4,m,,
Homepass (Titik Rumah),210/04-07,1,pcs,-7.24630925,112.75843905
Kabel Drop,210/04 -> 210/04-07,42.18,m,,
Homepass (Titik Rumah),210/04-08,1,pcs,-7.246313267059359,112.75864686234704
Kabel Drop,210/04 -> 210/04-08,15.69,m,,
ODC,ODC 211,1,pcs,-7.246372036876493,112.75914000432198
Join Closure,JOIN CLOSURE ODC 211,1,pcs,-7.246372036876493,112.75914000432198
ODP,211/01,1,pcs,-7.246021299326446,112.75913867123072
Kabel Distribusi,ODC 211 -> 211/01,46.8,m,,
Homepass (Titik Rumah),211/01-01,1,pcs,-7.246232179242621,112.75905215665504
Kabel Drop,211/01 -> 211/01-01,30.38,m,,
Homepass (Titik Rumah),211/01-02,1,pcs,-7.24628311649899,112.7591198410328
Kabel Drop,211/01 -> 211/01-02,35.02,m,,
Homepass (Titik Rumah),211/01-03,1,pcs,-7.246122995994882,112.75908227171159
Kabel Drop,211/01 -> 211/01-03,15.49,m,,
Homepass (Titik Rumah),211/01-04,1,pcs,-7.246107274045944,112.75900964811522
Kabel Drop,211/01 -> 211/01-04,20.57,m,,
Homepass (Titik Rumah),211/01-05,1,pcs,-7.246128565544008,112.75915303302105
Kabel Drop,211/01 -> 211/01-05,14.44,m,,
Homepass (Titik Rumah),211/01-06,1,pcs,-7.2462034285934145,112.75920221003922
Kabel Drop,211/01 -> 211/01-06,25.72,m,,
Homepass (Titik Rumah),211/01-07,1,pcs,-7.246085600000002,112.75894930000001
Kabel Drop,211/01 -> 211/01-07,26.49,m,,
Homepass (Titik Rumah),211/01-08,1,pcs,-7.246137921245506,112.75922629198497
Kabel Drop,211/01 -> 211/01-08,19.41,m,,
ODP,211/02,1,pcs,-7.246364053396784,112.75910570122004
Kabel Distribusi,ODC 211 -> 211/02,4.66,m,,
Homepass (Titik Rumah),211/02-01,1,pcs,-7.246516170608542,112.75913479473338
Kabel Drop,211/02 -> 211/02-01,20.66,m,,
Homepass (Titik Rumah),211/02-02,1,pcs,-7.2464629,112.75914910000002
Kabel Drop,211/02 -> 211/02-02,14.39,m,,
Homepass (Titik Rumah),211/02-03,1,pcs,-7.2465846827496865,112.75910501640973
Kabel Drop,211/02 -> 211/02-03,29.44,m,,
Homepass (Titik Rumah),211/02-04,1,pcs,-7.246470518088367,112.75905924862869
Kabel Drop,211/02 -> 211/02-04,15.48,m,,
Homepass (Titik Rumah),211/02-05,1,pcs,-7.2465378015431945,112.75901271845251
Kabel Drop,211/02 -> 211/02-05,26.25,m,,
Homepass (Titik Rumah),211/02-06,1,pcs,-7.2464523499999975,112.75899465000002
Kabel Drop,211/02 -> 211/02-06,18.84,m,,
Homepass (Titik Rumah),211/02-07,1,pcs,-7.24657095,112.7589734
Kabel Drop,211/02 -> 211/02-07,32.69,m,,
Homepass (Titik Rumah),211/02-08,1,pcs,-7.246325939097317,112.75918188025634
Kabel Drop,211/02 -> 211/02-08,11.29,m,,
ODP,211/03,1,pcs,-7.246326297619387,112.75894347367911
Kabel Distribusi,ODC 211 -> 211/03,26.72,m,,
Homepass (Titik Rumah),211/03-01,1,pcs,-7.246433349999999,112.75893325
Kabel Drop,211/03 -> 211/03-01,14.35,m,,
Homepass (Titik Rumah),211/03-02,1,pcs,-7.246445874590769,112.75887276552622
Kabel Drop,211/03 -> 211/03-02,18.5,m,,
Homepass (Titik Rumah),211/03-03,1,pcs,-7.246303878622679,112.75905185681009
Kabel Drop,211/03 -> 211/03-03,14.66,m,,
Homepass (Titik Rumah),211/03-04,1,pcs,-7.246257933209936,112.75897853065578
Kabel Drop,211/03 -> 211/03-04,10.23,m,,
Homepass (Titik Rumah),211/03-05,1,pcs,-7.2462401344505265,112.75891233065668
Kabel Drop,211/03 -> 211/03-05,12.21,m,,
Homepass (Titik Rumah),211/03-06,1,pcs,-7.246245853855373,112.7588190699651
Kabel Drop,211/03 -> 211/03-06,19.66,m,,
Homepass (Titik Rumah),211/03-07,1,pcs,-7.246647600000001,112.75885815000002
Kabel Drop,211/03 -> 211/03-07,44.34,m,,
Homepass (Titik Rumah),211/03-08,1,pcs,-7.246658209081391,112.75897697021033
Kabel Drop,211/03 -> 211/03-08,44.51,m,,
ODP,211/04,1,pcs,-7.246128251129239,112.75952303970254
Kabel Distribusi,ODC 211 -> 211/04,60.24,m,,
Homepass (Titik Rumah),211/04-01,1,pcs,-7.2463802500000005,112.75945675000003
Kabel Drop,211/04 -> 211/04-01,34.75,m,,
Homepass (Titik Rumah),211/04-02,1,pcs,-7.24640675,112.75951180000003
Kabel Drop,211/04 -> 211/04-02,37.19,m,,
Homepass (Titik Rumah),211/04-03,1,pcs,-7.246220699999999,112.75950164999999
Kabel Drop,211/04 -> 211/04-03,12.66,m,,
Homepass (Titik Rumah),211/04-04,1,pcs,-7.246238617132645,112.75957532048385
Kabel Drop,211/04 -> 211/04-04,16.27,m,,
Homepass (Titik Rumah),211/04-05,1,pcs,-7.2460239500000005,112.75947844999999
Kabel Drop,211/04 -> 211/04-05,15.12,m,,
Homepass (Titik Rumah),211/04-06,1,pcs,-7.246022429179141,112.75954535429032
Kabel Drop,211/04 -> 211/04-06,14.43,m,,
Homepass (Titik Rumah),211/04-07,1,pcs,-7.24604261974337,112.75961169764703
Kabel Drop,211/04 -> 211/04-07,16.38,m,,
Homepass (Titik Rumah),211/04-08,1,pcs,-7.246009449999999,112.75941460000001
Kabel Drop,211/04 -> 211/04-08,21.39,m,,
ODC,ODC 212,1,pcs,-7.245967124273194,112.75894397434963
Join Closure,JOIN CLOSURE ODC 212,1,pcs,-7.245967124273194,112.75894397434963
ODP,212/01,1,pcs,-7.2458178989456465,112.75887476198402
Kabel Distribusi,ODC 212 -> 212/01,21.92,m,,
Homepass (Titik Rumah),212/01-01,1,pcs,-7.245647658009726,112.75869167188594
Kabel Drop,212/01 -> 212/01-01,33.22,m,,
Homepass (Titik Rumah),212/01-02,1,pcs,-7.245724151592753,112.75860531888173
Kabel Drop,212/01 -> 212/01-02,37.8,m,,
Homepass (Titik Rumah),212/01-03,1,pcs,-7.245633655285842,112.75883990529175
Kabel Drop,212/01 -> 212/01-03,25.01,m,,
Homepass (Titik Rumah),212/01-04,1,pcs,-7.245812949999999,112.75865535
Kabel Drop,212/01 -> 212/01-04,29.05,m,,
Homepass (Titik Rumah),212/01-05,1,pcs,-7.24578205,112.7588159
Kabel Drop,212/01 -> 212/01-05,9.14,m,,
Homepass (Titik Rumah),212/01-06,1,pcs,-7.245844778668488,112.7587452607833
Kabel Drop,212/01 -> 212/01-06,17.51,m,,
Homepass (Titik Rumah),212/01-07,1,pcs,-7.2458072499999995,112.7585528
Kabel Drop,212/01 -> 212/01-07,42.64,m,,
Homepass (Titik Rumah),212/01-08,1,pcs,-7.245890000460863,112.75856891747
Kabel Drop,212/01 -> 212/01-08,41.61,m,,
ODP,212/02,1,pcs,-7.245982278205433,112.75899843527151
Kabel Distribusi,ODC 212 -> 212/02,7.49,m,,
Homepass (Titik Rumah),212/02-01,1,pcs,-7.2457072,112.75902695
Kabel Drop,212/02 -> 212/02-01,36.9,m,,
Homepass (Titik Rumah),212/02-02,1,pcs,-7.245676250000001,112.75897034999998
Kabel Drop,212/02 -> 212/02-02,41.0,m,,
Homepass (Titik Rumah),212/02-03,1,pcs,-7.245586805153801,112.75929082070651
Kabel Drop,212/02 -> 212/02-03,65.44,m,,
Homepass (Titik Rumah),212/02-04,1,pcs,-7.245916199999999,112.75963934999997
Kabel Drop,212/02 -> 212/02-04,85.29,m,,
Homepass (Titik Rumah),212/02-05,1,pcs,-7.245852400000001,112.75965864999999
Kabel Drop,212/02 -> 212/02-05,89.09,m,,
Homepass (Titik Rumah),212/02-06,1,pcs,-7.246399198916496,112.7584005648477
Kabel Drop,212/02 -> 212/02-06,96.74,m,,
Homepass (Titik Rumah),212/02-07,1,pcs,-7.246845769262686,112.75831322686489
Kabel Drop,212/02 -> 212/02-07,146.64,m,,
Homepass (Titik Rumah),212/02-08,1,pcs,-7.246980323457793,112.75837984352383
Kabel Drop,212/02 -> 212/02-08,156.33,m,,
ODP,212/03,1,pcs,-7.246024755327552,112.75881954407795
Kabel Distribusi,ODC 212 -> 212/03,18.18,m,,
Homepass (Titik Rumah),212/03-01,1,pcs,-7.2459260524431865,112.75874441975027
Kabel Drop,212/03 -> 212/03-01,16.5,m,,
Homepass (Titik Rumah),212/03-02,1,pcs,-7.245988368227976,112.75871422872044
Kabel Drop,212/03 -> 212/03-02,14.76,m,,
Homepass (Titik Rumah),212/03-03,1,pcs,-7.246057899999999,112.75869669999999
Kabel Drop,212/03 -> 212/03-03,16.85,m,,
Homepass (Titik Rumah),212/03-04,1,pcs,-7.245870779191395,112.75893139900131
Kabel Drop,212/03 -> 212/03-04,25.32,m,,
Homepass (Titik Rumah),212/03-05,1,pcs,-7.246079495645197,112.7588687225518
Kabel Drop,212/03 -> 212/03-05,9.78,m,,
Homepass (Titik Rumah),212/03-06,1,pcs,-7.2459316514496654,112.75854618575569
Kabel Drop,212/03 -> 212/03-06,38.26,m,,
Homepass (Titik Rumah),212/03-07,1,pcs,-7.246126399999999,112.75866839999999
Kabel Drop,212/03 -> 212/03-07,24.17,m,,
Homepass (Titik Rumah),212/03-08,1,pcs,-7.245981849999999,112.75852144999999
Kabel Drop,212/03 -> 212/03-08,39.87,m,,
ODP,212/04,1,pcs,-7.246008562112865,112.7590928956272
Kabel Distribusi,ODC 212 -> 212/04,20.47,m,,
Homepass (Titik Rumah),212/04-01,1,pcs,-7.245943370385949,112.75925189543676
Kabel Drop,212/04 -> 212/04-01,22.77,m,,
Homepass (Titik Rumah),212/04-02,1,pcs,-7.245892750000001,112.75916099999999
Kabel Drop,212/04 -> 212/04-02,17.89,m,,
Homepass (Titik Rumah),212/04-03,1,pcs,-7.245775366357637,112.75925856949888
Kabel Drop,212/04 -> 212/04-03,38.07,m,,
Homepass (Titik Rumah),212/04-04,1,pcs,-7.245899316631404,112.75907802919089
Kabel Drop,212/04 -> 212/04-04,14.71,m,,
Homepass (Titik Rumah),212/04-05,1,pcs,-7.2457471202990416,112.75919639651953
Kabel Drop,212/04 -> 212/04-05,37.48,m,,
Homepass (Titik Rumah),212/04-06,1,pcs,-7.245743948211757,112.75911883136291
Kabel Drop,212/04 -> 212/04-06,35.47,m,,
Homepass (Titik Rumah),212/04-07,1,pcs,-7.2458618684451945,112.75901431929455
Kabel Drop,212/04 -> 212/04-07,22.17,m,,
Homepass (Titik Rumah),212/04-08,1,pcs,-7.245722199999997,112.75907664999998
Kabel Drop,212/04 -> 212/04-08,38.27,m,,
ODC,ODC 213,1,pcs,-7.245107683544914,112.75906975191933
Join Closure,JOIN CLOSURE ODC 213,1,pcs,-7.245107683544914,112.75906975191933
ODP,213/01,1,pcs,-7.245208725111683,112.75904070745803
Kabel Distribusi,ODC 213 -> 213/01,14.02,m,,
Homepass (Titik Rumah),213/01-01,1,pcs,-7.245136400000001,112.7589473
Kabel Drop,213/01 -> 213/01-01,15.68,m,,
Homepass (Titik Rumah),213/01-02,1,pcs,-7.245221216774994,112.75893531144054
Kabel Drop,213/01 -> 213/01-02,14.05,m,,
Homepass (Titik Rumah),213/01-03,1,pcs,-7.245144749999999,112.75875744999999
Kabel Drop,213/01 -> 213/01-03,38.45,m,,
Homepass (Titik Rumah),213/01-04,1,pcs,-7.245232449999999,112.75911129999999
Kabel Drop,213/01 -> 213/01-04,9.87,m,,
Homepass (Titik Rumah),213/01-05,1,pcs,-7.245129400000001,112.75914580000001
Kabel Drop,213/01 -> 213/01-05,17.48,m,,
Homepass (Titik Rumah),213/01-06,1,pcs,-7.245219730003602,112.75875185103423
Kabel Drop,213/01 -> 213/01-06,38.26,m,,
Homepass (Titik Rumah),213/01-07,1,pcs,-7.245358228890529,112.75891611161964
Kabel Drop,213/01 -> 213/01-07,25.88,m,,
Homepass (Titik Rumah),213/01-08,1,pcs,-7.2450566910170995,112.75916587967535
Kabel Drop,213/01 -> 213/01-08,26.19,m,,
ODP,213/02,1,pcs,-7.24491673660154,112.75894384854703
Kabel Distribusi,ODC 213 -> 213/02,30.45,m,,
Homepass (Titik Rumah),213/02-01,1,pcs,-7.244845781091723,112.75893161602326
Kabel Drop,213/02 -> 213/02-01,9.61,m,,
Homepass (Titik Rumah),213/02-02,1,pcs,-7.244858399999998,112.75902905000001
Kabel Drop,213/02 -> 213/02-02,13.7,m,,
Homepass (Titik Rumah),213/02-03,1,pcs,-7.244977399999999,112.7589764
Kabel Drop,213/02 -> 213/02-03,9.17,m,,
Homepass (Titik Rumah),213/02-04,1,pcs,-7.244928900000001,112.7588104
Kabel Drop,213/02 -> 213/02-04,17.74,m,,
Homepass (Titik Rumah),213/02-05,1,pcs,-7.245050749999999,112.758963
Kabel Drop,213/02 -> 213/02-05,18.06,m,,
Homepass (Titik Rumah),213/02-06,1,pcs,-7.245003731126187,112.75878966926105
Kabel Drop,213/02 -> 213/02-06,23.48,m,,
Homepass (Titik Rumah),213/02-07,1,pcs,-7.244859944131447,112.75920458297611
Kabel Drop,213/02 -> 213/02-07,35.34,m,,
Homepass (Titik Rumah),213/02-08,1,pcs,-7.245071800000001,112.758775
Kabel Drop,213/02 -> 213/02-08,30.46,m,,
ODP,213/03,1,pcs,-7.245531460229816,112.75895050500166
Kabel Distribusi,ODC 213 -> 213/03,58.71,m,,
Homepass (Titik Rumah),213/03-01,1,pcs,-7.245333649999999,112.75871864999999
Kabel Drop,213/03 -> 213/03-01,40.48,m,,
Homepass (Titik Rumah),213/03-02,1,pcs,-7.245410721572559,112.75878108788696
Kabel Drop,213/03 -> 213/03-02,27.61,m,,
Homepass (Titik Rumah),213/03-03,1,pcs,-7.245467399999999,112.75866040000002
Kabel Drop,213/03 -> 213/03-03,39.34,m,,
Homepass (Titik Rumah),213/03-04,1,pcs,-7.245480849999999,112.75875889999999
Kabel Drop,213/03 -> 213/03-04,26.25,m,,
Homepass (Titik Rumah),213/03-05,1,pcs,-7.245427200000001,112.75890505000001
Kabel Drop,213/03 -> 213/03-05,15.16,m,,
Homepass (Titik Rumah),213/03-06,1,pcs,-7.2455524,112.75865830000001
Kabel Drop,213/03 -> 213/03-06,38.78,m,,
Homepass (Titik Rumah),213/03-07,1,pcs,-7.245504671840882,112.75888478909786
Kabel Drop,213/03 -> 213/03-07,9.4,m,,
Homepass (Titik Rumah),213/03-08,1,pcs,-7.245624943032083,112.75861147825931
Kabel Drop,213/03 -> 213/03-08,46.58,m,,
ODP,213/04,1,pcs,-7.244651592814433,112.75891876261308
Kabel Distribusi,ODC 213 -> 213/04,64.06,m,,
Homepass (Titik Rumah),213/04-01,1,pcs,-7.244481175750529,112.75890006106398
Kabel Drop,213/04 -> 213/04-01,22.87,m,,
Homepass (Titik Rumah),213/04-02,1,pcs,-7.244577422190329,112.7588757657977
Kabel Drop,213/04 -> 213/04-02,11.42,m,,
Homepass (Titik Rumah),213/04-03,1,pcs,-7.244671100000001,112.75887335
Kabel Drop,213/04 -> 213/04-03,6.55,m,,
Homepass (Titik Rumah),213/04-04,1,pcs,-7.24472575,112.75884339999999
Kabel Drop,213/04 -> 213/04-04,14.05,m,,
Homepass (Titik Rumah),213/04-05,1,pcs,-7.2447479695489205,112.75901154656702
Kabel Drop,213/04 -> 213/04-05,17.78,m,,
Homepass (Titik Rumah),213/04-06,1,pcs,-7.244779816757665,112.75884268850133
Kabel Drop,213/04 -> 213/04-06,19.85,m,,
Homepass (Titik Rumah),213/04-07,1,pcs,-7.2448292822500715,112.75881072326789
Kabel Drop,213/04 -> 213/04-07,27.69,m,,
Homepass (Titik Rumah),213/04-08,1,pcs,-7.244796855643405,112.75908312160742
Kabel Drop,213/04 -> 213/04-08,29.14,m,,
ODC,ODC 214,1,pcs,-7.245053128464187,112.75956232614317
Join Closure,JOIN CLOSURE ODC 214,1,pcs,-7.245053128464187,112.75956232614317
ODP,214/01,1,pcs,-7.2448114013342115,112.75960748978814
Kabel Distribusi,ODC 214 -> 214/01,32.8,m,,
Homepass (Titik Rumah),214/01-01,1,pcs,-7.244875950000001,112.75964934999999
Kabel Drop,214/01 -> 214/01-01,10.24,m,,
Homepass (Titik Rumah),214/01-02,1,pcs,-7.2448735,112.75956745
Kabel Drop,214/01 -> 214/01-02,9.84,m,,
Homepass (Titik Rumah),214/01-03,1,pcs,-7.244746944585555,112.75967427936503
Kabel Drop,214/01 -> 214/01-03,12.33,m,,
Homepass (Titik Rumah),214/01-04,1,pcs,-7.244940699999997,112.75948899999999
Kabel Drop,214/01 -> 214/01-04,23.32,m,,
Homepass (Titik Rumah),214/01-05,1,pcs,-7.244729317421371,112.7597533835479
Kabel Drop,214/01 -> 214/01-05,22.2,m,,
Homepass (Titik Rumah),214/01-06,1,pcs,-7.244693385489414,112.75961973157082
Kabel Drop,214/01 -> 214/01-06,15.83,m,,
Homepass (Titik Rumah),214/01-07,1,pcs,-7.244670349999999,112.75969549999999
Kabel Drop,214/01 -> 214/01-07,22.13,m,,
Homepass (Titik Rumah),214/01-08,1,pcs,-7.244904600000003,112.759423
Kabel Drop,214/01 -> 214/01-08,27.4,m,,
ODP,214/02,1,pcs,-7.2450937735210355,112.75976357956291
Kabel Distribusi,ODC 214 -> 214/02,27.19,m,,
Homepass (Titik Rumah),214/02-01,1,pcs,-7.245337378238283,112.75981260032916
Kabel Drop,214/02 -> 214/02-01,33.15,m,,
Homepass (Titik Rumah),214/02-02,1,pcs,-7.2452164,112.75982935
Kabel Drop,214/02 -> 214/02-02,18.53,m,,
Homepass (Titik Rumah),214/02-03,1,pcs,-7.245578928725952,112.75966021536283
Kabel Drop,214/02 -> 214/02-03,66.17,m,,
Homepass (Titik Rumah),214/02-04,1,pcs,-7.245025243280188,112.75967392920076
Kabel Drop,214/02 -> 214/02-04,14.98,m,,
Homepass (Titik Rumah),214/02-05,1,pcs,-7.244984720404069,112.75983374488708
Kabel Drop,214/02 -> 214/02-05,17.26,m,,
Homepass (Titik Rumah),214/02-06,1,pcs,-7.244982343838302,112.75976141652765
Kabel Drop,214/02 -> 214/02-06,14.87,m,,
Homepass (Titik Rumah),214/02-07,1,pcs,-7.245692149999999,112.759636
Kabel Drop,214/02 -> 214/02-07,81.61,m,,
Homepass (Titik Rumah),214/02-08,1,pcs,-7.24493065,112.7596999
Kabel Drop,214/02 -> 214/02-08,23.34,m,,
ODP,214/03,1,pcs,-7.245440457599845,112.75953204112605
Kabel Distribusi,ODC 214 -> 214/03,51.84,m,,
Homepass (Titik Rumah),214/03-01,1,pcs,-7.245320164573876,112.75945661931736
Kabel Drop,214/03 -> 214/03-01,18.9,m,,
Homepass (Titik Rumah),214/03-02,1,pcs,-7.2453575,112.75951530000002
Kabel Drop,214/03 -> 214/03-02,11.29,m,,
Homepass (Titik Rumah),214/03-03,1,pcs,-7.2451658499999985,112.75950934999999
Kabel Drop,214/03 -> 214/03-03,36.76,m,,
Homepass (Titik Rumah),214/03-04,1,pcs,-7.2451449679757784,112.75944436983224
Kabel Drop,214/03 -> 214/03-04,41.1,m,,
Homepass (Titik Rumah),214/03-05,1,pcs,-7.245195279815971,112.7596185320273
Kabel Drop,214/03 -> 214/03-05,34.66,m,,
Homepass (Titik Rumah),214/03-06,1,pcs,-7.245370665696053,112.75965843317279
Kabel Drop,214/03 -> 214/03-06,19.15,m,,
Homepass (Titik Rumah),214/03-07,1,pcs,-7.245203739846771,112.759700681658
Kabel Drop,214/03 -> 214/03-07,38.68,m,,
Homepass (Titik Rumah),214/03-08,1,pcs,-7.245425863435835,112.75974126418716
Kabel Drop,214/03 -> 214/03-08,27.76,m,,
ODP,214/04,1,pcs,-7.245357863703189,112.75924703551439
Kabel Distribusi,ODC 214 -> 214/04,58.27,m,,
Homepass (Titik Rumah),214/04-01,1,pcs,-7.24525405,112.7591914
Kabel Drop,214/04 -> 214/04-01,15.69,m,,
Homepass (Titik Rumah),214/04-02,1,pcs,-7.245287180291855,112.75932640260316
Kabel Drop,214/04 -> 214/04-02,14.12,m,,
Homepass (Titik Rumah),214/04-03,1,pcs,-7.245390900000001,112.75914409999999
Kabel Drop,214/04 -> 214/04-03,14.32,m,,
Homepass (Titik Rumah),214/04-04,1,pcs,-7.245103434096347,112.75924238141448
Kabel Drop,214/04 -> 214/04-04,33.96,m,,
Homepass (Titik Rumah),214/04-05,1,pcs,-7.24531185,112.75938745
Kabel Drop,214/04 -> 214/04-05,19.57,m,,
Homepass (Titik Rumah),214/04-06,1,pcs,-7.24524645,112.75940415
Kabel Drop,214/04 -> 214/04-06,25.56,m,,
Homepass (Titik Rumah),214/04-07,1,pcs,-7.245115001180483,112.75937272865895
Kabel Drop,214/04 -> 214/04-07,36.43,m,,
Homepass (Titik Rumah),214/04-08,1,pcs,-7.245495921567859,112.75909839365099
Kabel Drop,214/04 -> 214/04-08,26.95,m,,
ODC,ODC 215,1,pcs,-7.244351750433084,112.75947315401386
Join Closure,JOIN CLOSURE ODC 215,1,pcs,-7.244351750433084,112.75947315401386
ODP,215/01,1,pcs,-7.244370237453828,112.75954099245764
Kabel Distribusi,ODC 215 -> 215/01,9.31,m,,
Homepass (Titik Rumah),215/01-01,1,pcs,-7.244663870294926,112.75948344580809
Kabel Drop,215/01 -> 215/01-01,39.91,m,,
Homepass (Titik Rumah),215/01-02,1,pcs,-7.244566541498081,112.75942332914741
Kabel Drop,215/01 -> 215/01-02,30.47,m,,
Homepass (Titik Rumah),215/01-03,1,pcs,-7.244494767952888,112.75951889899859
Kabel Drop,215/01 -> 215/01-03,16.87,m,,
Homepass (Titik Rumah),215/01-04,1,pcs,-7.244845800000002,112.75937529999997
Kabel Drop,215/01 -> 215/01-04,67.14,m,,
Homepass (Titik Rumah),215/01-05,1,pcs,-7.24447810648705,112.75960332854086
Kabel Drop,215/01 -> 215/01-05,16.59,m,,
Homepass (Titik Rumah),215/01-06,1,pcs,-7.244435987618337,112.75946116717112
Kabel Drop,215/01 -> 215/01-06,13.73,m,,
Homepass (Titik Rumah),215/01-07,1,pcs,-7.244486070146775,112.75968049627132
Kabel Drop,215/01 -> 215/01-07,24.08,m,,
Homepass (Titik Rumah),215/01-08,1,pcs,-7.244407750000001,112.75940250000001
Kabel Drop,215/01 -> 215/01-08,19.0,m,,
ODP,215/02,1,pcs,-7.244437419865076,112.75979185857132
Kabel Distribusi,ODC 215 -> 215/02,43.71,m,,
Homepass (Titik Rumah),215/02-01,1,pcs,-7.244516850000003,112.75974555
Kabel Drop,215/02 -> 215/02-01,12.24,m,,
Homepass (Titik Rumah),215/02-02,1,pcs,-7.244525731046154,112.75983036589662
Kabel Drop,215/02 -> 215/02-02,12.84,m,,
Homepass (Titik Rumah),215/02-03,1,pcs,-7.244644793535299,112.75978077930411
Kabel Drop,215/02 -> 215/02-03,27.71,m,,
Homepass (Titik Rumah),215/02-04,1,pcs,-7.2446106603546685,112.75987707404077
Kabel Drop,215/02 -> 215/02-04,25.72,m,,
Homepass (Titik Rumah),215/02-05,1,pcs,-7.244706999999998,112.75982865
Kabel Drop,215/02 -> 215/02-05,36.3,m,,
Homepass (Titik Rumah),215/02-06,1,pcs,-7.244226312798003,112.75980932059097
Kabel Drop,215/02 -> 215/02-06,28.26,m,,
Homepass (Titik Rumah),215/02-07,1,pcs,-7.244190450000002,112.75968274999998
Kabel Drop,215/02 -> 215/02-07,35.98,m,,
Homepass (Titik Rumah),215/02-08,1,pcs,-7.244181849999999,112.75975245000001
Kabel Drop,215/02 -> 215/02-08,34.5,m,,
ODP,215/03,1,pcs,-7.244307407037344,112.75927994578333
Kabel Distribusi,ODC 215 -> 215/03,26.25,m,,
Homepass (Titik Rumah),215/03-01,1,pcs,-7.244064270535784,112.75904078563168
Kabel Drop,215/03 -> 215/03-01,45.33,m,,
Homepass (Titik Rumah),215/03-02,1,pcs,-7.2441602057342385,112.75899652105693
Kabel Drop,215/03 -> 215/03-02,42.35,m,,
Homepass (Titik Rumah),215/03-03,1,pcs,-7.24424715,112.75897775000001
Kabel Drop,215/03 -> 215/03-03,40.8,m,,
Homepass (Titik Rumah),215/03-04,1,pcs,-7.244268349999999,112.75905509999998
Kabel Drop,215/03 -> 215/03-04,30.22,m,,
Homepass (Titik Rumah),215/03-05,1,pcs,-7.244227070656722,112.75920378323168
Kabel Drop,215/03 -> 215/03-05,14.72,m,,
Homepass (Titik Rumah),215/03-06,1,pcs,-7.2443041500000005,112.75917224999998
Kabel Drop,215/03 -> 215/03-06,14.26,m,,
Homepass (Titik Rumah),215/03-07,1,pcs,-7.244330949999999,112.7589749
Kabel Drop,215/03 -> 215/03-07,40.5,m,,
Homepass (Titik Rumah),215/03-08,1,pcs,-7.2443705,112.7591714
Kabel Drop,215/03 -> 215/03-08,16.65,m,,
ODP,215/04,1,pcs,-7.244533719150091,112.75921308452624
Kabel Distribusi,ODC 215 -> 215/04,42.13,m,,
Homepass (Titik Rumah),215/04-01,1,pcs,-7.244443528725594,112.75915206787279
Kabel Drop,215/04 -> 215/04-01,14.49,m,,
Homepass (Titik Rumah),215/04-02,1,pcs,-7.244505900000001,112.75912470000002
Kabel Drop,215/04 -> 215/04-02,12.27,m,,
Homepass (Titik Rumah),215/04-03,1,pcs,-7.2445606,112.75908895
Kabel Drop,215/04 -> 215/04-03,16.82,m,,
Homepass (Titik Rumah),215/04-04,1,pcs,-7.244376650000001,112.75933155
Kabel Drop,215/04 -> 215/04-04,26.18,m,,
Homepass (Titik Rumah),215/04-05,1,pcs,-7.24451407995891,112.7589687581109
Kabel Drop,215/04 -> 215/04-05,32.45,m,,
Homepass (Titik Rumah),215/04-06,1,pcs,-7.244423020328247,112.75895272582817
Kabel Drop,215/04 -> 215/04-06,37.5,m,,
Homepass (Titik Rumah),215/04-07,1,pcs,-7.244654232625569,112.7590742258977
Kabel Drop,215/04 -> 215/04-07,24.42,m,,
Homepass (Titik Rumah),215/04-08,1,pcs,-7.244595171332972,112.75934634720622
Kabel Drop,215/04 -> 215/04-08,19.45,m,,
ODC,ODC 216,1,pcs,-7.243883302956574,112.7596318497752
Join Closure,JOIN CLOSURE ODC 216,1,pcs,-7.243883302956574,112.7596318497752
ODP,216/01,1,pcs,-7.243886148243096,112.75964309886733
Kabel Distribusi,ODC 216 -> 216/01,1.54,m,,
Homepass (Titik Rumah),216/01-01,1,pcs,-7.243652699999999,112.7596874
Kabel Drop,216/01 -> 216/01-01,31.7,m,,
Homepass (Titik Rumah),216/01-02,1,pcs,-7.243720050000001,112.75966740000001
Kabel Drop,216/01 -> 216/01-02,22.4,m,,
Homepass (Titik Rumah),216/01-03,1,pcs,-7.2437450499999985,112.75979685
Kabel Drop,216/01 -> 216/01-03,27.72,m,,
Homepass (Titik Rumah),216/01-04,1,pcs,-7.243637199999999,112.75953799999999
Kabel Drop,216/01 -> 216/01-04,36.01,m,,
Homepass (Titik Rumah),216/01-05,1,pcs,-7.243820200000001,112.75970849999999
Kabel Drop,216/01 -> 216/01-05,12.34,m,,
Homepass (Titik Rumah),216/01-06,1,pcs,-7.243816549999998,112.75964595
Kabel Drop,216/01 -> 216/01-06,9.29,m,,
Homepass (Titik Rumah),216/01-07,1,pcs,-7.24380155,112.75958754999999
Kabel Drop,216/01 -> 216/01-07,13.47,m,,
Homepass (Titik Rumah),216/01-08,1,pcs,-7.243835299999998,112.7597814
Kabel Drop,216/01 -> 216/01-08,19.52,m,,
ODP,216/02,1,pcs,-7.243922080302423,112.75978515944446
Kabel Distribusi,ODC 216 -> 216/02,20.94,m,,
Homepass (Titik Rumah),216/02-01,1,pcs,-7.24403927996049,112.7598659042815
Kabel Drop,216/02 -> 216/02-01,18.94,m,,
Homepass (Titik Rumah),216/02-02,1,pcs,-7.244068850000001,112.75992380000002
Kabel Drop,216/02 -> 216/02-02,26.84,m,,
Homepass (Titik Rumah),216/02-03,1,pcs,-7.243862479747765,112.75991500273042
Kabel Drop,216/02 -> 216/02-03,18.94,m,,
Homepass (Titik Rumah),216/02-04,1,pcs,-7.243834770340711,112.75984949665579
Kabel Drop,216/02 -> 216/02-04,14.43,m,,
Homepass (Titik Rumah),216/02-05,1,pcs,-7.243752504675716,112.75987192135179
Kabel Drop,216/02 -> 216/02-05,25.37,m,,
Homepass (Titik Rumah),216/02-06,1,pcs,-7.243730630251307,112.75994726544067
Kabel Drop,216/02 -> 216/02-06,33.36,m,,
Homepass (Titik Rumah),216/02-07,1,pcs,-7.243680850000002,112.75989385
Kabel Drop,216/02 -> 216/02-07,35.26,m,,
Homepass (Titik Rumah),216/02-08,1,pcs,-7.2436762,112.75919895
Kabel Drop,216/02 -> 216/02-08,84.25,m,,
ODP,216/03,1,pcs,-7.2440355041900375,112.75935748038225
Kabel Distribusi,ODC 216 -> 216/03,41.61,m,,
Homepass (Titik Rumah),216/03-01,1,pcs,-7.243939749999998,112.75926205
Kabel Drop,216/03 -> 216/03-01,17.97,m,,
Homepass (Titik Rumah),216/03-02,1,pcs,-7.244055950000002,112.75917205
Kabel Drop,216/03 -> 216/03-02,24.7,m,,
Homepass (Titik Rumah),216/03-03,1,pcs,-7.244086769927094,112.75927138911214
Kabel Drop,216/03 -> 216/03-03,13.29,m,,
Homepass (Titik Rumah),216/03-04,1,pcs,-7.243806499999999,112.75916395
Kabel Drop,216/03 -> 216/03-04,39.87,m,,
Homepass (Titik Rumah),216/03-05,1,pcs,-7.243893351943157,112.75908186939647
Kabel Drop,216/03 -> 216/03-05,41.12,m,,
Homepass (Titik Rumah),216/03-06,1,pcs,-7.244049750000001,112.75941805
Kabel Drop,216/03 -> 216/03-06,8.24,m,,
Homepass (Titik Rumah),216/03-07,1,pcs,-7.244154530122207,112.7592329634954
Kabel Drop,216/03 -> 216/03-07,22.89,m,,
Homepass (Titik Rumah),216/03-08,1,pcs,-7.2439689000000005,112.75904335
Kabel Drop,216/03 -> 216/03-08,42.52,m,,
ODP,216/04,1,pcs,-7.244254714641929,112.75959869268291
Kabel Distribusi,ODC 216 -> 216/04,49.75,m,,
Homepass (Titik Rumah),216/04-01,1,pcs,-7.244169599970104,112.75962002803358
Kabel Drop,216/04 -> 216/04-01,11.7,m,,
Homepass (Titik Rumah),216/04-02,1,pcs,-7.244151678629879,112.7595689187822
Kabel Drop,216/04 -> 216/04-02,14.3,m,,
Homepass (Titik Rumah),216/04-03,1,pcs,-7.244151849999999,112.75947765
Kabel Drop,216/04 -> 216/04-03,21.1,m,,
Homepass (Titik Rumah),216/04-04,1,pcs,-7.24400177011848,112.75967599687371
Kabel Drop,216/04 -> 216/04-04,35.27,m,,
Homepass (Titik Rumah),216/04-05,1,pcs,-7.24413348833776,112.75940997950944
Kabel Drop,216/04 -> 216/04-05,29.76,m,,
Homepass (Titik Rumah),216/04-06,1,pcs,-7.243991309855824,112.75975447445401
Kabel Drop,216/04 -> 216/04-06,40.75,m,,
Homepass (Titik Rumah),216/04-07,1,pcs,-7.244115886574821,112.75984042681833
Kabel Drop,216/04 -> 216/04-07,36.97,m,,
Homepass (Titik Rumah),216/04-08,1,pcs,-7.244023069388969,112.75980389734056
Kabel Drop,216/04 -> 216/04-08,41.15,m,,
ODC,ODC 217,1,pcs,-7.243431633299435,112.75952656447524
Join Closure,JOIN CLOSURE ODC 217,1,pcs,-7.243431633299435,112.75952656447524
ODP,217/01,1,pcs,-7.243020432603354,112.7593688414314
Kabel Distribusi,ODC 217 -> 217/01,58.71,m,,
Homepass (Titik Rumah),217/01-01,1,pcs,-7.243088549999999,112.75943055
Kabel Drop,217/01 -> 217/01-01,12.22,m,,
Homepass (Titik Rumah),217/01-02,1,pcs,-7.243085976733405,112.75961636504782
Kabel Drop,217/01 -> 217/01-02,33.91,m,,
Homepass (Titik Rumah),217/01-03,1,pcs,-7.243185926801647,112.75926935533793
Kabel Drop,217/01 -> 217/01-03,25.71,m,,
Homepass (Titik Rumah),217/01-04,1,pcs,-7.24316802703723,112.75916541566873
Kabel Drop,217/01 -> 217/01-04,33.36,m,,
Homepass (Titik Rumah),217/01-05,1,pcs,-7.2432264,112.75913469999999
Kabel Drop,217/01 -> 217/01-05,41.42,m,,
Homepass (Titik Rumah),217/01-06,1,pcs,-7.243300954510518,112.75971401983735
Kabel Drop,217/01 -> 217/01-06,59.07,m,,
Homepass (Titik Rumah),217/01-07,1,pcs,-7.2433030000000045,112.75977119999999
Kabel Drop,217/01 -> 217/01-07,65.25,m,,
Homepass (Titik Rumah),217/01-08,1,pcs,-7.2431315,112.759846
Kabel Drop,217/01 -> 217/01-08,64.88,m,,
ODP,217/02,1,pcs,-7.242991619530065,112.7587573251337
Kabel Distribusi,ODC 217 -> 217/02,117.54,m,,
Homepass (Titik Rumah),217/02-01,1,pcs,-7.242917345336435,112.75883237766324
Kabel Drop,217/02 -> 217/02-01,14.03,m,,
Homepass (Titik Rumah),217/02-02,1,pcs,-7.24287415,112.7588801
Kabel Drop,217/02 -> 217/02-02,22.58,m,,
Homepass (Titik Rumah),217/02-03,1,pcs,-7.242870700000001,112.75873380000002
Kabel Drop,217/02 -> 217/02-03,16.43,m,,
Homepass (Titik Rumah),217/02-04,1,pcs,-7.24280415,112.75889900000001
Kabel Drop,217/02 -> 217/02-04,31.26,m,,
Homepass (Titik Rumah),217/02-05,1,pcs,-7.242999499999999,112.75868159999999
Kabel Drop,217/02 -> 217/02-05,10.08,m,,
Homepass (Titik Rumah),217/02-06,1,pcs,-7.242737447178176,112.75890402912006
Kabel Drop,217/02 -> 217/02-06,39.08,m,,
Homepass (Titik Rumah),217/02-07,1,pcs,-7.242875200000002,112.75861825000001
Kabel Drop,217/02 -> 217/02-07,24.09,m,,
Homepass (Titik Rumah),217/02-08,1,pcs,-7.2426997319279485,112.75872682034836
Kabel Drop,217/02 -> 217/02-08,39.16,m,,
ODP,217/03,1,pcs,-7.2434706387299235,112.75980967465817
Kabel Distribusi,ODC 217 -> 217/03,37.83,m,,
Homepass (Titik Rumah),217/03-01,1,pcs,-7.243342650000002,112.7598363
Kabel Drop,217/03 -> 217/03-01,17.44,m,,
Homepass (Titik Rumah),217/03-02,1,pcs,-7.2433983500000005,112.75990885
Kabel Drop,217/03 -> 217/03-02,16.29,m,,
Homepass (Titik Rumah),217/03-03,1,pcs,-7.243251099999999,112.75990055
Kabel Drop,217/03 -> 217/03-03,31.67,m,,
Homepass (Titik Rumah),217/03-04,1,pcs,-7.243563918676216,112.7597827990884
Kabel Drop,217/03 -> 217/03-04,12.95,m,,
Homepass (Titik Rumah),217/03-05,1,pcs,-7.243572200000001,112.75986255000002
Kabel Drop,217/03 -> 217/03-05,15.25,m,,
Homepass (Titik Rumah),217/03-06,1,pcs,-7.243554084321918,112.75970682859345
Kabel Drop,217/03 -> 217/03-06,17.59,m,,
Homepass (Titik Rumah),217/03-07,1,pcs,-7.243572813079762,112.75963682270435
Kabel Drop,217/03 -> 217/03-07,26.63,m,,
Homepass (Titik Rumah),217/03-08,1,pcs,-7.243665600000002,112.75982125
Kabel Drop,217/03 -> 217/03-08,26.06,m,,
ODP,217/04,1,pcs,-7.243830725328259,112.75942397946766
Kabel Distribusi,ODC 217 -> 217/04,54.96,m,,
Homepass (Titik Rumah),217/04-01,1,pcs,-7.243762950000001,112.75951110000001
Kabel Drop,217/04 -> 217/04-01,14.66,m,,
Homepass (Titik Rumah),217/04-02,1,pcs,-7.243928009165784,112.75946652517167
Kabel Drop,217/04 -> 217/04-02,14.15,m,,
Homepass (Titik Rumah),217/04-03,1,pcs,-7.24365295,112.7593581
Kabel Drop,217/04 -> 217/04-03,25.27,m,,
Homepass (Titik Rumah),217/04-04,1,pcs,-7.243730250000001,112.75932489999998
Kabel Drop,217/04 -> 217/04-04,18.75,m,,
Homepass (Titik Rumah),217/04-05,1,pcs,-7.2439627,112.7595367
Kabel Drop,217/04 -> 217/04-05,23.08,m,,
Homepass (Titik Rumah),217/04-06,1,pcs,-7.243794733554639,112.75929557391473
Kabel Drop,217/04 -> 217/04-06,17.66,m,,
Homepass (Titik Rumah),217/04-07,1,pcs,-7.243973199999995,112.75961980000001
Kabel Drop,217/04 -> 217/04-07,32.14,m,,
Homepass (Titik Rumah),217/04-08,1,pcs,-7.243857818851908,112.75927488508798
Kabel Drop,217/04 -> 217/04-08,20.06,m,,
ODC,ODC 218,1,pcs,-7.243381572219962,112.75916747043716
Join Closure,JOIN CLOSURE ODC 218,1,pcs,-7.243381572219962,112.75916747043716
ODP,218/01,1,pcs,-7.243449518469571,112.75903251815522
Kabel Distribusi,ODC 218 -> 218/01,20.03,m,,
Homepass (Titik Rumah),218/01-01,1,pcs,-7.243507499999999,112.75890875
Kabel Drop,218/01 -> 218/01-01,18.12,m,,
Homepass (Titik Rumah),218/01-02,1,pcs,-7.243612250000001,112.75911815
Kabel Drop,218/01 -> 218/01-02,24.49,m,,
Homepass (Titik Rumah),218/01-03,1,pcs,-7.243435999999998,112.7591422
Kabel Drop,218/01 -> 218/01-03,14.63,m,,
Homepass (Titik Rumah),218/01-04,1,pcs,-7.243302790629974,112.7591021691556
Kabel Drop,218/01 -> 218/01-04,21.64,m,,
Homepass (Titik Rumah),218/01-05,1,pcs,-7.243532256551957,112.75921405268126
Kabel Drop,218/01 -> 218/01-05,26.44,m,,
Homepass (Titik Rumah),218/01-06,1,pcs,-7.243201803050264,112.75887892137436
Kabel Drop,218/01 -> 218/01-06,38.81,m,,
Homepass (Titik Rumah),218/01-07,1,pcs,-7.243304623292064,112.7591513925702
Kabel Drop,218/01 -> 218/01-07,24.93,m,,
Homepass (Titik Rumah),218/01-08,1,pcs,-7.243778971352258,112.75907408864576
Kabel Drop,218/01 -> 218/01-08,44.3,m,,
ODP,218/02,1,pcs,-7.2434032995607875,112.75932332297003
Kabel Distribusi,ODC 218 -> 218/02,20.83,m,,
Homepass (Titik Rumah),218/02-01,1,pcs,-7.243422868064304,112.7592735634346
Kabel Drop,218/02 -> 218/02-01,7.09,m,,
Homepass (Titik Rumah),218/02-02,1,pcs,-7.2434677,112.75933605
Kabel Drop,218/02 -> 218/02-02,8.76,m,,
Homepass (Titik Rumah),218/02-03,1,pcs,-7.243300216938456,112.75925882297852
Kabel Drop,218/02 -> 218/02-03,16.19,m,,
Homepass (Titik Rumah),218/02-04,1,pcs,-7.243306499999998,112.75932505
Kabel Drop,218/02 -> 218/02-04,12.92,m,,
Homepass (Titik Rumah),218/02-05,1,pcs,-7.243279822777515,112.75920492730215
Kabel Drop,218/02 -> 218/02-05,22.74,m,,
Homepass (Titik Rumah),218/02-06,1,pcs,-7.243511729872434,112.75940715457996
Kabel Drop,218/02 -> 218/02-06,18.23,m,,
Homepass (Titik Rumah),218/02-07,1,pcs,-7.243303814169738,112.75941003226457
Kabel Drop,218/02 -> 218/02-07,17.55,m,,
Homepass (Titik Rumah),218/02-08,1,pcs,-7.2435923788077226,112.75937674999842
Kabel Drop,218/02 -> 218/02-08,26.2,m,,
ODP,218/03,1,pcs,-7.24342454981777,112.75947575332964
Kabel Distribusi,ODC 218 -> 218/03,41.21,m,,
Homepass (Titik Rumah),218/03-01,1,pcs,-7.2433539499999995,112.7594717
Kabel Drop,218/03 -> 218/03-01,9.44,m,,
Homepass (Titik Rumah),218/03-02,1,pcs,-7.243277500000001,112.75948050000001
Kabel Drop,218/03 -> 218/03-02,19.63,m,,
Homepass (Titik Rumah),218/03-03,1,pcs,-7.243300328944442,112.75953480229222
Kabel Drop,218/03 -> 218/03-03,18.33,m,,
Homepass (Titik Rumah),218/03-04,1,pcs,-7.243309449999999,112.7596145
Kabel Drop,218/03 -> 218/03-04,23.94,m,,
Homepass (Titik Rumah),218/03-05,1,pcs,-7.24319185,112.7594887
Kabel Drop,218/03 -> 218/03-05,31.1,m,,
Homepass (Titik Rumah),218/03-06,1,pcs,-7.2431931,112.75943154999997
Kabel Drop,218/03 -> 218/03-06,31.43,m,,
Homepass (Titik Rumah),218/03-07,1,pcs,-7.243195999999999,112.75934165000001
Kabel Drop,218/03 -> 218/03-07,35.29,m,,
Homepass (Titik Rumah),218/03-08,1,pcs,-7.243199009002158,112.75963434191777
Kabel Drop,218/03 -> 218/03-08,36.69,m,,
ODP,218/04,1,pcs,-7.243017549713229,112.75887054267908
Kabel Distribusi,ODC 218 -> 218/04,62.48,m,,
Homepass (Titik Rumah),218/04-01,1,pcs,-7.243120571724136,112.75890243241648
Kabel Drop,218/04 -> 218/04-01,14.38,m,,
Homepass (Titik Rumah),218/04-02,1,pcs,-7.2430528336605775,112.75888566670766
Kabel Drop,218/04 -> 218/04-02,5.12,m,,
Homepass (Titik Rumah),218/04-03,1,pcs,-7.242983649999999,112.75892690000002
Kabel Drop,218/04 -> 218/04-03,8.72,m,,
Homepass (Titik Rumah),218/04-04,1,pcs,-7.2429919499999995,112.75898374999998
Kabel Drop,218/04 -> 218/04-04,15.37,m,,
Homepass (Titik Rumah),218/04-05,1,pcs,-7.242973504925837,112.7588427218827
Kabel Drop,218/04 -> 218/04-05,6.94,m,,
Homepass (Titik Rumah),218/04-06,1,pcs,-7.243023774877805,112.7587660584043
Kabel Drop,218/04 -> 218/04-06,13.86,m,,
Homepass (Titik Rumah),218/04-07,1,pcs,-7.243098349999999,112.75873444999999
Kabel Drop,218/04 -> 218/04-07,20.99,m,,
Homepass (Titik Rumah),218/04-08,1,pcs,-7.2429299019952715,112.75891382072037
Kabel Drop,218/04 -> 218/04-08,13.02,m,,
Kabel Feeder,Stasiun Surabaya Kota -> ODC-001,535.92,m,,
Kabel Feeder,ODC-001 -> ODC-002,3182.97,m,,
Kabel Feeder,ODC-002 -> ODC-003,7364.69,m,,
Kabel Feeder,ODC-003 -> ODC-004,4700.08,m,,
Kabel Feeder,ODC-004 -> ODC-005,347.75,m,,
Kabel Feeder,ODC-005 -> ODC-006,405.31,m,,
Kabel Feeder,ODC-006 -> ODC-007,151.79,m,,
Kabel Feeder,ODC-007 -> ODC-008,323.13,m,,
Kabel Feeder,ODC-008 -> ODC-009,487.52,m,,
Kabel Feeder,ODC-009 -> ODC-010,478.39,m,,
Kabel Feeder,ODC-010 -> ODC-011,598.38,m,,
Kabel Feeder,ODC-011 -> ODC-012,206.49,m,,
Kabel Feeder,ODC-012 -> ODC-013,153.72,m,,
Kabel Feeder,ODC-013 -> ODC-014,251.91,m,,
Kabel Feeder,ODC-014 -> ODC-015,54.96,m,,
Kabel Feeder,ODC-015 -> ODC-016,85.64,m,,
Kabel Feeder,ODC-016 -> ODC-017,85.92,m,,
Kabel Feeder,ODC-017 -> ODC-018,166.72,m,,
Kabel Feeder,ODC-018 -> ODC-019,1837.5,m,,
Kabel Feeder,ODC-019 -> ODC-020,1877.63,m,,
Kabel Feeder,ODC-020 -> ODC-021,40.38,m,,
Kabel Feeder,ODC-021 -> ODC-022,346.29,m,,
Kabel Feeder,ODC-022 -> ODC-023,345.8,m,,
Kabel Feeder,ODC-023 -> ODC-024,217.68,m,,
Kabel Feeder,ODC-024 -> ODC-025,138.27,m,,
Kabel Feeder,ODC-025 -> ODC-026,141.72,m,,
Kabel Feeder,ODC-026 -> ODC-027,186.15,m,,
Kabel Feeder,ODC-027 -> ODC-028,307.91,m,,
Kabel Feeder,ODC-028 -> ODC-029,477.48,m,,
Kabel Feeder,ODC-029 -> ODC-030,132.78,m,,
Kabel Feeder,ODC-030 -> ODC-031,106.24,m,,
Kabel Feeder,ODC-031 -> ODC-032,124.84,m,,
Kabel Feeder,ODC-032 -> ODC-033,110.5,m,,
Kabel Feeder,ODC-033 -> ODC-034,126.45,m,,
Kabel Feeder,ODC-034 -> ODC-035,250.37,m,,
Kabel Feeder,ODC-035 -> ODC-036,146.49,m,,
Kabel Feeder,ODC-036 -> ODC-037,189.58,m,,
Kabel Feeder,ODC-037 -> ODC-038,153.82,m,,
Kabel Feeder,ODC-038 -> ODC-039,115.67,m,,
Kabel Feeder,ODC-039 -> ODC-040,400.34,m,,
Kabel Feeder,ODC-040 -> ODC-041,215.31,m,,
Kabel Feeder,ODC-041 -> ODC-042,318.63,m,,
Kabel Feeder,ODC-042 -> ODC-043,228.25,m,,
Kabel Feeder,ODC-043 -> ODC-044,276.42,m,,
Kabel Feeder,ODC-044 -> ODC-045,103.82,m,,
Kabel Feeder,ODC-045 -> ODC-046,106.06,m,,
Kabel Feeder,ODC-046 -> ODC-047,93.48,m,,
Kabel Feeder,ODC-047 -> ODC-048,568.01,m,,
Kabel Feeder,ODC-048 -> ODC-049,538.0,m,,
Kabel Feeder,ODC-049 -> ODC-050,265.58,m,,
Kabel Feeder,ODC-050 -> ODC-051,76.27,m,,
Kabel Feeder,ODC-051 -> ODC-052,119.71,m,,
Kabel Feeder,ODC-052 -> ODC-053,239.61,m,,
Kabel Feeder,ODC-053 -> ODC-054,555.86,m,,
Kabel Feeder,ODC-054 -> ODC-055,1815.68,m,,
Kabel Feeder,ODC-055 -> ODC-056,1423.16,m,,
Kabel Feeder,ODC-056 -> ODC-057,492.51,m,,
Kabel Feeder,ODC-057 -> ODC-058,92.65,m,,
Kabel Feeder,ODC-058 -> ODC-059,128.92,m,,
Kabel Feeder,ODC-059 -> ODC-060,278.63,m,,
Kabel Feeder,ODC-060 -> ODC-061,268.78,m,,
Kabel Feeder,ODC-061 -> ODC-062,3860.05,m,,
Kabel Feeder,ODC-062 -> ODC-063,3488.17,m,,
Kabel Feeder,ODC-063 -> ODC-064,4717.2,m,,
Kabel Feeder,ODC-064 -> ODC-065,4613.94,m,,
Kabel Feeder,ODC-065 -> ODC-066,5320.65,m,,
Kabel Feeder,ODC-066 -> ODC-067,50.52,m,,
Kabel Feeder,ODC-067 -> ODC-068,5146.74,m,,
Kabel Feeder,ODC-068 -> ODC-069,148.87,m,,
Kabel Feeder,ODC-069 -> ODC-070,49.54,m,,
Kabel Feeder,ODC-070 -> ODC-071,42.03,m,,
Kabel Feeder,ODC-071 -> ODC-072,372.63,m,,
Kabel Feeder,ODC-072 -> ODC-073,5322.95,m,,
Kabel Feeder,ODC-073 -> ODC-074,5406.49,m,,
Kabel Feeder,ODC-074 -> ODC-075,440.14,m,,
Kabel Feeder,ODC-075 -> ODC-076,5215.09,m,,
Kabel Feeder,ODC-076 -> ODC-077,5629.91,m,,
Kabel Feeder,ODC-077 -> ODC-078,5759.38,m,,
Kabel Feeder,ODC-078 -> ODC-079,5537.38,m,,
Kabel Feeder,ODC-079 -> ODC-080,90.56,m,,
Kabel Feeder,ODC-080 -> ODC-081,3514.5,m,,
Kabel Feeder,ODC-081 -> ODC-082,3456.14,m,,
Kabel Feeder,ODC-082 -> ODC-083,246.83,m,,
Kabel Feeder,ODC-083 -> ODC-084,3347.84,m,,
Kabel Feeder,ODC-084 -> ODC-085,2989.37,m,,
Kabel Feeder,ODC-085 -> ODC-086,99.96,m,,
Kabel Feeder,ODC-086 -> ODC-087,2946.15,m,,
Kabel Feeder,ODC-087 -> ODC-088,2849.99,m,,
Kabel Feeder,ODC-088 -> ODC-089,62.37,m,,
Kabel Feeder,ODC-089 -> ODC-090,2163.52,m,,
Kabel Feeder,ODC-090 -> ODC-091,2018.28,m,,
Kabel Feeder,ODC-091 -> ODC-092,78.91,m,,
Kabel Feeder,ODC-092 -> ODC-093,121.17,m,,
Kabel Feeder,ODC-093 -> ODC-094,189.79,m,,
Kabel Feeder,ODC-094 -> ODC-095,183.35,m,,
Kabel Feeder,ODC-095 -> ODC-096,122.32,m,,
Kabel Feeder,ODC-096 -> ODC-097,206.98,m,,
Kabel Feeder,ODC-097 -> ODC-098,385.08,m,,
Kabel Feeder,ODC-098 -> ODC-099,462.47,m,,
Kabel Feeder,ODC-099 -> ODC-100,3415.97,m,,
Kabel Feeder,ODC-100 -> ODC-101,7749.94,m,,
Kabel Feeder,ODC-101 -> ODC-102,4404.77,m,,
Kabel Feeder,ODC-102 -> ODC-103,272.57,m,,
Kabel Feeder,ODC-103 -> ODC-104,143.7,m,,
Kabel Feeder,ODC-104 -> ODC-105,143.55,m,,
Kabel Feeder,ODC-105 -> ODC-106,3357.91,m,,
Kabel Feeder,ODC-106 -> ODC-107,3372.65,m,,
Kabel Feeder,ODC-107 -> ODC-108,182.57,m,,
Kabel Feeder,ODC-108 -> ODC-109,192.65,m,,
Kabel Feeder,ODC-109 -> ODC-110,78.85,m,,
Kabel Feeder,ODC-110 -> ODC-111,40.0,m,,
Kabel Feeder,ODC-111 -> ODC-112,145.42,m,,
Kabel Feeder,ODC-112 -> ODC-113,148.32,m,,
Kabel Feeder,ODC-113 -> ODC-114,180.64,m,,
Kabel Feeder,ODC-114 -> ODC-115,327.95,m,,
Kabel Feeder,ODC-115 -> ODC-116,608.1,m,,
Kabel Feeder,ODC-116 -> ODC-117,134.18,m,,
Kabel Feeder,ODC-117 -> ODC-118,331.47,m,,
Kabel Feeder,ODC-118 -> ODC-119,286.62,m,,
Kabel Feeder,ODC-119 -> ODC-120,51.82,m,,
Kabel Feeder,ODC-120 -> ODC-121,186.05,m,,
Kabel Feeder,ODC-121 -> ODC-122,178.05,m,,
Kabel Feeder,ODC-122 -> ODC-123,180.12,m,,
Kabel Feeder,ODC-123 -> ODC-124,153.07,m,,
Kabel Feeder,ODC-124 -> ODC-125,267.52,m,,
Kabel Feeder,ODC-125 -> ODC-126,340.17,m,,
Kabel Feeder,ODC-126 -> ODC-127,90.82,m,,
Kabel Feeder,ODC-127 -> ODC-128,151.18,m,,
Kabel Feeder,ODC-128 -> ODC-129,2875.05,m,,
Kabel Feeder,ODC-129 -> ODC-130,2581.14,m,,
Kabel Feeder,ODC-130 -> ODC-131,66.59,m,,
Kabel Feeder,ODC-131 -> ODC-132,194.34,m,,
Kabel Feeder,ODC-132 -> ODC-133,241.92,m,,
Kabel Feeder,ODC-133 -> ODC-134,286.05,m,,
Kabel Feeder,ODC-134 -> ODC-135,245.08,m,,
Kabel Feeder,ODC-135 -> ODC-136,63.67,m,,
Kabel Feeder,ODC-136 -> ODC-137,188.6,m,,
Kabel Feeder,ODC-137 -> ODC-138,160.54,m,,
Kabel Feeder,ODC-138 -> ODC-139,98.41,m,,
Kabel Feeder,ODC-139 -> ODC-140,74.03,m,,
Kabel Feeder,ODC-140 -> ODC-141,1038.4,m,,
Kabel Feeder,ODC-141 -> ODC-142,41.65,m,,
Kabel Feeder,ODC-142 -> ODC-143,1210.87,m,,
Kabel Feeder,ODC-143 -> ODC-144,119.56,m,,
Kabel Feeder,ODC-144 -> ODC-145,175.01,m,,
Kabel Feeder,ODC-145 -> ODC-146,151.16,m,,
Kabel Feeder,ODC-146 -> ODC-147,171.06,m,,
Kabel Feeder,ODC-147 -> ODC-148,243.84,m,,
Kabel Feeder,ODC-148 -> ODC-149,50.36,m,,
Kabel Feeder,ODC-149 -> ODC-150,54.78,m,,
Kabel Feeder,ODC-150 -> ODC-151,207.11,m,,
Kabel Feeder,ODC-151 -> ODC-152,1337.45,m,,
Kabel Feeder,ODC-152 -> ODC-153,1423.35,m,,
Kabel Feeder,ODC-153 -> ODC-154,228.89,m,,
Kabel Feeder,ODC-154 -> ODC-155,53.45,m,,
Kabel Feeder,ODC-155 -> ODC-156,247.22,m,,
Kabel Feeder,ODC-156 -> ODC-157,495.27,m,,
Kabel Feeder,ODC-157 -> ODC-158,187.28,m,,
Kabel Feeder,ODC-158 -> ODC-159,79.29,m,,
Kabel Feeder,ODC-159 -> ODC-160,74.52,m,,
Kabel Feeder,ODC-160 -> ODC-161,170.62,m,,
Kabel Feeder,ODC-161 -> ODC-162,919.55,m,,
Kabel Feeder,ODC-162 -> ODC-163,787.07,m,,
Kabel Feeder,ODC-163 -> ODC-164,990.68,m,,
Kabel Feeder,ODC-164 -> ODC-165,40.71,m,,
Kabel Feeder,ODC-165 -> ODC-166,40.06,m,,
Kabel Feeder,ODC-166 -> ODC-167,110.25,m,,
Kabel Feeder,ODC-167 -> ODC-168,212.75,m,,
Kabel Feeder,ODC-168 -> ODC-169,128.06,m,,
Kabel Feeder,ODC-169 -> ODC-170,135.67,m,,
Kabel Feeder,ODC-170 -> ODC-171,139.48,m,,
Kabel Feeder,ODC-171 -> ODC-172,149.75,m,,
Kabel Feeder,ODC-172 -> ODC-173,168.59,m,,
Kabel Feeder,ODC-173 -> ODC-174,62.01,m,,
Kabel Feeder,ODC-174 -> ODC-175,47.28,m,,
Kabel Feeder,ODC-175 -> ODC-176,140.6,m,,
Kabel Feeder,ODC-176 -> ODC-177,138.24,m,,
Kabel Feeder,ODC-177 -> ODC-178,57.3,m,,
Kabel Feeder,ODC-178 -> ODC-179,94.48,m,,
Kabel Feeder,ODC-179 -> ODC-180,2730.33,m,,
Kabel Feeder,ODC-180 -> ODC-181,2563.25,m,,
Kabel Feeder,ODC-181 -> ODC-182,90.35,m,,
Kabel Feeder,ODC-182 -> ODC-183,2454.1,m,,
Kabel Feeder,ODC-183 -> ODC-184,1916.95,m,,
Kabel Feeder,ODC-184 -> ODC-185,96.02,m,,
Kabel Feeder,ODC-185 -> ODC-186,44.35,m,,
Kabel Feeder,ODC-186 -> ODC-187,91.17,m,,
Kabel Feeder,ODC-187 -> ODC-188,113.46,m,,
Kabel Feeder,ODC-188 -> ODC-189,293.39,m,,
Kabel Feeder,ODC-189 -> ODC-190,331.48,m,,
Kabel Feeder,ODC-190 -> ODC-191,50.0,m,,
Kabel Feeder,ODC-191 -> ODC-192,77.8,m,,
Kabel Feeder,ODC-192 -> ODC-193,84.27,m,,
Kabel Feeder,ODC-193 -> ODC-194,231.4,m,,
Kabel Feeder,ODC-194 -> ODC-195,93.22,m,,
Kabel Feeder,ODC-195 -> ODC-196,167.71,m,,
Kabel Feeder,ODC-196 -> ODC-197,80.6,m,,
Kabel Feeder,ODC-197 -> ODC-198,86.78,m,,
Kabel Feeder,ODC-198 -> ODC-199,185.48,m,,
Kabel Feeder,ODC-199 -> ODC-200,229.74,m,,
Kabel Feeder,ODC-200 -> ODC-201,56.28,m,,
Kabel Feeder,ODC-201 -> ODC-202,378.96,m,,
Kabel Feeder,ODC-202 -> ODC-203,1045.96,m,,
Kabel Feeder,ODC-203 -> ODC-204,928.25,m,,
Kabel Feeder,ODC-204 -> ODC-205,213.15,m,,
Kabel Feeder,ODC-205 -> ODC-206,192.93,m,,
Kabel Feeder,ODC-206 -> ODC-207,50.57,m,,
Kabel Feeder,ODC-207 -> ODC-208,112.8,m,,
Kabel Feeder,ODC-208 -> ODC-209,160.43,m,,
Kabel Feeder,ODC-209 -> ODC-210,143.79,m,,
Kabel Feeder,ODC-210 -> ODC-211,40.0,m,,
Kabel Feeder,ODC-211 -> ODC-212,95.22,m,,
Kabel Feeder,ODC-212 -> ODC-213,107.35,m,,
Kabel Feeder,ODC-213 -> ODC-214,67.57,m,,
Kabel Feeder,ODC-214 -> ODC-215,148.75,m,,
Kabel Feeder,ODC-215 -> ODC-216,101.02,m,,
Kabel Feeder,ODC-216 -> ODC-217,71.59,m,,
Kabel Feeder,ODC-217 -> ODC-218,40.0,m,,
